x-axis,1,2
second,Volt,Volt
+260.80000E-06,,
+260.82000E-06,-2.91425871849E+00,-38.63064013E-03
+260.84000E-06,-2.91425871849E+00,-38.63064013E-03
+260.86000E-06,-2.71325369179E+00,-38.63064013E-03
+260.88000E-06,-2.71325369179E+00,-38.63064013E-03
+260.90000E-06,-2.91425871849E+00,-38.63064013E-03
+260.92000E-06,-2.81375620515E+00,-38.63064013E-03
+260.94000E-06,-2.91425871849E+00,-38.63064013E-03
+260.96000E-06,-2.71325369179E+00,-38.63064013E-03
+260.98000E-06,-2.71325369179E+00,-38.63064013E-03
+261.00000E-06,-2.71325369179E+00,-38.63064013E-03
+261.02000E-06,-2.81375620512E+00,-38.63064013E-03
+261.04000E-06,-2.91425871849E+00,-28.58038898E-03
+261.06000E-06,-2.91425871849E+00,-48.68089128E-03
+261.08000E-06,-2.81375620517E+00,-38.63064013E-03
+261.10000E-06,-2.91425871849E+00,-28.58038898E-03
+261.12000E-06,-2.71325369179E+00,-38.63064013E-03
+261.14000E-06,-2.91425871849E+00,-28.58038899E-03
+261.16000E-06,-2.91425871849E+00,-38.63064013E-03
+261.18000E-06,-2.91425871849E+00,-38.63064013E-03
+261.20000E-06,-2.71325369179E+00,-48.68089129E-03
+261.22000E-06,-2.91425871849E+00,-58.73114243E-03
+261.24000E-06,-2.91425871849E+00,-38.63064013E-03
+261.26000E-06,-2.81375620510E+00,-38.63064013E-03
+261.28000E-06,-2.71325369179E+00,-8.47988669E-03
+261.30000E-06,-2.71325369179E+00,-18.53013784E-03
+261.32000E-06,-2.81375620519E+00,-38.63064013E-03
+261.34000E-06,-2.91425871849E+00,-38.63064013E-03
+261.36000E-06,-2.91425871849E+00,-38.63064013E-03
+261.38000E-06,-2.81375620509E+00,-38.63064013E-03
+261.40000E-06,-2.91425871849E+00,-38.63064013E-03
+261.42000E-06,-2.91425871849E+00,-58.73114243E-03
+261.44000E-06,-2.91425871849E+00,-18.53013784E-03
+261.46000E-06,-2.81375620508E+00,-38.63064013E-03
+261.48000E-06,-2.71325369179E+00,-38.63064013E-03
+261.50000E-06,-2.91425871849E+00,-58.73114243E-03
+261.52000E-06,-2.91425871849E+00,-48.68089128E-03
+261.54000E-06,-2.71325369179E+00,-38.63064013E-03
+261.56000E-06,-2.91425871849E+00,-38.63064013E-03
+261.58000E-06,-2.91425871849E+00,-38.63064013E-03
+261.60000E-06,-2.81375620506E+00,-28.58038898E-03
+261.62000E-06,-2.71325369179E+00,-8.47988668E-03
+261.64000E-06,-2.71325369179E+00,-8.47988670E-03
+261.66000E-06,-2.71325369179E+00,-38.63064013E-03
+261.68000E-06,-2.91425871849E+00,-48.68089129E-03
+261.70000E-06,-2.91425871849E+00,-38.63064013E-03
+261.72000E-06,-2.71325369179E+00,-38.63064013E-03
+261.74000E-06,-2.91425871849E+00,-48.68089127E-03
+261.76000E-06,-2.71325369179E+00,-38.63064013E-03
+261.78000E-06,-2.91425871849E+00,-38.63064013E-03
+261.80000E-06,-2.71325369179E+00,-38.63064013E-03
+261.82000E-06,-2.91425871849E+00,-48.68089129E-03
+261.84000E-06,-2.91425871849E+00,-58.73114243E-03
+261.86000E-06,-2.81375620525E+00,-38.63064013E-03
+261.88000E-06,-2.91425871849E+00,-38.63064013E-03
+261.90000E-06,-2.91425871849E+00,-38.63064013E-03
+261.92000E-06,-2.71325369179E+00,-58.73114243E-03
+261.94000E-06,-2.91425871849E+00,-58.73114243E-03
+261.96000E-06,-2.71325369179E+00,-38.63064013E-03
+261.98000E-06,-2.91425871849E+00,-38.63064013E-03
+262.00000E-06,-2.71325369179E+00,-38.63064013E-03
+262.02000E-06,-2.71325369179E+00,-48.68089130E-03
+262.04000E-06,-2.71325369179E+00,-58.73114243E-03
+262.06000E-06,-2.91425871849E+00,-38.63064013E-03
+262.08000E-06,-2.91425871849E+00,-38.63064013E-03
+262.10000E-06,-2.71325369179E+00,-58.73114243E-03
+262.12000E-06,-2.91425871849E+00,-48.68089130E-03
+262.14000E-06,-2.91425871849E+00,-38.63064013E-03
+262.16000E-06,-2.91425871849E+00,-38.63064013E-03
+262.18000E-06,-2.91425871849E+00,-28.58038897E-03
+262.20000E-06,-2.91425871849E+00,-38.63064013E-03
+262.22000E-06,-2.71325369179E+00,-38.63064013E-03
+262.24000E-06,-2.91425871849E+00,-38.63064013E-03
+262.26000E-06,-2.91425871849E+00,-38.63064013E-03
+262.28000E-06,-2.91425871849E+00,-38.63064013E-03
+262.30000E-06,-2.91425871849E+00,-48.68089127E-03
+262.32000E-06,-2.91425871849E+00,-48.68089127E-03
+262.34000E-06,-2.81375620499E+00,-38.63064013E-03
+262.36000E-06,-2.71325369179E+00,-28.58038900E-03
+262.38000E-06,-2.91425871849E+00,-28.58038897E-03
+262.40000E-06,-2.91425871849E+00,-18.53013784E-03
+262.42000E-06,-2.81375620531E+00,-18.53013784E-03
+262.44000E-06,-2.71325369179E+00,+1.57036446E-03
+262.46000E-06,-2.71325369179E+00,-78.83164473E-03
+262.48000E-06,-2.81375620531E+00,-119.03264932E-03
+262.50000E-06,-2.81375620497E+00,-58.73114243E-03
+262.52000E-06,-2.91425871849E+00,-8.47988671E-03
+262.54000E-06,-2.91425871849E+00,+11.62061559E-03
+262.56000E-06,-2.81375620532E+00,-18.53013784E-03
+262.58000E-06,-2.71325369179E+00,-58.73114243E-03
+262.60000E-06,-2.71325369179E+00,-98.93214703E-03
+262.62000E-06,-2.91425871849E+00,-78.83164473E-03
+262.64000E-06,-2.91425871849E+00,+1.57036446E-03
+262.66000E-06,-2.91425871849E+00,+31.72111793E-03
+262.68000E-06,-2.91425871849E+00,+1.57036446E-03
+262.70000E-06,-2.81375620534E+00,-58.73114243E-03
+262.72000E-06,-2.71325369179E+00,-78.83164473E-03
+262.74000E-06,-2.91425871849E+00,-58.73114243E-03
+262.76000E-06,-2.91425871849E+00,-38.63064013E-03
+262.78000E-06,-2.91425871849E+00,-38.63064013E-03
+262.80000E-06,-2.91425871849E+00,-38.63064013E-03
+262.82000E-06,-2.81375620494E+00,-48.68089126E-03
+262.84000E-06,-2.91425871849E+00,-58.73114243E-03
+262.86000E-06,-2.91425871849E+00,-58.73114243E-03
+262.88000E-06,-2.71325369179E+00,-38.63064013E-03
+262.90000E-06,-2.91425871849E+00,-18.53013784E-03
+262.92000E-06,-2.91425871849E+00,-8.47988667E-03
+262.94000E-06,-2.71325369179E+00,-18.53013784E-03
+262.96000E-06,-2.81375620536E+00,-48.68089130E-03
+262.98000E-06,-2.71325369179E+00,-58.73114243E-03
+263.00000E-06,-2.81375620537E+00,-18.53013784E-03
+263.02000E-06,-2.91425871849E+00,-18.53013784E-03
+263.04000E-06,-2.91425871849E+00,-18.53013784E-03
+263.06000E-06,-2.71325369179E+00,-78.83164473E-03
+263.08000E-06,-2.71325369179E+00,-78.83164473E-03
+263.10000E-06,-2.91425871849E+00,-38.63064013E-03
+263.12000E-06,-2.81375620538E+00,+21.67086676E-03
+263.14000E-06,-2.91425871849E+00,+21.67086676E-03
+263.16000E-06,-2.71325369179E+00,-18.53013784E-03
+263.18000E-06,-2.71325369179E+00,-78.83164473E-03
+263.20000E-06,-2.91425871849E+00,-78.83164473E-03
+263.22000E-06,-2.91425871849E+00,-38.63064013E-03
+263.24000E-06,-2.91425871849E+00,+1.57036446E-03
+263.26000E-06,-2.71325369179E+00,-18.53013784E-03
+263.28000E-06,-2.91425871849E+00,-78.83164473E-03
+263.30000E-06,-2.71325369179E+00,-119.03264932E-03
+263.32000E-06,-2.91425871849E+00,-98.93214703E-03
+263.34000E-06,-2.91425871849E+00,-18.53013784E-03
+263.36000E-06,-2.91425871849E+00,+41.77136905E-03
+263.38000E-06,-2.91425871849E+00,+1.57036446E-03
+263.40000E-06,-2.71325369179E+00,-58.73114243E-03
+263.42000E-06,-2.81375620487E+00,-78.83164473E-03
+263.44000E-06,-2.71325369179E+00,-38.63064013E-03
+263.46000E-06,-2.91425871849E+00,+21.67086676E-03
+263.48000E-06,-2.71325369179E+00,+41.77136905E-03
+263.50000E-06,-2.91425871849E+00,-58.73114243E-03
+263.52000E-06,-2.91425871849E+00,-98.93214703E-03
+263.54000E-06,-2.91425871849E+00,-98.93214703E-03
+263.56000E-06,-2.91425871849E+00,-48.68089125E-03
+263.58000E-06,-2.71325369179E+00,-38.63064013E-03
+263.60000E-06,-2.91425871849E+00,-28.58038896E-03
+263.62000E-06,-2.91425871849E+00,-58.73114243E-03
+263.64000E-06,-2.91425871849E+00,-68.78139361E-03
+263.66000E-06,-2.91425871849E+00,-48.68089131E-03
+263.68000E-06,-2.71325369179E+00,+1.57036446E-03
+263.70000E-06,-2.91425871849E+00,+21.67086676E-03
+263.72000E-06,-2.71325369179E+00,-18.53013784E-03
+263.74000E-06,-2.71325369179E+00,-58.73114243E-03
+263.76000E-06,-2.71325369179E+00,-78.83164473E-03
+263.78000E-06,-2.91425871849E+00,-48.68089125E-03
+263.80000E-06,-2.71325369179E+00,-18.53013784E-03
+263.82000E-06,-2.91425871849E+00,-18.53013784E-03
+263.84000E-06,-2.81375620545E+00,-58.73114243E-03
+263.86000E-06,-2.91425871849E+00,-78.83164473E-03
+263.88000E-06,-2.71325369179E+00,-58.73114243E-03
+263.90000E-06,-2.81375620546E+00,-18.53013784E-03
+263.92000E-06,-2.91425871849E+00,-8.47988672E-03
+263.94000E-06,-2.91425871849E+00,-18.53013784E-03
+263.96000E-06,-2.71325369179E+00,-18.53013784E-03
+263.98000E-06,-2.91425871849E+00,-38.63064013E-03
+264.00000E-06,-2.71325369179E+00,-38.63064013E-03
+264.02000E-06,-2.91425871849E+00,-38.63064013E-03
+264.04000E-06,-2.91425871849E+00,-58.73114243E-03
+264.06000E-06,-2.91425871849E+00,-58.73114243E-03
+264.08000E-06,-2.91425871849E+00,-68.78139361E-03
+264.10000E-06,-2.91425871849E+00,-68.78139355E-03
+264.12000E-06,-2.91425871849E+00,-38.63064013E-03
+264.14000E-06,-2.71325369179E+00,-38.63064013E-03
+264.16000E-06,-2.71325369179E+00,-38.63064013E-03
+264.18000E-06,-2.71325369179E+00,-38.63064013E-03
+264.20000E-06,-2.91425871849E+00,-38.63064013E-03
+264.22000E-06,-2.71325369179E+00,-38.63064013E-03
+264.24000E-06,-2.71325369179E+00,-18.53013784E-03
+264.26000E-06,-2.91425871849E+00,-28.58038895E-03
+264.28000E-06,-2.81375620550E+00,-58.73114243E-03
+264.30000E-06,-2.81375620478E+00,-78.83164473E-03
+264.32000E-06,-2.91425871849E+00,-58.73114243E-03
+264.34000E-06,-2.91425871849E+00,-28.58038902E-03
+264.36000E-06,-2.71325369179E+00,-8.47988672E-03
+264.38000E-06,-2.91425871849E+00,-18.53013784E-03
+264.40000E-06,-2.91425871849E+00,-38.63064013E-03
+264.42000E-06,-2.91425871849E+00,-38.63064013E-03
+264.44000E-06,-2.91425871849E+00,-18.53013784E-03
+264.46000E-06,-2.71325369179E+00,-38.63064013E-03
+264.48000E-06,-2.71325369179E+00,-28.58038895E-03
+264.50000E-06,-2.71325369179E+00,-28.58038895E-03
+264.52000E-06,-2.91425871849E+00,-38.63064013E-03
+264.54000E-06,-2.91425871849E+00,-58.73114243E-03
+264.56000E-06,-2.91425871849E+00,-58.73114243E-03
+264.58000E-06,-2.91425871849E+00,-38.63064013E-03
+264.60000E-06,-2.81375620475E+00,-38.63064013E-03
+264.62000E-06,-2.91425871849E+00,-58.73114243E-03
+264.64000E-06,-2.81375620554E+00,-58.73114243E-03
+264.66000E-06,-2.91425871849E+00,-48.68089124E-03
+264.68000E-06,-2.71325369179E+00,-18.53013784E-03
+264.70000E-06,-2.81375620474E+00,-18.53013784E-03
+264.72000E-06,-2.71325369179E+00,-38.63064013E-03
+264.74000E-06,-2.71325369179E+00,-38.63064013E-03
+264.76000E-06,-2.71325369179E+00,-38.63064013E-03
+264.78000E-06,-2.71325369179E+00,-38.63064013E-03
+264.80000E-06,-2.71325369179E+00,-58.73114243E-03
+264.82000E-06,-2.71325369179E+00,-38.63064013E-03
+264.84000E-06,-2.71325369179E+00,-28.58038894E-03
+264.86000E-06,-2.71325369179E+00,-38.63064013E-03
+264.88000E-06,-2.91425871849E+00,-58.73114243E-03
+264.90000E-06,-2.81375620556E+00,-58.73114243E-03
+264.92000E-06,-2.91425871849E+00,-38.63064013E-03
+264.94000E-06,-2.91425871849E+00,-18.53013784E-03
+264.96000E-06,-2.91425871849E+00,-28.58038903E-03
+264.98000E-06,-2.91425871849E+00,-58.73114243E-03
+265.00000E-06,-1.90923358500E+00,+262.87689424E-03
+265.02000E-06,-301.19337142E-03,+1.44880652969E+00
+265.04000E-06,+1.10584181547E+00,+2.96639445318E+00
+265.06000E-06,+1.90986192226E+00,+3.74026379175E+00
+265.08000E-06,+2.01036443605E+00,+3.74026379175E+00
+265.10000E-06,+1.30684684217E+00,+3.17744972752E+00
+265.12000E-06,+301.82170868E-03,+2.50408290052E+00
+265.14000E-06,-703.20342481E-03,+2.23272611946E+00
+265.16000E-06,-1.30621850491E+00,+2.34327888205E+00
+265.18000E-06,-1.30621850491E+00,+2.43373114243E+00
+265.20000E-06,-803.70593861E-03,+2.35332913324E+00
+265.22000E-06,-100.18834472E-03,+2.23272611946E+00
+265.24000E-06,+502.82673538E-03,+2.33322863095E+00
+265.26000E-06,+904.83678877E-03,+2.67493717000E+00
+265.28000E-06,+703.83176208E-03,+3.00659545786E+00
+265.30000E-06,+301.82170868E-03,+3.05684671365E+00
+265.32000E-06,-100.18834472E-03,+2.76538943038E+00
+265.34000E-06,-301.19337142E-03,+2.34327888214E+00
+265.36000E-06,-301.19337142E-03,+2.10207285457E+00
+265.38000E-06,-301.19337142E-03,+2.17242461257E+00
+265.40000E-06,-100.18834472E-03,+2.40358038894E+00
+265.42000E-06,+100.81668198E-03,+2.57443465851E+00
+265.44000E-06,+301.82170868E-03,+2.61463566311E+00
+265.46000E-06,+301.82170868E-03,+2.53423365392E+00
+265.48000E-06,+402.32422155E-03,+2.44378139353E+00
+265.50000E-06,+301.82170868E-03,+2.43373114243E+00
+265.52000E-06,+100.81668198E-03,+2.49403264932E+00
+265.54000E-06,-100.18834472E-03,+2.50408290052E+00
+265.56000E-06,-100.18834472E-03,+2.43373114243E+00
+265.58000E-06,+100.81668198E-03,+2.31312812865E+00
+265.60000E-06,+100.81668198E-03,+2.25282662176E+00
+265.62000E-06,+301.82170868E-03,+2.31312812865E+00
+265.64000E-06,+301.82170868E-03,+2.43373114243E+00
+265.66000E-06,+301.82170868E-03,+2.47393214703E+00
+265.68000E-06,+301.82170868E-03,+2.43373114243E+00
+265.70000E-06,+100.81668198E-03,+2.35332913324E+00
+265.72000E-06,+201.31919482E-03,+2.28297737525E+00
+265.74000E-06,+100.81668198E-03,+2.29302762635E+00
+265.76000E-06,+100.81668198E-03,+2.32317837975E+00
+265.78000E-06,+100.81668198E-03,+2.35332913324E+00
+265.80000E-06,+301.82170868E-03,+2.33322863095E+00
+265.82000E-06,+301.82170868E-03,+2.29302762635E+00
+265.84000E-06,+301.82170868E-03,+2.26287687285E+00
+265.86000E-06,+301.82170868E-03,+2.25282662176E+00
+265.88000E-06,+301.82170868E-03,+2.29302762635E+00
+265.90000E-06,+301.82170868E-03,+2.32317837985E+00
+265.92000E-06,+301.82170868E-03,+2.29302762635E+00
+265.94000E-06,+301.82170868E-03,+2.23272611946E+00
+265.96000E-06,+301.82170868E-03,+2.21262561716E+00
+265.98000E-06,+301.82170868E-03,+2.23272611946E+00
+266.00000E-06,+301.82170868E-03,+2.27292712405E+00
+266.02000E-06,+301.82170868E-03,+2.27292712405E+00
+266.04000E-06,+301.82170868E-03,+2.25282662176E+00
+266.06000E-06,+301.82170868E-03,+2.23272611946E+00
+266.08000E-06,+301.82170868E-03,+2.20257536596E+00
+266.10000E-06,+301.82170868E-03,+2.17242461257E+00
+266.12000E-06,+301.82170868E-03,+2.19252511486E+00
+266.14000E-06,+301.82170868E-03,+2.21262561716E+00
+266.16000E-06,+301.82170868E-03,+2.20257536596E+00
+266.18000E-06,+301.82170868E-03,+2.17242461257E+00
+266.20000E-06,+301.82170868E-03,+2.15232411027E+00
+266.22000E-06,+301.82170868E-03,+2.15232411027E+00
+266.24000E-06,+301.82170868E-03,+2.15232411027E+00
+266.26000E-06,+301.82170868E-03,+2.17242461257E+00
+266.28000E-06,+301.82170868E-03,+2.15232411027E+00
+266.30000E-06,+301.82170868E-03,+2.12217335688E+00
+266.32000E-06,+301.82170868E-03,+2.11212310567E+00
+266.34000E-06,+402.32422260E-03,+2.11212310567E+00
+266.36000E-06,+402.32422145E-03,+2.11212310567E+00
+266.38000E-06,+301.82170868E-03,+2.09202260338E+00
+266.40000E-06,+502.82673538E-03,+2.09202260338E+00
+266.42000E-06,+502.82673538E-03,+2.07192210108E+00
+266.44000E-06,+301.82170868E-03,+2.07192210108E+00
+266.46000E-06,+502.82673538E-03,+2.08197235229E+00
+266.48000E-06,+301.82170868E-03,+2.09202260338E+00
+266.50000E-06,+502.82673538E-03,+2.08197235229E+00
+266.52000E-06,+502.82673538E-03,+2.07192210108E+00
+266.54000E-06,+301.82170868E-03,+2.06187184987E+00
+266.56000E-06,+402.32422262E-03,+2.03172109649E+00
+266.58000E-06,+502.82673538E-03,+2.03172109649E+00
+266.60000E-06,+402.32422143E-03,+2.02167084528E+00
+266.62000E-06,+502.82673538E-03,+2.02167084528E+00
+266.64000E-06,+502.82673538E-03,+2.01162059419E+00
+266.66000E-06,+502.82673538E-03,+2.01162059419E+00
+266.68000E-06,+502.82673538E-03,+2.00157034310E+00
+266.70000E-06,+502.82673538E-03,+1.99152009189E+00
+266.72000E-06,+502.82673538E-03,+1.99152009189E+00
+266.74000E-06,+402.32422264E-03,+1.97141958959E+00
+266.76000E-06,+502.82673538E-03,+1.97141958959E+00
+266.78000E-06,+402.32422141E-03,+1.99152009189E+00
+266.80000E-06,+502.82673538E-03,+1.97141958959E+00
+266.82000E-06,+502.82673538E-03,+1.95131908730E+00
+266.84000E-06,+502.82673538E-03,+1.95131908730E+00
+266.86000E-06,+502.82673538E-03,+1.95131908730E+00
+266.88000E-06,+502.82673538E-03,+1.95131908730E+00
+266.90000E-06,+502.82673538E-03,+1.93121858500E+00
+266.92000E-06,+703.83176208E-03,+1.92116833391E+00
+266.94000E-06,+502.82673538E-03,+1.94126883621E+00
+266.96000E-06,+502.82673538E-03,+1.93121858500E+00
+266.98000E-06,+502.82673538E-03,+1.91111808270E+00
+267.00000E-06,+502.82673538E-03,+1.89101758040E+00
+267.02000E-06,+703.83176208E-03,+1.90106783162E+00
+267.04000E-06,+703.83176208E-03,+1.89101758040E+00
+267.06000E-06,+502.82673538E-03,+1.89101758040E+00
+267.08000E-06,+703.83176208E-03,+1.87091707811E+00
+267.10000E-06,+502.82673538E-03,+1.88096732932E+00
+267.12000E-06,+703.83176208E-03,+1.89101758040E+00
+267.14000E-06,+502.82673538E-03,+1.87091707811E+00
+267.16000E-06,+502.82673538E-03,+1.85081657581E+00
+267.18000E-06,+502.82673538E-03,+1.84076632473E+00
+267.20000E-06,+502.82673538E-03,+1.85081657581E+00
+267.22000E-06,+603.32924939E-03,+1.83071607351E+00
+267.24000E-06,+703.83176208E-03,+1.83071607351E+00
+267.26000E-06,+703.83176208E-03,+1.83071607351E+00
+267.28000E-06,+502.82673538E-03,+1.81061557122E+00
+267.30000E-06,+703.83176208E-03,+1.81061557122E+00
+267.32000E-06,+502.82673538E-03,+1.80056532000E+00
+267.34000E-06,+703.83176208E-03,+1.79051506892E+00
+267.36000E-06,+703.83176208E-03,+1.79051506892E+00
+267.38000E-06,+703.83176208E-03,+1.81061557122E+00
+267.40000E-06,+703.83176208E-03,+1.79051506892E+00
+267.42000E-06,+703.83176208E-03,+1.79051506892E+00
+267.44000E-06,+703.83176208E-03,+1.79051506892E+00
+267.46000E-06,+703.83176208E-03,+1.77041456662E+00
+267.48000E-06,+703.83176208E-03,+1.77041456662E+00
+267.50000E-06,+703.83176208E-03,+1.75031406432E+00
+267.52000E-06,+703.83176208E-03,+1.75031406432E+00
+267.54000E-06,+703.83176208E-03,+1.74026381325E+00
+267.56000E-06,+703.83176208E-03,+1.74026381325E+00
+267.58000E-06,+703.83176208E-03,+1.74026381325E+00
+267.60000E-06,+703.83176208E-03,+1.73021356203E+00
+267.62000E-06,+703.83176208E-03,+1.73021356203E+00
+267.64000E-06,+502.82673538E-03,+1.72016331081E+00
+267.66000E-06,+703.83176208E-03,+1.71011305973E+00
+267.68000E-06,+703.83176208E-03,+1.69001255743E+00
+267.70000E-06,+703.83176208E-03,+1.69001255743E+00
+267.72000E-06,+703.83176208E-03,+1.69001255743E+00
+267.74000E-06,+703.83176208E-03,+1.70006280865E+00
+267.76000E-06,+703.83176208E-03,+1.69001255743E+00
+267.78000E-06,+703.83176208E-03,+1.66991205513E+00
+267.80000E-06,+703.83176208E-03,+1.64981155284E+00
+267.82000E-06,+703.83176208E-03,+1.66991205513E+00
+267.84000E-06,+703.83176208E-03,+1.66991205513E+00
+267.86000E-06,+703.83176208E-03,+1.64981155284E+00
+267.88000E-06,+703.83176208E-03,+1.64981155284E+00
+267.90000E-06,+703.83176208E-03,+1.64981155284E+00
+267.92000E-06,+804.33427616E-03,+1.62971105054E+00
+267.94000E-06,+703.83176208E-03,+1.60961054824E+00
+267.96000E-06,+703.83176208E-03,+1.60961054824E+00
+267.98000E-06,+703.83176208E-03,+1.62971105054E+00
+268.00000E-06,+904.83678877E-03,+1.62971105054E+00
+268.02000E-06,+703.83176208E-03,+1.60961054824E+00
+268.04000E-06,+703.83176208E-03,+1.59956029702E+00
+268.06000E-06,+703.83176208E-03,+1.60961054824E+00
+268.08000E-06,+703.83176208E-03,+1.60961054824E+00
+268.10000E-06,+904.83678877E-03,+1.60961054824E+00
+268.12000E-06,+804.33427467E-03,+1.58951004595E+00
+268.14000E-06,+703.83176208E-03,+1.58951004595E+00
+268.16000E-06,+703.83176208E-03,+1.58951004595E+00
+268.18000E-06,+904.83678877E-03,+1.56940954365E+00
+268.20000E-06,+804.33427619E-03,+1.54930904135E+00
+268.22000E-06,+904.83678877E-03,+1.53925879028E+00
+268.24000E-06,+804.33427619E-03,+1.54930904135E+00
+268.26000E-06,+804.33427620E-03,+1.55935929258E+00
+268.28000E-06,+703.83176208E-03,+1.56940954365E+00
+268.30000E-06,+703.83176208E-03,+1.55935929258E+00
+268.32000E-06,+904.83678877E-03,+1.55935929258E+00
+268.34000E-06,+904.83678877E-03,+1.54930904135E+00
+268.36000E-06,+904.83678877E-03,+1.55935929242E+00
+268.38000E-06,+904.83678877E-03,+1.56940954365E+00
+268.40000E-06,+904.83678877E-03,+1.54930904135E+00
+268.42000E-06,+904.83678877E-03,+1.49905778569E+00
+268.44000E-06,+904.83678877E-03,+1.44880652986E+00
+268.46000E-06,+703.83176208E-03,+1.43875627880E+00
+268.48000E-06,+804.33427463E-03,+1.49905778569E+00
+268.50000E-06,+904.83678877E-03,+1.52920853905E+00
+268.52000E-06,+904.83678877E-03,+1.52920853905E+00
+268.54000E-06,+904.83678877E-03,+1.46890703216E+00
+268.56000E-06,+904.83678877E-03,+1.44880652986E+00
+268.58000E-06,+904.83678877E-03,+1.46890703216E+00
+268.60000E-06,+904.83678877E-03,+1.48900753446E+00
+268.62000E-06,+904.83678877E-03,+1.48900753446E+00
+268.64000E-06,+904.83678877E-03,+1.44880652986E+00
+268.66000E-06,+904.83678877E-03,+1.42870602757E+00
+268.68000E-06,+904.83678877E-03,+1.45885678093E+00
+268.70000E-06,+904.83678877E-03,+1.48900753446E+00
+268.72000E-06,+904.83678877E-03,+1.48900753446E+00
+268.74000E-06,+904.83678877E-03,+1.40860552527E+00
+268.76000E-06,+804.33427625E-03,+1.36840452068E+00
+268.78000E-06,+904.83678877E-03,+1.38850502297E+00
+268.80000E-06,+904.83678877E-03,+1.46890703216E+00
+268.82000E-06,+904.83678877E-03,+1.48900753446E+00
+268.84000E-06,+904.83678877E-03,+1.44880652986E+00
+268.86000E-06,+904.83678877E-03,+1.37845477191E+00
+268.88000E-06,+1.10584181547E+00,+1.34830401838E+00
+268.90000E-06,+904.83678877E-03,+1.38850502297E+00
+268.92000E-06,+1.00533930128E+00,+1.46890703216E+00
+268.94000E-06,+904.83678877E-03,+1.45885678110E+00
+268.96000E-06,+904.83678877E-03,+1.38850502297E+00
+268.98000E-06,+904.83678877E-03,+1.30810301378E+00
+269.00000E-06,+904.83678877E-03,+1.30810301378E+00
+269.02000E-06,+904.83678877E-03,+1.38850502297E+00
+269.04000E-06,+904.83678877E-03,+1.42870602757E+00
+269.06000E-06,+904.83678877E-03,+1.40860552527E+00
+269.08000E-06,+1.10584181547E+00,+1.32820351608E+00
+269.10000E-06,+904.83678877E-03,+1.34830401838E+00
+269.12000E-06,+1.00533930126E+00,+1.40860552527E+00
+269.14000E-06,+904.83678877E-03,+1.44880652986E+00
+269.16000E-06,+904.83678877E-03,+1.38850502297E+00
+269.18000E-06,+904.83678877E-03,+1.29805276272E+00
+269.20000E-06,+1.00533930299E+00,+1.26790200919E+00
+269.22000E-06,+1.10584181547E+00,+1.28800251149E+00
+269.24000E-06,+904.83678877E-03,+1.33825376714E+00
+269.26000E-06,+904.83678877E-03,+1.36840452068E+00
+269.28000E-06,+904.83678877E-03,+1.32820351608E+00
+269.30000E-06,+904.83678877E-03,+1.28800251149E+00
+269.32000E-06,+904.83678877E-03,+1.26790200919E+00
+269.34000E-06,+904.83678877E-03,+1.32820351608E+00
+269.36000E-06,+1.00533930301E+00,+1.38850502297E+00
+269.38000E-06,+1.10584181547E+00,+1.38850502297E+00
+269.40000E-06,+1.10584181547E+00,+1.30810301378E+00
+269.42000E-06,+904.83678877E-03,+1.23775125565E+00
+269.44000E-06,+1.10584181547E+00,+1.26790200919E+00
+269.46000E-06,+1.10584181547E+00,+1.29805276255E+00
+269.48000E-06,+904.83678877E-03,+1.28800251149E+00
+269.50000E-06,+1.10584181547E+00,+1.25785175813E+00
+269.52000E-06,+1.00533930303E+00,+1.22770100459E+00
+269.54000E-06,+904.83678877E-03,+1.21765075354E+00
+269.56000E-06,+1.10584181547E+00,+1.27795226043E+00
+269.58000E-06,+1.10584181547E+00,+1.31815326502E+00
+269.60000E-06,+1.10584181547E+00,+1.30810301378E+00
+269.62000E-06,+1.10584181547E+00,+1.24780150689E+00
+269.64000E-06,+1.10584181547E+00,+1.22770100459E+00
+269.66000E-06,+1.10584181547E+00,+1.23775125565E+00
+269.68000E-06,+1.10584181547E+00,+1.26790200919E+00
+269.70000E-06,+1.10584181547E+00,+1.28800251149E+00
+269.72000E-06,+1.10584181547E+00,+1.23775125584E+00
+269.74000E-06,+1.10584181547E+00,+1.18750000000E+00
+269.76000E-06,+1.10584181547E+00,+1.17744974876E+00
+269.78000E-06,+1.10584181547E+00,+1.20760050230E+00
+269.80000E-06,+1.10584181547E+00,+1.23775125565E+00
+269.82000E-06,+1.10584181547E+00,+1.26790200919E+00
+269.84000E-06,+1.10584181547E+00,+1.22770100459E+00
+269.86000E-06,+1.10584181547E+00,+1.17744974876E+00
+269.88000E-06,+1.10584181547E+00,+1.18750000000E+00
+269.90000E-06,+1.10584181547E+00,+1.20760050230E+00
+269.92000E-06,+1.10584181547E+00,+1.23775125565E+00
+269.94000E-06,+1.10584181547E+00,+1.22770100459E+00
+269.96000E-06,+1.10584181547E+00,+1.18750000000E+00
+269.98000E-06,+1.10584181547E+00,+1.15734924665E+00
+270.00000E-06,+1.10584181547E+00,+1.16739949770E+00
+270.02000E-06,+1.00533930117E+00,+1.17744974876E+00
+270.04000E-06,+1.10584181547E+00,+1.18750000000E+00
+270.06000E-06,+1.10584181547E+00,+1.19755025124E+00
+270.08000E-06,+1.10584181547E+00,+1.16739949770E+00
+270.10000E-06,+1.20634432786E+00,+1.14729899541E+00
+270.12000E-06,+1.20634432979E+00,+1.14729899541E+00
+270.14000E-06,+1.10584181547E+00,+1.18750000000E+00
+270.16000E-06,+1.30684684217E+00,+1.20760050230E+00
+270.18000E-06,+1.10584181547E+00,+1.16739949770E+00
+270.20000E-06,+1.20634432980E+00,+1.11714824186E+00
+270.22000E-06,+1.10584181547E+00,+1.10709799081E+00
+270.24000E-06,+1.10584181547E+00,+1.12719849311E+00
+270.26000E-06,+904.83678877E-03,+1.14729899541E+00
+270.28000E-06,+1.10584181547E+00,+1.12719849311E+00
+270.30000E-06,+1.10584181547E+00,+1.08699748851E+00
+270.32000E-06,+1.20634432981E+00,+1.10709799081E+00
+270.34000E-06,+1.10584181547E+00,+1.12719849311E+00
+270.36000E-06,+1.30684684217E+00,+1.16739949770E+00
+270.38000E-06,+1.20634432783E+00,+1.15734924645E+00
+270.40000E-06,+1.10584181547E+00,+1.12719849311E+00
+270.42000E-06,+1.10584181547E+00,+1.08699748851E+00
+270.44000E-06,+1.20634432982E+00,+1.08699748851E+00
+270.46000E-06,+1.10584181547E+00,+1.10709799081E+00
+270.48000E-06,+1.20634432982E+00,+1.12719849311E+00
+270.50000E-06,+1.30684684217E+00,+1.13724874436E+00
+270.52000E-06,+1.10584181547E+00,+1.08699748851E+00
+270.54000E-06,+1.10584181547E+00,+1.06689698622E+00
+270.56000E-06,+1.30684684217E+00,+1.06689698622E+00
+270.58000E-06,+1.10584181547E+00,+1.10709799081E+00
+270.60000E-06,+1.10584181547E+00,+1.10709799081E+00
+270.62000E-06,+1.10584181547E+00,+1.06689698622E+00
+270.64000E-06,+1.20634432984E+00,+1.02669598162E+00
+270.66000E-06,+1.30684684217E+00,+1.04679648392E+00
+270.68000E-06,+1.30684684217E+00,+1.08699748851E+00
+270.70000E-06,+1.10584181547E+00,+1.08699748851E+00
+270.72000E-06,+1.30684684217E+00,+1.08699748851E+00
+270.74000E-06,+1.20634432779E+00,+1.04679648392E+00
+270.76000E-06,+1.30684684217E+00,+1.02669598162E+00
+270.78000E-06,+1.10584181547E+00,+1.03674623287E+00
+270.80000E-06,+1.30684684217E+00,+1.06689698622E+00
+270.82000E-06,+1.20634432986E+00,+1.04679648392E+00
+270.84000E-06,+1.30684684217E+00,+1.03674623287E+00
+270.86000E-06,+1.30684684217E+00,+1.00659547932E+00
+270.88000E-06,+1.30684684217E+00,+1.00659547932E+00
+270.90000E-06,+1.10584181547E+00,+1.02669598162E+00
+270.92000E-06,+1.30684684217E+00,+1.03674623288E+00
+270.94000E-06,+1.30684684217E+00,+1.02669598162E+00
+270.96000E-06,+1.30684684217E+00,+1.02669598162E+00
+270.98000E-06,+1.30684684217E+00,+1.00659547932E+00
+271.00000E-06,+1.30684684217E+00,+986.49497703E-03
+271.02000E-06,+1.30684684217E+00,+1.00659547932E+00
+271.04000E-06,+1.30684684217E+00,+1.02669598162E+00
+271.06000E-06,+1.10584181547E+00,+1.00659547932E+00
+271.08000E-06,+1.30684684217E+00,+996.54522807E-03
+271.10000E-06,+1.30684684217E+00,+986.49497703E-03
+271.12000E-06,+1.30684684217E+00,+1.00659547932E+00
+271.14000E-06,+1.30684684217E+00,+1.00659547932E+00
+271.16000E-06,+1.30684684217E+00,+986.49497703E-03
+271.18000E-06,+1.30684684217E+00,+976.44472599E-03
+271.20000E-06,+1.30684684217E+00,+976.44472599E-03
+271.22000E-06,+1.30684684217E+00,+986.49497703E-03
+271.24000E-06,+1.30684684217E+00,+986.49497703E-03
+271.26000E-06,+1.30684684217E+00,+966.39447473E-03
+271.28000E-06,+1.30684684217E+00,+966.39447473E-03
+271.30000E-06,+1.30684684217E+00,+966.39447473E-03
+271.32000E-06,+1.30684684217E+00,+966.39447473E-03
+271.34000E-06,+1.30684684217E+00,+956.34422369E-03
+271.36000E-06,+1.30684684217E+00,+936.24372139E-03
+271.38000E-06,+1.30684684217E+00,+946.29397243E-03
+271.40000E-06,+1.30684684217E+00,+946.29397243E-03
+271.42000E-06,+1.30684684217E+00,+946.29397243E-03
+271.44000E-06,+1.30684684217E+00,+966.39447473E-03
+271.46000E-06,+1.30684684217E+00,+966.39447473E-03
+271.48000E-06,+1.30684684217E+00,+936.24372117E-03
+271.50000E-06,+1.30684684217E+00,+906.09296784E-03
+271.52000E-06,+1.30684684217E+00,+906.09296784E-03
+271.54000E-06,+1.30684684217E+00,+936.24372140E-03
+271.56000E-06,+1.30684684217E+00,+946.29397243E-03
+271.58000E-06,+1.30684684217E+00,+926.19347014E-03
+271.60000E-06,+1.30684684217E+00,+906.09296784E-03
+271.62000E-06,+1.30684684217E+00,+906.09296784E-03
+271.64000E-06,+1.30684684217E+00,+916.14321887E-03
+271.66000E-06,+1.30684684217E+00,+916.14321887E-03
+271.68000E-06,+1.30684684217E+00,+906.09296784E-03
+271.70000E-06,+1.30684684217E+00,+896.04271680E-03
+271.72000E-06,+1.30684684217E+00,+885.99246554E-03
+271.74000E-06,+1.30684684217E+00,+885.99246554E-03
+271.76000E-06,+1.30684684217E+00,+896.04271680E-03
+271.78000E-06,+1.30684684217E+00,+896.04271680E-03
+271.80000E-06,+1.30684684217E+00,+906.09296784E-03
+271.82000E-06,+1.50785186887E+00,+885.99246554E-03
+271.84000E-06,+1.30684684217E+00,+865.89196324E-03
+271.86000E-06,+1.40734935437E+00,+865.89196324E-03
+271.88000E-06,+1.40734935667E+00,+885.99246554E-03
+271.90000E-06,+1.30684684217E+00,+885.99246554E-03
+271.92000E-06,+1.50785186887E+00,+875.94221428E-03
+271.94000E-06,+1.30684684217E+00,+845.79146095E-03
+271.96000E-06,+1.40734935436E+00,+845.79146095E-03
+271.98000E-06,+1.30684684217E+00,+845.79146095E-03
+272.00000E-06,+1.50785186887E+00,+865.89196324E-03
+272.02000E-06,+1.50785186887E+00,+865.89196324E-03
+272.04000E-06,+1.40734935435E+00,+845.79146095E-03
+272.06000E-06,+1.30684684217E+00,+845.79146095E-03
+272.08000E-06,+1.30684684217E+00,+855.84171198E-03
+272.10000E-06,+1.50785186887E+00,+845.79146095E-03
+272.12000E-06,+1.30684684217E+00,+855.84171198E-03
+272.14000E-06,+1.30684684217E+00,+845.79146095E-03
+272.16000E-06,+1.50785186887E+00,+845.79146095E-03
+272.18000E-06,+1.30684684217E+00,+845.79146095E-03
+272.20000E-06,+1.30684684217E+00,+845.79146095E-03
+272.22000E-06,+1.30684684217E+00,+835.74120992E-03
+272.24000E-06,+1.40734935671E+00,+835.74120992E-03
+272.26000E-06,+1.50785186887E+00,+835.74120992E-03
+272.28000E-06,+1.30684684217E+00,+825.69095865E-03
+272.30000E-06,+1.50785186887E+00,+825.69095865E-03
+272.32000E-06,+1.30684684217E+00,+825.69095865E-03
+272.34000E-06,+1.30684684217E+00,+825.69095865E-03
+272.36000E-06,+1.30684684217E+00,+815.64070738E-03
+272.38000E-06,+1.30684684217E+00,+805.59045635E-03
+272.40000E-06,+1.30684684217E+00,+785.48995405E-03
+272.42000E-06,+1.30684684217E+00,+795.54020532E-03
+272.44000E-06,+1.50785186887E+00,+805.59045635E-03
+272.46000E-06,+1.50785186887E+00,+785.48995405E-03
+272.48000E-06,+1.30684684217E+00,+785.48995405E-03
+272.50000E-06,+1.30684684217E+00,+805.59045635E-03
+272.52000E-06,+1.30684684217E+00,+805.59045635E-03
+272.54000E-06,+1.40734935430E+00,+795.54020508E-03
+272.56000E-06,+1.50785186887E+00,+775.43970278E-03
+272.58000E-06,+1.50785186887E+00,+775.43970303E-03
+272.60000E-06,+1.30684684217E+00,+785.48995405E-03
+272.62000E-06,+1.40734935429E+00,+785.48995405E-03
+272.64000E-06,+1.50785186887E+00,+785.48995405E-03
+272.66000E-06,+1.50785186887E+00,+785.48995405E-03
+272.68000E-06,+1.50785186887E+00,+785.48995405E-03
+272.70000E-06,+1.50785186887E+00,+745.28894946E-03
+272.72000E-06,+1.50785186887E+00,+745.28894946E-03
+272.74000E-06,+1.50785186887E+00,+765.38945176E-03
+272.76000E-06,+1.50785186887E+00,+775.43970303E-03
+272.78000E-06,+1.30684684217E+00,+765.38945176E-03
+272.80000E-06,+1.50785186887E+00,+745.28894946E-03
+272.82000E-06,+1.50785186887E+00,+745.28894946E-03
+272.84000E-06,+1.50785186887E+00,+765.38945176E-03
+272.86000E-06,+1.50785186887E+00,+765.38945176E-03
+272.88000E-06,+1.50785186887E+00,+765.38945176E-03
+272.90000E-06,+1.50785186887E+00,+765.38945176E-03
+272.92000E-06,+1.50785186887E+00,+745.28894946E-03
+272.94000E-06,+1.40734935678E+00,+745.28894946E-03
+272.96000E-06,+1.50785186887E+00,+745.28894946E-03
+272.98000E-06,+1.40734935678E+00,+745.28894946E-03
+273.00000E-06,+1.50785186887E+00,+745.28894946E-03
+273.02000E-06,+1.40734935425E+00,+735.23869844E-03
+273.04000E-06,+1.50785186887E+00,+715.13819614E-03
+273.06000E-06,+1.50785186887E+00,+725.18844716E-03
+273.08000E-06,+1.50785186887E+00,+725.18844716E-03
+273.10000E-06,+1.50785186887E+00,+725.18844716E-03
+273.12000E-06,+1.50785186887E+00,+745.28894946E-03
+273.14000E-06,+1.50785186887E+00,+725.18844716E-03
+273.16000E-06,+1.50785186887E+00,+684.98744257E-03
+273.18000E-06,+1.50785186887E+00,+705.08794487E-03
+273.20000E-06,+1.50785186887E+00,+725.18844716E-03
+273.22000E-06,+1.50785186887E+00,+745.28894946E-03
+273.24000E-06,+1.50785186887E+00,+735.23869818E-03
+273.26000E-06,+1.50785186887E+00,+684.98744257E-03
+273.28000E-06,+1.50785186887E+00,+684.98744257E-03
+273.30000E-06,+1.50785186887E+00,+684.98744257E-03
+273.32000E-06,+1.50785186887E+00,+705.08794487E-03
+273.34000E-06,+1.50785186887E+00,+705.08794487E-03
+273.36000E-06,+1.50785186887E+00,+684.98744257E-03
+273.38000E-06,+1.50785186887E+00,+684.98744257E-03
+273.40000E-06,+1.50785186887E+00,+674.93719129E-03
+273.42000E-06,+1.50785186887E+00,+664.88694027E-03
+273.44000E-06,+1.50785186887E+00,+684.98744257E-03
+273.46000E-06,+1.50785186887E+00,+705.08794487E-03
+273.48000E-06,+1.50785186887E+00,+705.08794487E-03
+273.50000E-06,+1.50785186887E+00,+684.98744257E-03
+273.52000E-06,+1.50785186887E+00,+664.88694027E-03
+273.54000E-06,+1.50785186887E+00,+654.83668925E-03
+273.56000E-06,+1.50785186887E+00,+684.98744257E-03
+273.58000E-06,+1.50785186887E+00,+705.08794487E-03
+273.60000E-06,+1.50785186887E+00,+684.98744257E-03
+273.62000E-06,+1.50785186887E+00,+664.88694027E-03
+273.64000E-06,+1.50785186887E+00,+644.78643797E-03
+273.66000E-06,+1.50785186887E+00,+624.68593568E-03
+273.68000E-06,+1.50785186887E+00,+634.73618669E-03
+273.70000E-06,+1.50785186887E+00,+664.88694027E-03
+273.72000E-06,+1.50785186887E+00,+684.98744257E-03
+273.74000E-06,+1.50785186887E+00,+664.88694027E-03
+273.76000E-06,+1.70885689557E+00,+634.73618669E-03
+273.78000E-06,+1.50785186887E+00,+624.68593568E-03
+273.80000E-06,+1.60835438087E+00,+644.78643797E-03
+273.82000E-06,+1.50785186887E+00,+664.88694027E-03
+273.84000E-06,+1.50785186887E+00,+674.93719128E-03
+273.86000E-06,+1.50785186887E+00,+644.78643797E-03
+273.88000E-06,+1.60835438086E+00,+644.78643797E-03
+273.90000E-06,+1.60835438358E+00,+644.78643797E-03
+273.92000E-06,+1.50785186887E+00,+614.63568439E-03
+273.94000E-06,+1.50785186887E+00,+624.68593568E-03
+273.96000E-06,+1.50785186887E+00,+624.68593568E-03
+273.98000E-06,+1.50785186887E+00,+624.68593568E-03
+274.00000E-06,+1.50785186887E+00,+624.68593568E-03
+274.02000E-06,+1.50785186887E+00,+604.58543338E-03
+274.04000E-06,+1.50785186887E+00,+584.48493108E-03
+274.06000E-06,+1.50785186887E+00,+624.68593568E-03
+274.08000E-06,+1.70885689557E+00,+624.68593568E-03
+274.10000E-06,+1.50785186887E+00,+624.68593568E-03
+274.12000E-06,+1.50785186887E+00,+604.58543338E-03
+274.14000E-06,+1.50785186887E+00,+604.58543338E-03
+274.16000E-06,+1.50785186887E+00,+624.68593568E-03
+274.18000E-06,+1.50785186887E+00,+624.68593568E-03
+274.20000E-06,+1.50785186887E+00,+604.58543338E-03
+274.22000E-06,+1.50785186887E+00,+584.48493108E-03
+274.24000E-06,+1.50785186887E+00,+584.48493108E-03
+274.26000E-06,+1.50785186887E+00,+604.58543338E-03
+274.28000E-06,+1.60835438082E+00,+604.58543338E-03
+274.30000E-06,+1.50785186887E+00,+624.68593568E-03
+274.32000E-06,+1.50785186887E+00,+604.58543338E-03
+274.34000E-06,+1.50785186887E+00,+624.68593568E-03
+274.36000E-06,+1.50785186887E+00,+604.58543338E-03
+274.38000E-06,+1.50785186887E+00,+584.48493108E-03
+274.40000E-06,+1.50785186887E+00,+564.38442878E-03
+274.42000E-06,+1.50785186887E+00,+574.43468007E-03
+274.44000E-06,+1.60835438363E+00,+574.43468007E-03
+274.46000E-06,+1.50785186887E+00,+574.43468007E-03
+274.48000E-06,+1.50785186887E+00,+574.43468007E-03
+274.50000E-06,+1.50785186887E+00,+574.43468008E-03
+274.52000E-06,+1.60835438079E+00,+594.53518237E-03
+274.54000E-06,+1.50785186887E+00,+584.48493108E-03
+274.56000E-06,+1.50785186887E+00,+574.43467979E-03
+274.58000E-06,+1.70885689557E+00,+564.38442878E-03
+274.60000E-06,+1.60835438365E+00,+584.48493108E-03
+274.62000E-06,+1.50785186887E+00,+564.38442878E-03
+274.64000E-06,+1.60835438078E+00,+554.33417749E-03
+274.66000E-06,+1.70885689557E+00,+544.28392649E-03
+274.68000E-06,+1.60835438078E+00,+544.28392649E-03
+274.70000E-06,+1.50785186887E+00,+544.28392649E-03
+274.72000E-06,+1.60835438077E+00,+534.23367519E-03
+274.74000E-06,+1.70885689557E+00,+524.18342419E-03
+274.76000E-06,+1.50785186887E+00,+554.33417778E-03
+274.78000E-06,+1.50785186887E+00,+564.38442878E-03
+274.80000E-06,+1.50785186887E+00,+544.28392649E-03
+274.82000E-06,+1.50785186887E+00,+544.28392649E-03
+274.84000E-06,+1.70885689557E+00,+544.28392649E-03
+274.86000E-06,+1.70885689557E+00,+544.28392649E-03
+274.88000E-06,+1.70885689557E+00,+544.28392649E-03
+274.90000E-06,+1.50785186887E+00,+524.18342419E-03
+274.92000E-06,+1.70885689557E+00,+524.18342419E-03
+274.94000E-06,+1.50785186887E+00,+544.28392649E-03
+274.96000E-06,+1.60835438369E+00,+534.23367519E-03
+274.98000E-06,+1.50785186887E+00,+524.18342419E-03
+275.00000E-06,+1.70885689557E+00,+524.18342419E-03
+275.02000E-06,+1.60835438369E+00,+524.18342419E-03
+275.04000E-06,+1.50785186887E+00,+524.18342419E-03
+275.06000E-06,+1.70885689557E+00,+524.18342419E-03
+275.08000E-06,+1.70885689557E+00,+524.18342419E-03
+275.10000E-06,+1.70885689557E+00,+524.18342419E-03
+275.12000E-06,+1.70885689557E+00,+524.18342419E-03
+275.14000E-06,+1.70885689557E+00,+524.18342419E-03
+275.16000E-06,+1.60835438371E+00,+524.18342419E-03
+275.18000E-06,+1.70885689557E+00,+514.13317319E-03
+275.20000E-06,+1.70885689557E+00,+514.13317289E-03
+275.22000E-06,+1.70885689557E+00,+524.18342419E-03
+275.24000E-06,+1.60835438072E+00,+514.13317289E-03
+275.26000E-06,+1.70885689557E+00,+504.08292189E-03
+275.28000E-06,+1.60835438071E+00,+504.08292189E-03
+275.30000E-06,+1.50785186887E+00,+504.08292189E-03
+275.32000E-06,+1.70885689557E+00,+504.08292189E-03
+275.34000E-06,+1.70885689557E+00,+494.03267089E-03
+275.36000E-06,+1.60835438373E+00,+494.03267089E-03
+275.38000E-06,+1.60835438373E+00,+504.08292189E-03
+275.40000E-06,+1.70885689557E+00,+504.08292189E-03
+275.42000E-06,+1.70885689557E+00,+504.08292189E-03
+275.44000E-06,+1.70885689557E+00,+483.98241960E-03
+275.46000E-06,+1.50785186887E+00,+483.98241960E-03
+275.48000E-06,+1.50785186887E+00,+494.03267059E-03
+275.50000E-06,+1.70885689557E+00,+483.98241960E-03
+275.52000E-06,+1.50785186887E+00,+483.98241960E-03
+275.54000E-06,+1.70885689557E+00,+483.98241960E-03
+275.56000E-06,+1.70885689557E+00,+504.08292189E-03
+275.58000E-06,+1.70885689557E+00,+504.08292189E-03
+275.60000E-06,+1.70885689557E+00,+483.98241960E-03
+275.62000E-06,+1.70885689557E+00,+473.93216860E-03
+275.64000E-06,+1.60835438068E+00,+483.98241960E-03
+275.66000E-06,+1.70885689557E+00,+483.98241960E-03
+275.68000E-06,+1.70885689557E+00,+453.83166599E-03
+275.70000E-06,+1.70885689557E+00,+463.88191730E-03
+275.72000E-06,+1.70885689557E+00,+483.98241960E-03
+275.74000E-06,+1.50785186887E+00,+473.93216860E-03
+275.76000E-06,+1.70885689557E+00,+463.88191730E-03
+275.78000E-06,+1.70885689557E+00,+463.88191730E-03
+275.80000E-06,+1.70885689557E+00,+453.83166630E-03
+275.82000E-06,+1.70885689557E+00,+463.88191730E-03
+275.84000E-06,+1.70885689557E+00,+463.88191730E-03
+275.86000E-06,+1.70885689557E+00,+453.83166631E-03
+275.88000E-06,+1.70885689557E+00,+453.83166599E-03
+275.90000E-06,+1.70885689557E+00,+463.88191730E-03
+275.92000E-06,+1.70885689557E+00,+463.88191730E-03
+275.94000E-06,+1.70885689557E+00,+463.88191730E-03
+275.96000E-06,+1.70885689557E+00,+453.83166599E-03
+275.98000E-06,+1.70885689557E+00,+463.88191730E-03
+276.00000E-06,+1.70885689557E+00,+473.93216829E-03
+276.02000E-06,+1.70885689557E+00,+453.83166599E-03
+276.04000E-06,+1.70885689557E+00,+443.78141500E-03
+276.06000E-06,+1.70885689557E+00,+453.83166631E-03
+276.08000E-06,+1.60835438063E+00,+443.78141500E-03
+276.10000E-06,+1.70885689557E+00,+443.78141500E-03
+276.12000E-06,+1.70885689557E+00,+443.78141500E-03
+276.14000E-06,+1.70885689557E+00,+443.78141500E-03
+276.16000E-06,+1.70885689557E+00,+443.78141500E-03
+276.18000E-06,+1.70885689557E+00,+443.78141500E-03
+276.20000E-06,+1.70885689557E+00,+463.88191730E-03
+276.22000E-06,+1.70885689557E+00,+413.63066171E-03
+276.24000E-06,+1.70885689557E+00,+353.32915482E-03
+276.26000E-06,+1.70885689557E+00,+373.42965712E-03
+276.28000E-06,+1.70885689557E+00,+443.78141500E-03
+276.30000E-06,+1.70885689557E+00,+473.93216861E-03
+276.32000E-06,+1.70885689557E+00,+463.88191730E-03
+276.34000E-06,+1.70885689557E+00,+403.58041041E-03
+276.36000E-06,+1.70885689557E+00,+363.37940581E-03
+276.38000E-06,+1.70885689557E+00,+363.37940581E-03
+276.40000E-06,+1.70885689557E+00,+443.78141500E-03
+276.42000E-06,+1.70885689557E+00,+504.08292189E-03
+276.44000E-06,+1.70885689557E+00,+483.98241960E-03
+276.46000E-06,+1.70885689557E+00,+423.68091270E-03
+276.48000E-06,+1.70885689557E+00,+383.47990811E-03
+276.50000E-06,+1.70885689557E+00,+403.58041041E-03
+276.52000E-06,+1.70885689557E+00,+423.68091270E-03
+276.54000E-06,+1.70885689557E+00,+423.68091270E-03
+276.56000E-06,+1.70885689557E+00,+403.58041041E-03
+276.58000E-06,+1.70885689557E+00,+403.58041041E-03
+276.60000E-06,+1.70885689557E+00,+383.47990811E-03
+276.62000E-06,+1.70885689557E+00,+383.47990811E-03
+276.64000E-06,+1.70885689557E+00,+393.53015909E-03
+276.66000E-06,+1.70885689557E+00,+423.68091270E-03
+276.68000E-06,+1.70885689557E+00,+423.68091270E-03
+276.70000E-06,+1.70885689557E+00,+403.58041041E-03
+276.72000E-06,+1.70885689557E+00,+373.42965679E-03
+276.74000E-06,+1.70885689557E+00,+363.37940581E-03
+276.76000E-06,+1.70885689557E+00,+403.58041041E-03
+276.78000E-06,+1.70885689557E+00,+433.73116402E-03
+276.80000E-06,+1.70885689557E+00,+423.68091270E-03
+276.82000E-06,+1.70885689557E+00,+363.37940581E-03
+276.84000E-06,+1.70885689557E+00,+343.27890351E-03
+276.86000E-06,+1.70885689557E+00,+383.47990811E-03
+276.88000E-06,+1.70885689557E+00,+423.68091270E-03
+276.90000E-06,+1.70885689557E+00,+443.78141500E-03
+276.92000E-06,+1.70885689557E+00,+403.58041041E-03
+276.94000E-06,+1.70885689557E+00,+353.32915483E-03
+276.96000E-06,+1.90986192226E+00,+363.37940581E-03
+276.98000E-06,+1.70885689557E+00,+393.53015909E-03
+277.00000E-06,+1.70885689557E+00,+423.68091270E-03
+277.02000E-06,+1.70885689557E+00,+433.73116402E-03
+277.04000E-06,+1.70885689557E+00,+373.42965713E-03
+277.06000E-06,+1.70885689557E+00,+282.97739662E-03
+277.08000E-06,+1.70885689557E+00,+293.02764760E-03
+277.10000E-06,+1.70885689557E+00,+363.37940581E-03
+277.12000E-06,+1.70885689557E+00,+433.73116368E-03
+277.14000E-06,+1.70885689557E+00,+423.68091270E-03
+277.16000E-06,+1.80935941061E+00,+343.27890351E-03
+277.18000E-06,+1.70885689557E+00,+323.17840122E-03
+277.20000E-06,+1.90986192226E+00,+363.37940581E-03
+277.22000E-06,+1.70885689557E+00,+423.68091270E-03
+277.24000E-06,+1.70885689557E+00,+453.83166598E-03
+277.26000E-06,+1.70885689557E+00,+393.53015943E-03
+277.28000E-06,+1.80935940720E+00,+323.17840122E-03
+277.30000E-06,+1.70885689557E+00,+303.07789892E-03
+277.32000E-06,+1.70885689557E+00,+323.17840122E-03
+277.34000E-06,+1.70885689557E+00,+383.47990811E-03
+277.36000E-06,+1.70885689557E+00,+383.47990811E-03
+277.38000E-06,+1.70885689557E+00,+333.22865254E-03
+277.40000E-06,+1.70885689557E+00,+323.17840122E-03
+277.42000E-06,+1.70885689557E+00,+343.27890351E-03
+277.44000E-06,+1.70885689557E+00,+403.58041041E-03
+277.46000E-06,+1.90986192226E+00,+413.63066173E-03
+277.48000E-06,+1.90986192226E+00,+383.47990811E-03
+277.50000E-06,+1.90986192226E+00,+333.22865254E-03
+277.52000E-06,+1.90986192226E+00,+313.12814989E-03
+277.54000E-06,+1.80935941065E+00,+323.17840122E-03
+277.56000E-06,+1.70885689557E+00,+363.37940581E-03
+277.58000E-06,+1.70885689557E+00,+343.27890351E-03
+277.60000E-06,+1.70885689557E+00,+313.12814989E-03
+277.62000E-06,+1.70885689557E+00,+282.97739662E-03
+277.64000E-06,+1.80935941066E+00,+303.07789892E-03
+277.66000E-06,+1.80935941067E+00,+343.27890351E-03
+277.68000E-06,+1.90986192226E+00,+373.42965678E-03
+277.70000E-06,+1.80935941067E+00,+363.37940581E-03
+277.72000E-06,+1.90986192226E+00,+353.32915484E-03
+277.74000E-06,+1.80935941067E+00,+353.32915484E-03
+277.76000E-06,+1.70885689557E+00,+343.27890351E-03
+277.78000E-06,+1.70885689557E+00,+323.17840122E-03
+277.80000E-06,+1.70885689557E+00,+323.17840122E-03
+277.82000E-06,+1.70885689557E+00,+323.17840122E-03
+277.84000E-06,+1.70885689557E+00,+323.17840122E-03
+277.86000E-06,+1.70885689557E+00,+313.12814989E-03
+277.88000E-06,+1.90986192226E+00,+323.17840122E-03
+277.90000E-06,+1.70885689557E+00,+343.27890351E-03
+277.92000E-06,+1.90986192226E+00,+333.22865219E-03
+277.94000E-06,+1.90986192226E+00,+313.12814989E-03
+277.96000E-06,+1.70885689557E+00,+303.07789892E-03
+277.98000E-06,+1.70885689557E+00,+323.17840122E-03
+278.00000E-06,+1.90986192226E+00,+343.27890351E-03
+278.02000E-06,+1.70885689557E+00,+333.22865219E-03
+278.04000E-06,+1.90986192226E+00,+303.07789892E-03
+278.06000E-06,+1.80935941071E+00,+293.02764795E-03
+278.08000E-06,+1.90986192226E+00,+313.12814989E-03
+278.10000E-06,+1.90986192226E+00,+323.17840122E-03
+278.12000E-06,+1.90986192226E+00,+333.22865219E-03
+278.14000E-06,+1.80935940711E+00,+333.22865219E-03
+278.16000E-06,+1.70885689557E+00,+323.17840122E-03
+278.18000E-06,+1.70885689557E+00,+323.17840122E-03
+278.20000E-06,+1.80935941072E+00,+303.07789892E-03
+278.22000E-06,+1.80935941072E+00,+323.17840122E-03
+278.24000E-06,+1.70885689557E+00,+333.22865255E-03
+278.26000E-06,+1.80935941073E+00,+333.22865255E-03
+278.28000E-06,+1.70885689557E+00,+303.07789892E-03
+278.30000E-06,+1.90986192226E+00,+303.07789892E-03
+278.32000E-06,+1.70885689557E+00,+303.07789892E-03
+278.34000E-06,+1.70885689557E+00,+303.07789892E-03
+278.36000E-06,+1.70885689557E+00,+303.07789892E-03
+278.38000E-06,+1.90986192226E+00,+282.97739662E-03
+278.40000E-06,+1.90986192226E+00,+282.97739662E-03
+278.42000E-06,+1.90986192226E+00,+293.02764795E-03
+278.44000E-06,+1.70885689557E+00,+303.07789892E-03
+278.46000E-06,+1.90986192226E+00,+303.07789892E-03
+278.48000E-06,+1.70885689557E+00,+282.97739662E-03
+278.50000E-06,+1.90986192226E+00,+282.97739662E-03
+278.52000E-06,+1.90986192226E+00,+282.97739662E-03
+278.54000E-06,+1.90986192226E+00,+282.97739662E-03
+278.56000E-06,+1.90986192226E+00,+282.97739662E-03
+278.58000E-06,+1.70885689557E+00,+282.97739662E-03
+278.60000E-06,+1.90986192226E+00,+303.07789892E-03
+278.62000E-06,+1.90986192226E+00,+293.02764796E-03
+278.64000E-06,+1.80935941077E+00,+282.97739662E-03
+278.66000E-06,+1.90986192226E+00,+282.97739662E-03
+278.68000E-06,+1.90986192226E+00,+282.97739662E-03
+278.70000E-06,+1.70885689557E+00,+282.97739662E-03
+278.72000E-06,+1.90986192226E+00,+282.97739662E-03
+278.74000E-06,+1.70885689557E+00,+262.87689433E-03
+278.76000E-06,+1.80935941078E+00,+262.87689433E-03
+278.78000E-06,+1.90986192226E+00,+282.97739662E-03
+278.80000E-06,+1.90986192226E+00,+293.02764758E-03
+278.82000E-06,+1.80935940704E+00,+282.97739662E-03
+278.84000E-06,+1.90986192226E+00,+262.87689433E-03
+278.86000E-06,+1.90986192226E+00,+272.92714566E-03
+278.88000E-06,+1.70885689557E+00,+262.87689433E-03
+278.90000E-06,+1.80935941079E+00,+262.87689433E-03
+278.92000E-06,+1.70885689557E+00,+262.87689433E-03
+278.94000E-06,+1.70885689557E+00,+282.97739662E-03
+278.96000E-06,+1.70885689557E+00,+293.02764796E-03
+278.98000E-06,+1.70885689557E+00,+262.87689433E-03
+279.00000E-06,+1.80935940703E+00,+252.82664337E-03
+279.02000E-06,+1.80935941081E+00,+272.92714566E-03
+279.04000E-06,+1.80935940702E+00,+282.97739662E-03
+279.06000E-06,+1.90986192226E+00,+282.97739662E-03
+279.08000E-06,+1.80935941081E+00,+262.87689433E-03
+279.10000E-06,+1.90986192226E+00,+262.87689433E-03
+279.12000E-06,+1.90986192226E+00,+262.87689433E-03
+279.14000E-06,+1.90986192226E+00,+262.87689433E-03
+279.16000E-06,+1.90986192226E+00,+262.87689433E-03
+279.18000E-06,+1.90986192226E+00,+262.87689433E-03
+279.20000E-06,+1.90986192226E+00,+282.97739662E-03
+279.22000E-06,+1.70885689557E+00,+262.87689433E-03
+279.24000E-06,+1.90986192226E+00,+252.82664298E-03
+279.26000E-06,+1.90986192226E+00,+242.77639203E-03
+279.28000E-06,+1.90986192226E+00,+242.77639203E-03
+279.30000E-06,+1.90986192226E+00,+242.77639203E-03
+279.32000E-06,+1.90986192226E+00,+252.82664298E-03
+279.34000E-06,+1.70885689557E+00,+262.87689433E-03
+279.36000E-06,+1.70885689557E+00,+252.82664337E-03
+279.38000E-06,+1.90986192226E+00,+262.87689433E-03
+279.40000E-06,+1.90986192226E+00,+262.87689433E-03
+279.42000E-06,+1.90986192226E+00,+242.77639203E-03
+279.44000E-06,+1.90986192226E+00,+242.77639203E-03
+279.46000E-06,+1.90986192226E+00,+252.82664337E-03
+279.48000E-06,+1.70885689557E+00,+242.77639203E-03
+279.50000E-06,+1.80935941086E+00,+242.77639203E-03
+279.52000E-06,+1.70885689557E+00,+242.77639203E-03
+279.54000E-06,+1.90986192226E+00,+252.82664337E-03
+279.56000E-06,+1.90986192226E+00,+262.87689433E-03
+279.58000E-06,+1.90986192226E+00,+262.87689433E-03
+279.60000E-06,+1.90986192226E+00,+252.82664298E-03
+279.62000E-06,+1.80935940696E+00,+232.72614107E-03
+279.64000E-06,+1.90986192226E+00,+222.67588973E-03
+279.66000E-06,+1.90986192226E+00,+232.72614107E-03
+279.68000E-06,+1.90986192226E+00,+242.77639203E-03
+279.70000E-06,+1.90986192226E+00,+242.77639203E-03
+279.72000E-06,+1.90986192226E+00,+222.67588973E-03
+279.74000E-06,+1.90986192226E+00,+242.77639203E-03
+279.76000E-06,+1.90986192226E+00,+222.67588973E-03
+279.78000E-06,+1.80935940694E+00,+222.67588973E-03
+279.80000E-06,+1.90986192226E+00,+242.77639203E-03
+279.82000E-06,+1.90986192226E+00,+232.72614108E-03
+279.84000E-06,+1.90986192226E+00,+242.77639203E-03
+279.86000E-06,+1.90986192226E+00,+242.77639203E-03
+279.88000E-06,+1.90986192226E+00,+232.72614068E-03
+279.90000E-06,+1.90986192226E+00,+232.72614108E-03
+279.92000E-06,+1.90986192226E+00,+242.77639203E-03
+279.94000E-06,+1.70885689557E+00,+222.67588973E-03
+279.96000E-06,+1.90986192226E+00,+222.67588973E-03
+279.98000E-06,+1.90986192226E+00,+222.67588973E-03
+280.00000E-06,+1.90986192226E+00,+242.77639203E-03
+280.02000E-06,+1.90986192226E+00,+222.67588973E-03
+280.04000E-06,+1.90986192226E+00,+222.67588973E-03
+280.06000E-06,+1.90986192226E+00,+212.62563878E-03
+280.08000E-06,+1.80935941092E+00,+232.72614108E-03
+280.10000E-06,+1.90986192226E+00,+242.77639203E-03
+280.12000E-06,+1.90986192226E+00,+222.67588973E-03
+280.14000E-06,+1.90986192226E+00,+222.67588973E-03
+280.16000E-06,+1.90986192226E+00,+222.67588973E-03
+280.18000E-06,+1.90986192226E+00,+222.67588973E-03
+280.20000E-06,+1.90986192226E+00,+212.62563838E-03
+280.22000E-06,+1.90986192226E+00,+192.52513649E-03
+280.24000E-06,+1.90986192226E+00,+212.62563878E-03
+280.26000E-06,+1.90986192226E+00,+222.67588973E-03
+280.28000E-06,+1.70885689557E+00,+222.67588973E-03
+280.30000E-06,+1.90986192226E+00,+212.62563838E-03
+280.32000E-06,+2.01036443764E+00,+202.57538743E-03
+280.34000E-06,+1.90986192226E+00,+222.67588973E-03
+280.36000E-06,+1.90986192226E+00,+212.62563838E-03
+280.38000E-06,+1.90986192226E+00,+202.57538743E-03
+280.40000E-06,+1.90986192226E+00,+222.67588973E-03
+280.42000E-06,+1.90986192226E+00,+222.67588973E-03
+280.44000E-06,+1.90986192226E+00,+222.67588973E-03
+280.46000E-06,+1.90986192226E+00,+222.67588973E-03
+280.48000E-06,+1.90986192226E+00,+222.67588973E-03
+280.50000E-06,+1.90986192226E+00,+222.67588973E-03
+280.52000E-06,+1.90986192226E+00,+212.62563838E-03
+280.54000E-06,+1.90986192226E+00,+182.47488514E-03
+280.56000E-06,+1.90986192226E+00,+182.47488514E-03
+280.58000E-06,+1.90986192226E+00,+202.57538743E-03
+280.60000E-06,+1.90986192226E+00,+202.57538743E-03
+280.62000E-06,+1.90986192226E+00,+222.67588973E-03
+280.64000E-06,+1.90986192226E+00,+202.57538743E-03
+280.66000E-06,+1.90986192226E+00,+192.52513649E-03
+280.68000E-06,+1.90986192226E+00,+182.47488514E-03
+280.70000E-06,+1.90986192226E+00,+182.47488514E-03
+280.72000E-06,+1.90986192226E+00,+192.52513649E-03
+280.74000E-06,+1.90986192226E+00,+202.57538743E-03
+280.76000E-06,+1.90986192226E+00,+202.57538743E-03
+280.78000E-06,+1.90986192226E+00,+202.57538743E-03
+280.80000E-06,+1.90986192226E+00,+202.57538743E-03
+280.82000E-06,+1.90986192226E+00,+202.57538743E-03
+280.84000E-06,+1.90986192226E+00,+192.52513608E-03
+280.86000E-06,+1.90986192226E+00,+182.47488514E-03
+280.88000E-06,+1.90986192226E+00,+202.57538743E-03
+280.90000E-06,+1.90986192226E+00,+182.47488514E-03
+280.92000E-06,+1.90986192226E+00,+172.42463420E-03
+280.94000E-06,+1.90986192226E+00,+172.42463420E-03
+280.96000E-06,+1.90986192226E+00,+182.47488514E-03
+280.98000E-06,+1.90986192226E+00,+202.57538743E-03
+281.00000E-06,+1.90986192226E+00,+192.52513607E-03
+281.02000E-06,+1.90986192226E+00,+182.47488514E-03
+281.04000E-06,+1.90986192226E+00,+202.57538743E-03
+281.06000E-06,+1.90986192226E+00,+192.52513607E-03
+281.08000E-06,+1.90986192226E+00,+182.47488514E-03
+281.10000E-06,+1.90986192226E+00,+182.47488514E-03
+281.12000E-06,+1.90986192226E+00,+182.47488514E-03
+281.14000E-06,+1.90986192226E+00,+182.47488514E-03
+281.16000E-06,+1.90986192226E+00,+182.47488514E-03
+281.18000E-06,+1.90986192226E+00,+182.47488514E-03
+281.20000E-06,+1.90986192226E+00,+182.47488514E-03
+281.22000E-06,+1.90986192226E+00,+202.57538743E-03
+281.24000E-06,+1.90986192226E+00,+202.57538743E-03
+281.26000E-06,+1.90986192226E+00,+182.47488514E-03
+281.28000E-06,+1.90986192226E+00,+182.47488514E-03
+281.30000E-06,+1.90986192226E+00,+182.47488514E-03
+281.32000E-06,+1.90986192226E+00,+192.52513650E-03
+281.34000E-06,+1.90986192226E+00,+182.47488514E-03
+281.36000E-06,+1.90986192226E+00,+172.42463420E-03
+281.38000E-06,+1.90986192226E+00,+182.47488514E-03
+281.40000E-06,+1.90986192226E+00,+182.47488514E-03
+281.42000E-06,+1.90986192226E+00,+162.37438284E-03
+281.44000E-06,+1.90986192226E+00,+142.27388054E-03
+281.46000E-06,+1.90986192226E+00,+182.47488514E-03
+281.48000E-06,+1.90986192226E+00,+202.57538743E-03
+281.50000E-06,+1.90986192226E+00,+182.47488514E-03
+281.52000E-06,+1.90986192226E+00,+162.37438284E-03
+281.54000E-06,+1.90986192226E+00,+162.37438284E-03
+281.56000E-06,+2.01036443777E+00,+162.37438284E-03
+281.58000E-06,+1.90986192226E+00,+182.47488514E-03
+281.60000E-06,+1.90986192226E+00,+172.42463377E-03
+281.62000E-06,+1.90986192226E+00,+152.32413191E-03
+281.64000E-06,+1.90986192226E+00,+162.37438284E-03
+281.66000E-06,+1.90986192226E+00,+162.37438284E-03
+281.68000E-06,+1.90986192226E+00,+182.47488514E-03
+281.70000E-06,+1.90986192226E+00,+182.47488514E-03
+281.72000E-06,+1.90986192226E+00,+182.47488514E-03
+281.74000E-06,+1.90986192226E+00,+172.42463420E-03
+281.76000E-06,+1.90986192226E+00,+162.37438284E-03
+281.78000E-06,+1.90986192226E+00,+132.22362961E-03
+281.80000E-06,+1.90986192226E+00,+142.27388054E-03
+281.82000E-06,+1.90986192226E+00,+142.27388054E-03
+281.84000E-06,+1.90986192226E+00,+162.37438284E-03
+281.86000E-06,+1.90986192226E+00,+162.37438284E-03
+281.88000E-06,+1.90986192226E+00,+182.47488514E-03
+281.90000E-06,+1.90986192226E+00,+182.47488514E-03
+281.92000E-06,+2.01036443342E+00,+162.37438284E-03
+281.94000E-06,+2.11086694896E+00,+162.37438284E-03
+281.96000E-06,+1.90986192226E+00,+152.32413147E-03
+281.98000E-06,+1.90986192226E+00,+172.42463377E-03
+282.00000E-06,+1.90986192226E+00,+182.47488514E-03
+282.02000E-06,+1.90986192226E+00,+162.37438284E-03
+282.04000E-06,+2.01036443782E+00,+142.27388054E-03
+282.06000E-06,+1.90986192226E+00,+112.12312732E-03
+282.08000E-06,+2.11086694896E+00,+122.17337824E-03
+282.10000E-06,+1.90986192226E+00,+182.47488514E-03
+282.12000E-06,+1.80935941113E+00,+192.52513606E-03
+282.14000E-06,+1.90986192226E+00,+162.37438284E-03
+282.16000E-06,+1.90986192226E+00,+142.27388054E-03
+282.18000E-06,+1.90986192226E+00,+142.27388054E-03
+282.20000E-06,+1.90986192226E+00,+162.37438284E-03
+282.22000E-06,+1.90986192226E+00,+182.47488514E-03
+282.24000E-06,+2.01036443784E+00,+162.37438284E-03
+282.26000E-06,+1.90986192226E+00,+142.27388054E-03
+282.28000E-06,+1.90986192226E+00,+122.17337824E-03
+282.30000E-06,+1.90986192226E+00,+122.17337824E-03
+282.32000E-06,+1.90986192226E+00,+162.37438284E-03
+282.34000E-06,+1.90986192226E+00,+182.47488514E-03
+282.36000E-06,+1.90986192226E+00,+122.17337824E-03
+282.38000E-06,+1.90986192226E+00,+81.97237365E-03
+282.40000E-06,+1.90986192226E+00,+102.07287595E-03
+282.42000E-06,+1.90986192226E+00,+192.52513651E-03
+282.44000E-06,+1.90986192226E+00,+222.67588973E-03
+282.46000E-06,+2.01036443786E+00,+162.37438284E-03
+282.48000E-06,+2.11086694896E+00,+92.02262502E-03
+282.50000E-06,+1.90986192226E+00,+92.02262457E-03
+282.52000E-06,+1.90986192226E+00,+152.32413146E-03
+282.54000E-06,+1.90986192226E+00,+202.57538743E-03
+282.56000E-06,+1.90986192226E+00,+192.52513606E-03
+282.58000E-06,+1.90986192226E+00,+122.17337824E-03
+282.60000E-06,+1.90986192226E+00,+71.92212227E-03
+282.62000E-06,+1.90986192226E+00,+81.97237365E-03
+282.64000E-06,+1.90986192226E+00,+142.27388054E-03
+282.66000E-06,+2.01036443334E+00,+182.47488514E-03
+282.68000E-06,+2.11086694896E+00,+162.37438284E-03
+282.70000E-06,+2.11086694896E+00,+122.17337824E-03
+282.72000E-06,+2.11086694896E+00,+122.17337824E-03
+282.74000E-06,+1.90986192226E+00,+162.37438284E-03
+282.76000E-06,+2.11086694896E+00,+212.62563881E-03
+282.78000E-06,+1.90986192226E+00,+192.52513651E-03
+282.80000E-06,+2.01036443333E+00,+132.22362916E-03
+282.82000E-06,+1.90986192226E+00,+61.87187135E-03
+282.84000E-06,+1.90986192226E+00,+81.97237365E-03
+282.86000E-06,+1.90986192226E+00,+132.22362962E-03
+282.88000E-06,+1.90986192226E+00,+162.37438284E-03
+282.90000E-06,+1.90986192226E+00,+122.17337824E-03
+282.92000E-06,+1.90986192226E+00,+92.02262503E-03
+282.94000E-06,+1.90986192226E+00,+102.07287595E-03
+282.96000E-06,+1.90986192226E+00,+162.37438284E-03
+282.98000E-06,+2.01036443331E+00,+202.57538743E-03
+283.00000E-06,+1.90986192226E+00,+182.47488514E-03
+283.02000E-06,+2.11086694896E+00,+122.17337824E-03
+283.04000E-06,+2.11086694896E+00,+81.97237365E-03
+283.06000E-06,+1.90986192226E+00,+122.17337824E-03
+283.08000E-06,+1.90986192226E+00,+152.32413146E-03
+283.10000E-06,+1.90986192226E+00,+162.37438284E-03
+283.12000E-06,+1.90986192226E+00,+122.17337824E-03
+283.14000E-06,+1.90986192226E+00,+102.07287595E-03
+283.16000E-06,+1.90986192226E+00,+102.07287595E-03
+283.18000E-06,+2.01036443329E+00,+142.27388054E-03
+283.20000E-06,+2.01036443794E+00,+162.37438284E-03
+283.22000E-06,+1.90986192226E+00,+162.37438284E-03
+283.24000E-06,+2.11086694896E+00,+132.22362916E-03
+283.26000E-06,+1.90986192226E+00,+81.97237365E-03
+283.28000E-06,+1.90986192226E+00,+102.07287595E-03
+283.30000E-06,+1.90986192226E+00,+132.22362963E-03
+283.32000E-06,+2.01036443795E+00,+162.37438284E-03
+283.34000E-06,+1.90986192226E+00,+132.22362963E-03
+283.36000E-06,+1.90986192226E+00,+102.07287595E-03
+283.38000E-06,+2.11086694896E+00,+112.12312733E-03
+283.40000E-06,+1.90986192226E+00,+122.17337824E-03
+283.42000E-06,+1.90986192226E+00,+132.22362916E-03
+283.44000E-06,+1.90986192226E+00,+142.27388054E-03
+283.46000E-06,+1.90986192226E+00,+132.22362963E-03
+283.48000E-06,+1.90986192226E+00,+122.17337824E-03
+283.50000E-06,+1.90986192226E+00,+122.17337824E-03
+283.52000E-06,+2.01036443797E+00,+112.12312686E-03
+283.54000E-06,+1.90986192226E+00,+142.27388054E-03
+283.56000E-06,+2.01036443798E+00,+122.17337824E-03
+283.58000E-06,+2.01036443325E+00,+122.17337824E-03
+283.60000E-06,+1.90986192226E+00,+81.97237365E-03
+283.62000E-06,+1.90986192226E+00,+81.97237365E-03
+283.64000E-06,+1.90986192226E+00,+122.17337824E-03
+283.66000E-06,+1.90986192226E+00,+142.27388054E-03
+283.68000E-06,+1.90986192226E+00,+142.27388054E-03
+283.70000E-06,+2.01036443323E+00,+132.22362963E-03
+283.72000E-06,+1.90986192226E+00,+122.17337824E-03
+283.74000E-06,+1.90986192226E+00,+102.07287595E-03
+283.76000E-06,+1.90986192226E+00,+112.12312686E-03
+283.78000E-06,+2.11086694896E+00,+122.17337824E-03
+283.80000E-06,+1.90986192226E+00,+122.17337824E-03
+283.82000E-06,+1.90986192226E+00,+122.17337824E-03
+283.84000E-06,+1.90986192226E+00,+92.02262456E-03
+283.86000E-06,+1.90986192226E+00,+81.97237365E-03
+283.88000E-06,+1.90986192226E+00,+112.12312734E-03
+283.90000E-06,+1.90986192226E+00,+122.17337824E-03
+283.92000E-06,+1.90986192226E+00,+102.07287595E-03
+283.94000E-06,+1.90986192226E+00,+81.97237365E-03
+283.96000E-06,+1.90986192226E+00,+102.07287595E-03
+283.98000E-06,+1.90986192226E+00,+142.27388054E-03
+284.00000E-06,+2.11086694896E+00,+142.27388054E-03
+284.02000E-06,+1.90986192226E+00,+122.17337824E-03
+284.04000E-06,+2.11086694896E+00,+112.12312685E-03
+284.06000E-06,+1.90986192226E+00,+102.07287595E-03
+284.08000E-06,+1.90986192226E+00,+122.17337824E-03
+284.10000E-06,+2.01036443319E+00,+142.27388054E-03
+284.12000E-06,+1.90986192226E+00,+122.17337824E-03
+284.14000E-06,+1.90986192226E+00,+81.97237365E-03
+284.16000E-06,+1.90986192226E+00,+71.92212226E-03
+284.18000E-06,+1.90986192226E+00,+92.02262456E-03
+284.20000E-06,+1.90986192226E+00,+122.17337824E-03
+284.22000E-06,+2.01036443318E+00,+142.27388054E-03
+284.24000E-06,+2.11086694896E+00,+112.12312734E-03
+284.26000E-06,+1.90986192226E+00,+112.12312734E-03
+284.28000E-06,+2.01036443805E+00,+102.07287595E-03
+284.30000E-06,+1.90986192226E+00,+102.07287595E-03
+284.32000E-06,+2.11086694896E+00,+122.17337824E-03
+284.34000E-06,+1.90986192226E+00,+112.12312734E-03
+284.36000E-06,+1.90986192226E+00,+102.07287595E-03
+284.38000E-06,+1.90986192226E+00,+81.97237365E-03
+284.40000E-06,+1.90986192226E+00,+102.07287595E-03
+284.42000E-06,+2.11086694896E+00,+122.17337824E-03
+284.44000E-06,+1.90986192226E+00,+132.22362964E-03
+284.46000E-06,+1.90986192226E+00,+102.07287595E-03
+284.48000E-06,+2.11086694896E+00,+81.97237365E-03
+284.50000E-06,+1.90986192226E+00,+71.92212275E-03
+284.52000E-06,+1.90986192226E+00,+102.07287595E-03
+284.54000E-06,+1.90986192226E+00,+102.07287595E-03
+284.56000E-06,+1.90986192226E+00,+92.02262455E-03
+284.58000E-06,+1.90986192226E+00,+61.87187135E-03
+284.60000E-06,+2.11086694896E+00,+92.02262455E-03
+284.62000E-06,+2.01036443314E+00,+102.07287595E-03
+284.64000E-06,+2.11086694896E+00,+112.12312685E-03
+284.66000E-06,+1.90986192226E+00,+81.97237365E-03
+284.68000E-06,+1.90986192226E+00,+71.92212225E-03
+284.70000E-06,+1.90986192226E+00,+81.97237365E-03
+284.72000E-06,+1.90986192226E+00,+81.97237365E-03
+284.74000E-06,+2.01036443810E+00,+102.07287595E-03
+284.76000E-06,+2.11086694896E+00,+122.17337824E-03
+284.78000E-06,+1.90986192226E+00,+102.07287595E-03
+284.80000E-06,+2.11086694896E+00,+102.07287595E-03
+284.82000E-06,+2.11086694896E+00,+92.02262455E-03
+284.84000E-06,+2.11086694896E+00,+81.97237365E-03
+284.86000E-06,+1.90986192226E+00,+102.07287595E-03
+284.88000E-06,+1.90986192226E+00,+102.07287595E-03
+284.90000E-06,+1.90986192226E+00,+81.97237365E-03
+284.92000E-06,+1.90986192226E+00,+81.97237365E-03
+284.94000E-06,+1.90986192226E+00,+81.97237365E-03
+284.96000E-06,+2.11086694896E+00,+102.07287595E-03
+284.98000E-06,+1.90986192226E+00,+81.97237365E-03
+285.00000E-06,+2.01036443813E+00,+102.07287595E-03
+285.02000E-06,+1.90986192226E+00,+102.07287595E-03
+285.04000E-06,+2.01036443813E+00,+102.07287595E-03
+285.06000E-06,+2.11086694896E+00,+102.07287595E-03
+285.08000E-06,+2.11086694896E+00,+102.07287595E-03
+285.10000E-06,+2.01036443309E+00,+81.97237365E-03
+285.12000E-06,+1.90986192226E+00,+81.97237365E-03
+285.14000E-06,+1.90986192226E+00,+81.97237365E-03
+285.16000E-06,+1.90986192226E+00,+102.07287595E-03
+285.18000E-06,+1.90986192226E+00,+102.07287595E-03
+285.20000E-06,+2.11086694896E+00,+102.07287595E-03
+285.22000E-06,+1.90986192226E+00,+81.97237365E-03
+285.24000E-06,+1.90986192226E+00,+92.02262454E-03
+285.26000E-06,+1.90986192226E+00,+81.97237365E-03
+285.28000E-06,+1.90986192226E+00,+81.97237365E-03
+285.30000E-06,+1.90986192226E+00,+102.07287595E-03
+285.32000E-06,+1.90986192226E+00,+92.02262505E-03
+285.34000E-06,+1.90986192226E+00,+61.87187135E-03
+285.36000E-06,+1.90986192226E+00,+41.77136905E-03
+285.38000E-06,+1.90986192226E+00,+71.92212276E-03
+285.40000E-06,+1.90986192226E+00,+92.02262505E-03
+285.42000E-06,+2.01036443306E+00,+102.07287595E-03
+285.44000E-06,+2.01036443305E+00,+61.87187135E-03
+285.46000E-06,+1.90986192226E+00,+61.87187135E-03
+285.48000E-06,+1.90986192226E+00,+81.97237365E-03
+285.50000E-06,+1.90986192226E+00,+102.07287595E-03
+285.52000E-06,+2.11086694896E+00,+112.12312684E-03
+285.54000E-06,+2.11086694896E+00,+102.07287595E-03
+285.56000E-06,+2.01036443304E+00,+81.97237365E-03
+285.58000E-06,+1.90986192226E+00,+61.87187135E-03
+285.60000E-06,+1.90986192226E+00,+51.82161995E-03
+285.62000E-06,+1.90986192226E+00,+61.87187135E-03
+285.64000E-06,+1.90986192226E+00,+92.02262506E-03
+285.66000E-06,+2.11086694896E+00,+92.02262506E-03
+285.68000E-06,+2.11086694896E+00,+71.92212224E-03
+285.70000E-06,+2.01036443303E+00,+61.87187135E-03
+285.72000E-06,+1.90986192226E+00,+81.97237365E-03
+285.74000E-06,+1.90986192226E+00,+122.17337824E-03
+285.76000E-06,+2.11086694896E+00,+102.07287595E-03
+285.78000E-06,+2.01036443302E+00,+61.87187135E-03
+285.80000E-06,+1.90986192226E+00,+41.77136905E-03
+285.82000E-06,+1.90986192226E+00,+61.87187135E-03
+285.84000E-06,+1.90986192226E+00,+81.97237365E-03
+285.86000E-06,+1.90986192226E+00,+81.97237365E-03
+285.88000E-06,+2.11086694896E+00,+81.97237365E-03
+285.90000E-06,+1.90986192226E+00,+81.97237365E-03
+285.92000E-06,+1.90986192226E+00,+71.92212224E-03
+285.94000E-06,+1.90986192226E+00,+61.87187135E-03
+285.96000E-06,+2.11086694896E+00,+81.97237365E-03
+285.98000E-06,+2.11086694896E+00,+92.02262506E-03
+286.00000E-06,+2.01036443823E+00,+102.07287595E-03
+286.02000E-06,+2.11086694896E+00,+81.97237365E-03
+286.04000E-06,+1.90986192226E+00,+61.87187135E-03
+286.06000E-06,+2.11086694896E+00,+81.97237365E-03
+286.08000E-06,+2.11086694896E+00,+102.07287595E-03
+286.10000E-06,+2.11086694896E+00,+102.07287595E-03
+286.12000E-06,+2.11086694896E+00,+61.87187135E-03
+286.14000E-06,+1.90986192226E+00,+61.87187135E-03
+286.16000E-06,+2.01036443825E+00,+61.87187135E-03
+286.18000E-06,+2.11086694896E+00,+71.92212276E-03
+286.20000E-06,+2.11086694896E+00,+81.97237365E-03
+286.22000E-06,+2.11086694896E+00,+61.87187135E-03
+286.24000E-06,+2.11086694896E+00,+61.87187135E-03
+286.26000E-06,+2.01036443826E+00,+61.87187135E-03
+286.28000E-06,+2.11086694896E+00,+81.97237365E-03
+286.30000E-06,+2.11086694896E+00,+81.97237365E-03
+286.32000E-06,+2.11086694896E+00,+81.97237365E-03
+286.34000E-06,+1.90986192226E+00,+81.97237365E-03
+286.36000E-06,+2.11086694896E+00,+81.97237365E-03
+286.38000E-06,+1.90986192226E+00,+61.87187135E-03
+286.40000E-06,+2.11086694896E+00,+61.87187135E-03
+286.42000E-06,+1.90986192226E+00,+61.87187135E-03
+286.44000E-06,+2.01036443828E+00,+61.87187135E-03
+286.46000E-06,+1.90986192226E+00,+92.02262453E-03
+286.48000E-06,+1.90986192226E+00,+71.92212223E-03
+286.50000E-06,+1.90986192226E+00,+61.87187135E-03
+286.52000E-06,+1.90986192226E+00,+61.87187135E-03
+286.54000E-06,+1.90986192226E+00,+61.87187135E-03
+286.56000E-06,+2.11086694896E+00,+61.87187135E-03
+286.58000E-06,+2.11086694896E+00,+61.87187135E-03
+286.60000E-06,+2.11086694896E+00,+61.87187135E-03
+286.62000E-06,+1.90986192226E+00,+81.97237365E-03
+286.64000E-06,+2.11086694896E+00,+61.87187135E-03
+286.66000E-06,+2.01036443293E+00,+41.77136905E-03
+286.68000E-06,+2.11086694896E+00,+41.77136905E-03
+286.70000E-06,+2.01036443830E+00,+61.87187135E-03
+286.72000E-06,+1.90986192226E+00,+61.87187135E-03
+286.74000E-06,+2.11086694896E+00,+81.97237365E-03
+286.76000E-06,+1.90986192226E+00,+61.87187135E-03
+286.78000E-06,+2.11086694896E+00,+61.87187135E-03
+286.80000E-06,+1.90986192226E+00,+61.87187135E-03
+286.82000E-06,+1.90986192226E+00,+61.87187135E-03
+286.84000E-06,+1.90986192226E+00,+61.87187135E-03
+286.86000E-06,+1.90986192226E+00,+61.87187135E-03
+286.88000E-06,+2.11086694896E+00,+61.87187135E-03
+286.90000E-06,+1.90986192226E+00,+41.77136905E-03
+286.92000E-06,+1.90986192226E+00,+41.77136905E-03
+286.94000E-06,+2.11086694896E+00,+81.97237365E-03
+286.96000E-06,+2.01036443290E+00,+102.07287595E-03
+286.98000E-06,+1.90986192226E+00,+61.87187135E-03
+287.00000E-06,+1.90986192226E+00,+31.72111763E-03
+287.02000E-06,+2.11086694896E+00,+31.72111818E-03
+287.04000E-06,+2.11086694896E+00,+41.77136905E-03
+287.06000E-06,+2.01036443288E+00,+61.87187135E-03
+287.08000E-06,+1.90986192226E+00,+81.97237365E-03
+287.10000E-06,+2.11086694896E+00,+41.77136905E-03
+287.12000E-06,+2.11086694896E+00,+41.77136905E-03
+287.14000E-06,+1.90986192226E+00,+41.77136905E-03
+287.16000E-06,+2.01036443835E+00,+41.77136905E-03
+287.18000E-06,+1.90986192226E+00,+61.87187135E-03
+287.20000E-06,+2.11086694896E+00,+81.97237365E-03
+287.22000E-06,+1.90986192226E+00,+81.97237365E-03
+287.24000E-06,+2.11086694896E+00,+71.92212223E-03
+287.26000E-06,+2.11086694896E+00,+41.77136905E-03
+287.28000E-06,+1.90986192226E+00,+41.77136905E-03
+287.30000E-06,+2.11086694896E+00,+61.87187135E-03
+287.32000E-06,+2.11086694896E+00,+81.97237365E-03
+287.34000E-06,+2.11086694896E+00,+81.97237365E-03
+287.36000E-06,+1.90986192226E+00,+41.77136905E-03
+287.38000E-06,+2.01036443838E+00,+21.67086676E-03
+287.40000E-06,+2.11086694896E+00,+21.67086676E-03
+287.42000E-06,+1.90986192226E+00,+21.67086676E-03
+287.44000E-06,+1.90986192226E+00,+41.77136905E-03
+287.46000E-06,+1.90986192226E+00,+51.82162048E-03
+287.48000E-06,+2.11086694896E+00,+51.82162048E-03
+287.50000E-06,+2.11086694896E+00,+51.82162048E-03
+287.52000E-06,+2.11086694896E+00,+41.77136905E-03
+287.54000E-06,+1.90986192226E+00,+31.72111763E-03
+287.56000E-06,+2.11086694896E+00,+61.87187135E-03
+287.58000E-06,+1.90986192226E+00,+71.92212278E-03
+287.60000E-06,+2.11086694896E+00,+51.82161993E-03
+287.62000E-06,+2.11086694896E+00,+21.67086676E-03
+287.64000E-06,+2.11086694896E+00,+21.67086676E-03
+287.66000E-06,+1.90986192226E+00,+61.87187135E-03
+287.68000E-06,+2.11086694896E+00,+81.97237365E-03
+287.70000E-06,+1.90986192226E+00,+61.87187135E-03
+287.72000E-06,+2.11086694896E+00,+61.87187135E-03
+287.74000E-06,+1.90986192226E+00,+41.77136905E-03
+287.76000E-06,+1.90986192226E+00,+41.77136905E-03
+287.78000E-06,+1.90986192226E+00,+21.67086676E-03
+287.80000E-06,+2.01036443842E+00,+41.77136905E-03
+287.82000E-06,+1.90986192226E+00,+51.82162048E-03
+287.84000E-06,+1.90986192226E+00,+61.87187135E-03
+287.86000E-06,+2.01036443280E+00,+51.82161992E-03
+287.88000E-06,+2.11086694896E+00,+31.72111762E-03
+287.90000E-06,+2.11086694896E+00,+41.77136905E-03
+287.92000E-06,+2.11086694896E+00,+41.77136905E-03
+287.94000E-06,+1.90986192226E+00,+41.77136905E-03
+287.96000E-06,+1.90986192226E+00,+41.77136905E-03
+287.98000E-06,+2.11086694896E+00,+41.77136905E-03
+288.00000E-06,+2.11086694896E+00,+41.77136905E-03
+288.02000E-06,+1.90986192226E+00,+51.82161992E-03
+288.04000E-06,+1.90986192226E+00,+51.82161992E-03
+288.06000E-06,+1.90986192226E+00,+61.87187135E-03
+288.08000E-06,+1.90986192226E+00,+61.87187135E-03
+288.10000E-06,+2.11086694896E+00,+61.87187135E-03
+288.12000E-06,+2.11086694896E+00,+51.82161992E-03
+288.14000E-06,+1.90986192226E+00,+41.77136905E-03
+288.16000E-06,+2.11086694896E+00,+41.77136905E-03
+288.18000E-06,+2.01036443846E+00,+61.87187135E-03
+288.20000E-06,+2.11086694896E+00,+41.77136905E-03
+288.22000E-06,+2.11086694896E+00,+31.72111819E-03
+288.24000E-06,+2.11086694896E+00,+41.77136905E-03
+288.26000E-06,+1.90986192226E+00,+41.77136905E-03
+288.28000E-06,+2.11086694896E+00,+61.87187135E-03
+288.30000E-06,+1.90986192226E+00,+61.87187135E-03
+288.32000E-06,+2.11086694896E+00,+41.77136905E-03
+288.34000E-06,+2.11086694896E+00,+51.82162049E-03
+288.36000E-06,+1.90986192226E+00,+41.77136905E-03
+288.38000E-06,+2.11086694896E+00,+51.82162049E-03
+288.40000E-06,+2.01036443848E+00,+41.77136905E-03
+288.42000E-06,+1.90986192226E+00,+41.77136905E-03
+288.44000E-06,+2.11086694896E+00,+41.77136905E-03
+288.46000E-06,+1.90986192226E+00,+31.72111762E-03
+288.48000E-06,+2.01036443849E+00,+21.67086676E-03
+288.50000E-06,+1.90986192226E+00,+21.67086676E-03
+288.52000E-06,+2.01036443849E+00,+41.77136905E-03
+288.54000E-06,+2.11086694896E+00,+41.77136905E-03
+288.56000E-06,+2.11086694896E+00,+41.77136905E-03
+288.58000E-06,+1.90986192226E+00,+41.77136905E-03
+288.60000E-06,+2.01036443850E+00,+41.77136905E-03
+288.62000E-06,+2.11086694896E+00,+41.77136905E-03
+288.64000E-06,+2.11086694896E+00,+51.82161991E-03
+288.66000E-06,+1.90986192226E+00,+41.77136905E-03
+288.68000E-06,+2.11086694896E+00,+41.77136905E-03
+288.70000E-06,+1.90986192226E+00,+41.77136905E-03
+288.72000E-06,+2.01036443851E+00,+41.77136905E-03
+288.74000E-06,+1.90986192226E+00,+41.77136905E-03
+288.76000E-06,+1.90986192226E+00,+41.77136905E-03
+288.78000E-06,+2.11086694896E+00,+41.77136905E-03
+288.80000E-06,+2.11086694896E+00,+51.82161991E-03
+288.82000E-06,+1.90986192226E+00,+21.67086676E-03
+288.84000E-06,+1.90986192226E+00,+21.67086676E-03
+288.86000E-06,+2.01036443853E+00,+31.72111820E-03
+288.88000E-06,+2.11086694896E+00,+41.77136905E-03
+288.90000E-06,+1.90986192226E+00,+41.77136905E-03
+288.92000E-06,+2.11086694896E+00,+41.77136905E-03
+288.94000E-06,+2.11086694896E+00,+41.77136905E-03
+288.96000E-06,+2.11086694896E+00,+41.77136905E-03
+288.98000E-06,+1.90986192226E+00,+41.77136905E-03
+289.00000E-06,+2.11086694896E+00,+41.77136905E-03
+289.02000E-06,+1.90986192226E+00,+21.67086676E-03
+289.04000E-06,+2.11086694896E+00,+41.77136905E-03
+289.06000E-06,+2.11086694896E+00,+41.77136905E-03
+289.08000E-06,+2.01036443855E+00,+31.72111761E-03
+289.10000E-06,+2.11086694896E+00,+21.67086676E-03
+289.12000E-06,+2.11086694896E+00,+21.67086676E-03
+289.14000E-06,+2.01036443267E+00,+41.77136905E-03
+289.16000E-06,+2.11086694896E+00,+21.67086676E-03
+289.18000E-06,+2.11086694896E+00,+21.67086676E-03
+289.20000E-06,+2.11086694896E+00,+21.67086676E-03
+289.22000E-06,+2.11086694896E+00,+41.77136905E-03
+289.24000E-06,+2.11086694896E+00,+31.72111761E-03
+289.26000E-06,+2.11086694896E+00,+21.67086676E-03
+289.28000E-06,+1.90986192226E+00,+41.77136905E-03
+289.30000E-06,+1.90986192226E+00,+41.77136905E-03
+289.32000E-06,+1.90986192226E+00,+31.72111761E-03
+289.34000E-06,+2.01036443265E+00,+31.72111761E-03
+289.36000E-06,+2.11086694896E+00,+31.72111761E-03
+289.38000E-06,+2.11086694896E+00,+41.77136905E-03
+289.40000E-06,+1.90986192226E+00,+21.67086676E-03
+289.42000E-06,+2.11086694896E+00,+21.67086676E-03
+289.44000E-06,+2.01036443859E+00,+21.67086676E-03
+289.46000E-06,+1.90986192226E+00,+21.67086676E-03
+289.48000E-06,+2.11086694896E+00,+21.67086676E-03
+289.50000E-06,+2.11086694896E+00,+41.77136905E-03
+289.52000E-06,+2.11086694896E+00,+41.77136905E-03
+289.54000E-06,+2.11086694896E+00,+41.77136905E-03
+289.56000E-06,+2.11086694896E+00,+31.72111821E-03
+289.58000E-06,+1.90986192226E+00,+41.77136905E-03
+289.60000E-06,+1.90986192226E+00,+21.67086676E-03
+289.62000E-06,+2.11086694896E+00,+21.67086676E-03
+289.64000E-06,+2.11086694896E+00,+11.62061591E-03
+289.66000E-06,+2.11086694896E+00,+31.72111821E-03
+289.68000E-06,+2.11086694896E+00,+41.77136905E-03
+289.70000E-06,+2.11086694896E+00,+21.67086676E-03
+289.72000E-06,+2.11086694896E+00,+21.67086676E-03
+289.74000E-06,+2.11086694896E+00,+21.67086676E-03
+289.76000E-06,+2.11086694896E+00,+21.67086676E-03
+289.78000E-06,+1.90986192226E+00,+21.67086676E-03
+289.80000E-06,+2.11086694896E+00,+11.62061591E-03
+289.82000E-06,+2.11086694896E+00,+31.72111821E-03
+289.84000E-06,+2.11086694896E+00,+41.77136905E-03
+289.86000E-06,+2.11086694896E+00,+41.77136905E-03
+289.88000E-06,+2.11086694896E+00,+31.72111760E-03
+289.90000E-06,+2.11086694896E+00,+41.77136905E-03
+289.92000E-06,+2.11086694896E+00,+41.77136905E-03
+289.94000E-06,+2.11086694896E+00,+61.87187135E-03
+289.96000E-06,+2.11086694896E+00,+41.77136905E-03
+289.98000E-06,+2.01036443258E+00,-38.63064013E-03
+290.00000E-06,+2.11086694896E+00,-38.63064013E-03
+290.02000E-06,+2.11086694896E+00,+21.67086676E-03
+290.04000E-06,+2.11086694896E+00,+51.82161990E-03
+290.06000E-06,+2.11086694896E+00,+61.87187135E-03
+290.08000E-06,+2.11086694896E+00,+21.67086676E-03
+290.10000E-06,+2.11086694896E+00,-38.63064013E-03
+290.12000E-06,+1.90986192226E+00,-38.63064013E-03
+290.14000E-06,+2.11086694896E+00,+41.77136905E-03
+290.16000E-06,+2.11086694896E+00,+102.07287595E-03
+290.18000E-06,+2.11086694896E+00,+102.07287595E-03
+290.20000E-06,+2.11086694896E+00,+21.67086676E-03
+290.22000E-06,+2.11086694896E+00,-18.53013784E-03
+290.24000E-06,+2.11086694896E+00,+1.57036446E-03
+290.26000E-06,+2.11086694896E+00,+21.67086676E-03
+290.28000E-06,+2.11086694896E+00,+21.67086676E-03
+290.30000E-06,+2.11086694896E+00,+21.67086676E-03
+290.32000E-06,+2.11086694896E+00,+21.67086676E-03
+290.34000E-06,+1.90986192226E+00,+1.57036446E-03
+290.36000E-06,+2.11086694896E+00,+1.57036446E-03
+290.38000E-06,+2.11086694896E+00,+21.67086676E-03
+290.40000E-06,+2.11086694896E+00,+41.77136905E-03
+290.42000E-06,+2.11086694896E+00,+61.87187135E-03
+290.44000E-06,+2.11086694896E+00,+41.77136905E-03
+290.46000E-06,+2.11086694896E+00,+21.67086676E-03
+290.48000E-06,+2.11086694896E+00,+1.57036446E-03
+290.50000E-06,+1.90986192226E+00,+11.62061592E-03
+290.52000E-06,+1.90986192226E+00,+41.77136905E-03
+290.54000E-06,+2.11086694896E+00,+41.77136905E-03
+290.56000E-06,+2.11086694896E+00,+1.57036446E-03
+290.58000E-06,+1.90986192226E+00,-38.63064013E-03
+290.60000E-06,+2.11086694896E+00,-18.53013784E-03
+290.62000E-06,+2.11086694896E+00,+41.77136905E-03
+290.64000E-06,+2.11086694896E+00,+61.87187135E-03
+290.66000E-06,+2.11086694896E+00,+21.67086676E-03
+290.68000E-06,+2.11086694896E+00,-28.58038868E-03
+290.70000E-06,+2.11086694896E+00,-38.63064013E-03
+290.72000E-06,+2.11086694896E+00,+21.67086676E-03
+290.74000E-06,+2.01036443250E+00,+61.87187135E-03
+290.76000E-06,+2.11086694896E+00,+81.97237365E-03
+290.78000E-06,+2.11086694896E+00,+21.67086676E-03
+290.80000E-06,+2.11086694896E+00,-38.63064013E-03
+290.82000E-06,+1.90986192226E+00,-58.73114243E-03
+290.84000E-06,+2.01036443873E+00,-8.47988700E-03
+290.86000E-06,+2.11086694896E+00,+61.87187135E-03
+290.88000E-06,+2.11086694896E+00,+71.92212281E-03
+290.90000E-06,+2.11086694896E+00,+31.72111822E-03
+290.92000E-06,+2.11086694896E+00,-38.63064013E-03
+290.94000E-06,+2.11086694896E+00,-18.53013784E-03
+290.96000E-06,+2.11086694896E+00,+61.87187135E-03
+290.98000E-06,+2.11086694896E+00,+92.02262448E-03
+291.00000E-06,+2.11086694896E+00,+61.87187135E-03
+291.02000E-06,+1.90986192226E+00,-28.58038867E-03
+291.04000E-06,+2.11086694896E+00,-38.63064013E-03
+291.06000E-06,+2.01036443876E+00,+1.57036446E-03
+291.08000E-06,+2.11086694896E+00,+31.72111759E-03
+291.10000E-06,+2.11086694896E+00,+21.67086676E-03
+291.12000E-06,+2.11086694896E+00,+1.57036446E-03
+291.14000E-06,+1.90986192226E+00,-18.53013784E-03
+291.16000E-06,+1.90986192226E+00,+1.57036446E-03
+291.18000E-06,+1.90986192226E+00,+41.77136905E-03
+291.20000E-06,+2.11086694896E+00,+71.92212282E-03
+291.22000E-06,+2.11086694896E+00,+51.82162052E-03
+291.24000E-06,+2.11086694896E+00,+1.57036446E-03
+291.26000E-06,+2.11086694896E+00,-18.53013784E-03
+291.28000E-06,+2.11086694896E+00,-18.53013784E-03
+291.30000E-06,+2.11086694896E+00,+41.77136905E-03
+291.32000E-06,+2.11086694896E+00,+31.72111759E-03
+291.34000E-06,+2.11086694896E+00,+21.67086676E-03
+291.36000E-06,+2.11086694896E+00,-18.53013784E-03
+291.38000E-06,+1.90986192226E+00,-18.53013784E-03
+291.40000E-06,+1.90986192226E+00,+21.67086676E-03
+291.42000E-06,+1.90986192226E+00,+41.77136905E-03
+291.44000E-06,+1.90986192226E+00,+41.77136905E-03
+291.46000E-06,+2.01036443880E+00,+11.62061593E-03
+291.48000E-06,+2.11086694896E+00,+1.57036446E-03
+291.50000E-06,+2.11086694896E+00,+1.57036446E-03
+291.52000E-06,+2.11086694896E+00,+1.57036446E-03
+291.54000E-06,+2.11086694896E+00,+21.67086676E-03
+291.56000E-06,+1.90986192226E+00,+1.57036446E-03
+291.58000E-06,+1.90986192226E+00,-18.53013784E-03
+291.60000E-06,+2.01036443881E+00,-18.53013784E-03
+291.62000E-06,+2.01036443241E+00,+1.57036446E-03
+291.64000E-06,+2.11086694896E+00,+41.77136905E-03
+291.66000E-06,+2.11086694896E+00,+41.77136905E-03
+291.68000E-06,+2.11086694896E+00,+21.67086676E-03
+291.70000E-06,+2.01036443240E+00,+11.62061529E-03
+291.72000E-06,+2.11086694896E+00,+1.57036446E-03
+291.74000E-06,+2.11086694896E+00,+21.67086676E-03
+291.76000E-06,+2.01036443883E+00,+41.77136905E-03
+291.78000E-06,+2.11086694896E+00,+1.57036446E-03
+291.80000E-06,+2.11086694896E+00,-18.53013784E-03
+291.82000E-06,+1.90986192226E+00,-28.58038866E-03
+291.84000E-06,+2.11086694896E+00,+1.57036446E-03
+291.86000E-06,+2.11086694896E+00,+21.67086676E-03
+291.88000E-06,+2.11086694896E+00,+31.72111758E-03
+291.90000E-06,+2.11086694896E+00,+1.57036446E-03
+291.92000E-06,+2.11086694896E+00,+1.57036446E-03
+291.94000E-06,+2.11086694896E+00,+21.67086676E-03
+291.96000E-06,+2.11086694896E+00,+21.67086676E-03
+291.98000E-06,+2.11086694896E+00,+21.67086676E-03
+292.00000E-06,+2.11086694896E+00,+21.67086676E-03
+292.02000E-06,+2.11086694896E+00,+1.57036446E-03
+292.04000E-06,+2.11086694896E+00,+1.57036446E-03
+292.06000E-06,+2.01036443886E+00,-18.53013784E-03
+292.08000E-06,+2.11086694896E+00,+1.57036446E-03
+292.10000E-06,+2.01036443887E+00,+11.62061593E-03
+292.12000E-06,+2.11086694896E+00,+1.57036446E-03
+292.14000E-06,+2.11086694896E+00,-18.53013784E-03
+292.16000E-06,+2.01036443235E+00,+1.57036446E-03
+292.18000E-06,+1.90986192226E+00,+21.67086676E-03
+292.20000E-06,+2.11086694896E+00,+31.72111823E-03
+292.22000E-06,+2.11086694896E+00,+21.67086676E-03
+292.24000E-06,+2.11086694896E+00,+1.57036446E-03
+292.26000E-06,+2.11086694896E+00,+1.57036446E-03
+292.28000E-06,+2.11086694896E+00,+1.57036446E-03
+292.30000E-06,+1.90986192226E+00,+1.57036446E-03
+292.32000E-06,+2.11086694896E+00,-8.47988636E-03
+292.34000E-06,+1.90986192226E+00,-8.47988636E-03
+292.36000E-06,+2.11086694896E+00,+1.57036446E-03
+292.38000E-06,+2.11086694896E+00,+1.57036446E-03
+292.40000E-06,+2.11086694896E+00,+21.67086676E-03
+292.42000E-06,+2.11086694896E+00,+21.67086676E-03
+292.44000E-06,+2.11086694896E+00,+31.72111758E-03
+292.46000E-06,+2.11086694896E+00,+21.67086676E-03
+292.48000E-06,+2.11086694896E+00,+1.57036446E-03
+292.50000E-06,+1.90986192226E+00,+1.57036446E-03
+292.52000E-06,+2.11086694896E+00,+21.67086676E-03
+292.54000E-06,+1.90986192226E+00,+21.67086676E-03
+292.56000E-06,+2.11086694896E+00,+21.67086676E-03
+292.58000E-06,+2.11086694896E+00,+1.57036446E-03
+292.60000E-06,+2.11086694896E+00,+1.57036446E-03
+292.62000E-06,+2.11086694896E+00,+1.57036446E-03
+292.64000E-06,+1.90986192226E+00,+1.57036446E-03
+292.66000E-06,+2.11086694896E+00,+1.57036446E-03
+292.68000E-06,+2.11086694896E+00,+21.67086676E-03
+292.70000E-06,+2.11086694896E+00,+11.62061594E-03
+292.72000E-06,+2.11086694896E+00,+11.62061528E-03
+292.74000E-06,+2.11086694896E+00,+1.57036446E-03
+292.76000E-06,+2.11086694896E+00,+1.57036446E-03
+292.78000E-06,+2.11086694896E+00,+21.67086676E-03
+292.80000E-06,+1.90986192226E+00,+21.67086676E-03
+292.82000E-06,+2.11086694896E+00,+1.57036446E-03
+292.84000E-06,+2.11086694896E+00,+1.57036446E-03
+292.86000E-06,+2.11086694896E+00,-18.53013784E-03
+292.88000E-06,+2.11086694896E+00,-8.47988635E-03
+292.90000E-06,+2.11086694896E+00,+1.57036446E-03
+292.92000E-06,+2.11086694896E+00,+11.62061528E-03
+292.94000E-06,+2.11086694896E+00,+1.57036446E-03
+292.96000E-06,+1.90986192226E+00,+1.57036446E-03
+292.98000E-06,+1.90986192226E+00,+21.67086676E-03
+293.00000E-06,+2.11086694896E+00,+1.57036446E-03
+293.02000E-06,+2.11086694896E+00,+1.57036446E-03
+293.04000E-06,+2.11086694896E+00,+11.62061594E-03
+293.06000E-06,+2.11086694896E+00,+21.67086676E-03
+293.08000E-06,+2.01036443897E+00,+21.67086676E-03
+293.10000E-06,+2.11086694896E+00,+1.57036446E-03
+293.12000E-06,+2.01036443225E+00,+1.57036446E-03
+293.14000E-06,+2.01036443897E+00,-8.47988635E-03
+293.16000E-06,+2.11086694896E+00,+11.62061527E-03
+293.18000E-06,+2.01036443898E+00,+1.57036446E-03
+293.20000E-06,+2.11086694896E+00,+1.57036446E-03
+293.22000E-06,+1.90986192226E+00,+11.62061595E-03
+293.24000E-06,+2.11086694896E+00,+21.67086676E-03
+293.26000E-06,+2.11086694896E+00,+1.57036446E-03
+293.28000E-06,+2.11086694896E+00,+1.57036446E-03
+293.30000E-06,+2.11086694896E+00,+1.57036446E-03
+293.32000E-06,+2.11086694896E+00,+21.67086676E-03
+293.34000E-06,+2.11086694896E+00,+1.57036446E-03
+293.36000E-06,+2.11086694896E+00,-18.53013784E-03
+293.38000E-06,+1.90986192226E+00,-18.53013784E-03
+293.40000E-06,+2.11086694896E+00,+1.57036446E-03
+293.42000E-06,+2.11086694896E+00,+1.57036446E-03
+293.44000E-06,+2.11086694896E+00,+1.57036446E-03
+293.46000E-06,+2.11086694896E+00,+1.57036446E-03
+293.48000E-06,+1.90986192226E+00,+21.67086676E-03
+293.50000E-06,+2.11086694896E+00,+21.67086676E-03
+293.52000E-06,+2.11086694896E+00,+1.57036446E-03
+293.54000E-06,+2.11086694896E+00,-18.53013784E-03
+293.56000E-06,+2.11086694896E+00,+1.57036446E-03
+293.58000E-06,+2.01036443902E+00,+1.57036446E-03
+293.60000E-06,+2.11086694896E+00,-18.53013784E-03
+293.62000E-06,+2.11086694896E+00,-18.53013784E-03
+293.64000E-06,+2.11086694896E+00,-18.53013784E-03
+293.66000E-06,+2.11086694896E+00,+1.57036446E-03
+293.68000E-06,+2.11086694896E+00,+1.57036446E-03
+293.70000E-06,+2.11086694896E+00,+1.57036446E-03
+293.72000E-06,+2.11086694896E+00,+11.62061527E-03
+293.74000E-06,+2.11086694896E+00,+1.57036446E-03
+293.76000E-06,+2.11086694896E+00,+1.57036446E-03
+293.78000E-06,+2.11086694896E+00,-18.53013784E-03
+293.80000E-06,+2.11086694896E+00,-8.47988635E-03
+293.82000E-06,+2.11086694896E+00,-8.47988635E-03
+293.84000E-06,+2.11086694896E+00,+1.57036446E-03
+293.86000E-06,+2.01036443218E+00,+1.57036446E-03
+293.88000E-06,+2.11086694896E+00,-18.53013784E-03
+293.90000E-06,+2.01036443905E+00,-28.58038864E-03
+293.92000E-06,+2.11086694896E+00,+1.57036446E-03
+293.94000E-06,+2.01036443906E+00,+1.57036446E-03
+293.96000E-06,+2.11086694896E+00,+21.67086676E-03
+293.98000E-06,+2.11086694896E+00,+11.62061526E-03
+294.00000E-06,+2.11086694896E+00,+1.57036446E-03
+294.02000E-06,+2.11086694896E+00,+1.57036446E-03
+294.04000E-06,+2.11086694896E+00,+1.57036446E-03
+294.06000E-06,+2.11086694896E+00,-18.53013784E-03
+294.08000E-06,+2.11086694896E+00,-8.47988634E-03
+294.10000E-06,+2.11086694896E+00,+1.57036446E-03
+294.12000E-06,+2.11086694896E+00,+21.67086676E-03
+294.14000E-06,+2.01036443908E+00,+1.57036446E-03
+294.16000E-06,+2.11086694896E+00,+1.57036446E-03
+294.18000E-06,+2.11086694896E+00,+1.57036446E-03
+294.20000E-06,+2.11086694896E+00,+21.67086676E-03
+294.22000E-06,+2.01036443214E+00,+1.57036446E-03
+294.24000E-06,+2.11086694896E+00,-18.53013784E-03
+294.26000E-06,+2.11086694896E+00,-8.47988634E-03
+294.28000E-06,+2.11086694896E+00,+1.57036446E-03
+294.30000E-06,+2.11086694896E+00,+1.57036446E-03
+294.32000E-06,+2.11086694896E+00,-18.53013784E-03
+294.34000E-06,+2.11086694896E+00,-18.53013784E-03
+294.36000E-06,+2.11086694896E+00,-8.47988634E-03
+294.38000E-06,+2.01036443910E+00,+11.62061596E-03
+294.40000E-06,+2.11086694896E+00,+1.57036446E-03
+294.42000E-06,+2.11086694896E+00,+1.57036446E-03
+294.44000E-06,+2.11086694896E+00,+1.57036446E-03
+294.46000E-06,+2.11086694896E+00,+1.57036446E-03
+294.48000E-06,+2.11086694896E+00,-18.53013784E-03
+294.50000E-06,+2.11086694896E+00,-18.53013784E-03
+294.52000E-06,+2.11086694896E+00,-8.47988634E-03
+294.54000E-06,+2.11086694896E+00,+1.57036446E-03
+294.56000E-06,+2.11086694896E+00,-18.53013784E-03
+294.58000E-06,+2.11086694896E+00,-18.53013784E-03
+294.60000E-06,+2.11086694896E+00,+1.57036446E-03
+294.62000E-06,+2.11086694896E+00,+11.62061526E-03
+294.64000E-06,+2.11086694896E+00,-8.47988704E-03
+294.66000E-06,+2.01036443209E+00,-18.53013784E-03
+294.68000E-06,+2.11086694896E+00,-18.53013784E-03
+294.70000E-06,+2.11086694896E+00,-18.53013784E-03
+294.72000E-06,+2.11086694896E+00,+1.57036446E-03
+294.74000E-06,+2.11086694896E+00,+1.57036446E-03
+294.76000E-06,+2.11086694896E+00,-8.47988704E-03
+294.78000E-06,+2.11086694896E+00,+11.62061526E-03
+294.80000E-06,+2.11086694896E+00,+1.57036446E-03
+294.82000E-06,+1.90986192226E+00,+1.57036446E-03
+294.84000E-06,+2.11086694896E+00,+1.57036446E-03
+294.86000E-06,+2.01036443915E+00,+1.57036446E-03
+294.88000E-06,+2.11086694896E+00,+1.57036446E-03
+294.90000E-06,+2.11086694896E+00,+1.57036446E-03
+294.92000E-06,+2.11086694896E+00,+1.57036446E-03
+294.94000E-06,+2.11086694896E+00,-18.53013784E-03
+294.96000E-06,+2.11086694896E+00,-8.47988704E-03
+294.98000E-06,+1.90986192226E+00,-8.47988704E-03
+295.00000E-06,+2.11086694896E+00,-8.47988704E-03
+295.02000E-06,+2.11086694896E+00,-18.53013784E-03
+295.04000E-06,+2.11086694896E+00,+1.57036446E-03
+295.06000E-06,+2.01036443917E+00,+1.57036446E-03
+295.08000E-06,+2.11086694896E+00,+1.57036446E-03
+295.10000E-06,+2.11086694896E+00,-18.53013784E-03
+295.12000E-06,+2.11086694896E+00,-18.53013784E-03
+295.14000E-06,+2.11086694896E+00,-18.53013784E-03
+295.16000E-06,+2.11086694896E+00,+1.57036446E-03
+295.18000E-06,+2.11086694896E+00,+1.57036446E-03
+295.20000E-06,+2.11086694896E+00,-18.53013784E-03
+295.22000E-06,+2.11086694896E+00,-18.53013784E-03
+295.24000E-06,+2.11086694896E+00,-8.47988705E-03
+295.26000E-06,+2.11086694896E+00,+1.57036446E-03
+295.28000E-06,+2.11086694896E+00,+1.57036446E-03
+295.30000E-06,+2.11086694896E+00,+1.57036446E-03
+295.32000E-06,+2.11086694896E+00,+1.57036446E-03
+295.34000E-06,+2.11086694896E+00,+1.57036446E-03
+295.36000E-06,+2.11086694896E+00,-18.53013784E-03
+295.38000E-06,+2.11086694896E+00,-18.53013784E-03
+295.40000E-06,+2.11086694896E+00,+1.57036446E-03
+295.42000E-06,+2.11086694896E+00,+1.57036446E-03
+295.44000E-06,+2.11086694896E+00,-38.63064013E-03
+295.46000E-06,+2.01036443201E+00,-28.58038935E-03
+295.48000E-06,+2.11086694896E+00,+21.67086676E-03
+295.50000E-06,+1.90986192226E+00,+21.67086676E-03
+295.52000E-06,+2.11086694896E+00,+1.57036446E-03
+295.54000E-06,+1.90986192226E+00,-38.63064013E-03
+295.56000E-06,+2.11086694896E+00,-38.63064013E-03
+295.58000E-06,+2.11086694896E+00,+21.67086676E-03
+295.60000E-06,+2.11086694896E+00,+21.67086676E-03
+295.62000E-06,+2.11086694896E+00,+11.62061597E-03
+295.64000E-06,+2.11086694896E+00,-28.58038862E-03
+295.66000E-06,+2.11086694896E+00,-58.73114243E-03
+295.68000E-06,+2.11086694896E+00,-38.63064013E-03
+295.70000E-06,+2.11086694896E+00,+1.57036446E-03
+295.72000E-06,+2.11086694896E+00,+31.72111827E-03
+295.74000E-06,+2.11086694896E+00,+1.57036446E-03
+295.76000E-06,+2.11086694896E+00,-58.73114243E-03
+295.78000E-06,+2.11086694896E+00,-58.73114243E-03
+295.80000E-06,+2.11086694896E+00,+1.57036446E-03
+295.82000E-06,+2.11086694896E+00,+41.77136905E-03
+295.84000E-06,+2.11086694896E+00,+21.67086676E-03
+295.86000E-06,+2.11086694896E+00,-38.63064013E-03
+295.88000E-06,+2.11086694896E+00,-58.73114243E-03
+295.90000E-06,+2.11086694896E+00,-18.53013784E-03
+295.92000E-06,+2.11086694896E+00,+41.77136905E-03
+295.94000E-06,+2.11086694896E+00,+31.72111827E-03
+295.96000E-06,+2.11086694896E+00,-38.63064013E-03
+295.98000E-06,+2.11086694896E+00,-78.83164473E-03
+296.00000E-06,+2.01036443927E+00,-38.63064013E-03
+296.02000E-06,+1.90986192226E+00,+41.77136905E-03
+296.04000E-06,+2.11086694896E+00,+61.87187135E-03
+296.06000E-06,+2.11086694896E+00,-18.53013784E-03
+296.08000E-06,+2.11086694896E+00,-78.83164473E-03
+296.10000E-06,+2.11086694896E+00,-68.78139321E-03
+296.12000E-06,+1.90986192226E+00,+21.67086676E-03
+296.14000E-06,+2.11086694896E+00,+81.97237365E-03
+296.16000E-06,+2.11086694896E+00,+51.82162057E-03
+296.18000E-06,+2.01036443929E+00,-38.63064013E-03
+296.20000E-06,+2.11086694896E+00,-78.83164473E-03
+296.22000E-06,+2.11086694896E+00,-58.73114243E-03
+296.24000E-06,+2.01036443930E+00,+11.62061524E-03
+296.26000E-06,+2.01036443193E+00,+51.82162057E-03
+296.28000E-06,+2.11086694896E+00,+11.62061598E-03
+296.30000E-06,+2.11086694896E+00,-38.63064013E-03
+296.32000E-06,+2.11086694896E+00,-48.68089165E-03
+296.34000E-06,+2.11086694896E+00,+21.67086676E-03
+296.36000E-06,+2.11086694896E+00,+61.87187135E-03
+296.38000E-06,+2.11086694896E+00,+41.77136905E-03
+296.40000E-06,+2.11086694896E+00,-68.78139395E-03
+296.42000E-06,+2.11086694896E+00,-119.03264932E-03
+296.44000E-06,+2.11086694896E+00,-38.63064013E-03
+296.46000E-06,+2.01036443191E+00,+21.67086676E-03
+296.48000E-06,+2.11086694896E+00,+21.67086676E-03
+296.50000E-06,+2.11086694896E+00,-58.73114243E-03
+296.52000E-06,+2.11086694896E+00,-88.88189551E-03
+296.54000E-06,+2.11086694896E+00,-28.58038861E-03
+296.56000E-06,+2.11086694896E+00,+41.77136905E-03
+296.58000E-06,+2.11086694896E+00,+81.97237365E-03
+296.60000E-06,+2.11086694896E+00,+31.72111828E-03
+296.62000E-06,+2.11086694896E+00,-18.53013784E-03
+296.64000E-06,+2.11086694896E+00,-58.73114243E-03
+296.66000E-06,+2.11086694896E+00,-38.63064013E-03
+296.68000E-06,+2.11086694896E+00,+1.57036446E-03
+296.70000E-06,+2.11086694896E+00,+11.62061598E-03
+296.72000E-06,+2.11086694896E+00,-38.63064013E-03
+296.74000E-06,+2.11086694896E+00,-68.78139395E-03
+296.76000E-06,+2.11086694896E+00,-58.73114243E-03
+296.78000E-06,+1.90986192226E+00,+1.57036446E-03
+296.80000E-06,+2.11086694896E+00,+31.72111753E-03
+296.82000E-06,+2.01036443936E+00,+1.57036446E-03
+296.84000E-06,+2.11086694896E+00,-38.63064013E-03
+296.86000E-06,+2.11086694896E+00,-58.73114243E-03
+296.88000E-06,+2.11086694896E+00,+1.57036446E-03
+296.90000E-06,+2.11086694896E+00,+21.67086676E-03
+296.92000E-06,+2.11086694896E+00,+21.67086676E-03
+296.94000E-06,+2.01036443186E+00,-18.53013784E-03
+296.96000E-06,+2.01036443937E+00,-38.63064013E-03
+296.98000E-06,+2.11086694896E+00,-58.73114243E-03
+297.00000E-06,+2.11086694896E+00,-38.63064013E-03
+297.02000E-06,+2.11086694896E+00,-8.47988631E-03
+297.04000E-06,+2.11086694896E+00,+21.67086676E-03
+297.06000E-06,+1.90986192226E+00,+21.67086676E-03
+297.08000E-06,+2.11086694896E+00,-8.47988631E-03
+297.10000E-06,+2.11086694896E+00,-38.63064013E-03
+297.12000E-06,+2.11086694896E+00,-18.53013784E-03
+297.14000E-06,+2.11086694896E+00,+1.57036446E-03
+297.16000E-06,+2.11086694896E+00,+21.67086676E-03
+297.18000E-06,+2.11086694896E+00,+1.57036446E-03
+297.20000E-06,+2.11086694896E+00,-38.63064013E-03
+297.22000E-06,+2.11086694896E+00,-48.68089090E-03
+297.24000E-06,+2.11086694896E+00,-18.53013784E-03
+297.26000E-06,+2.11086694896E+00,+1.57036446E-03
+297.28000E-06,+2.11086694896E+00,+1.57036446E-03
+297.30000E-06,+2.11086694896E+00,-38.63064013E-03
+297.32000E-06,+2.11086694896E+00,-58.73114243E-03
+297.34000E-06,+2.11086694896E+00,-18.53013784E-03
+297.36000E-06,+2.11086694896E+00,+11.62061523E-03
+297.38000E-06,+2.01036443942E+00,+1.57036446E-03
+297.40000E-06,+2.11086694896E+00,-8.47988631E-03
+297.42000E-06,+2.11086694896E+00,-38.63064013E-03
+297.44000E-06,+2.11086694896E+00,-38.63064013E-03
+297.46000E-06,+2.11086694896E+00,-18.53013784E-03
+297.48000E-06,+2.11086694896E+00,+11.62061599E-03
+297.50000E-06,+2.11086694896E+00,+1.57036446E-03
+297.52000E-06,+2.11086694896E+00,-28.58038937E-03
+297.54000E-06,+2.11086694896E+00,-68.78139396E-03
+297.56000E-06,+1.90986192226E+00,-58.73114243E-03
+297.58000E-06,+2.01036443944E+00,+1.57036446E-03
+297.60000E-06,+2.11086694896E+00,+21.67086676E-03
+297.62000E-06,+2.11086694896E+00,-8.47988707E-03
+297.64000E-06,+2.11086694896E+00,-58.73114243E-03
+297.66000E-06,+1.90986192226E+00,-38.63064013E-03
+297.68000E-06,+2.11086694896E+00,-8.47988707E-03
+297.70000E-06,+2.01036443945E+00,+1.57036446E-03
+297.72000E-06,+2.11086694896E+00,-18.53013784E-03
+297.74000E-06,+2.11086694896E+00,-48.68089090E-03
+297.76000E-06,+2.11086694896E+00,-38.63064013E-03
+297.78000E-06,+2.11086694896E+00,-18.53013784E-03
+297.80000E-06,+2.11086694896E+00,+1.57036446E-03
+297.82000E-06,+2.11086694896E+00,+1.57036446E-03
+297.84000E-06,+2.11086694896E+00,-18.53013784E-03
+297.86000E-06,+2.11086694896E+00,-48.68089167E-03
+297.88000E-06,+2.11086694896E+00,-38.63064013E-03
+297.90000E-06,+2.11086694896E+00,-18.53013784E-03
+297.92000E-06,+1.90986192226E+00,+11.62061599E-03
+297.94000E-06,+2.11086694896E+00,-18.53013784E-03
+297.96000E-06,+2.11086694896E+00,-48.68089090E-03
+297.98000E-06,+2.11086694896E+00,-38.63064013E-03
+298.00000E-06,+2.11086694896E+00,-8.47988707E-03
+298.02000E-06,+2.11086694896E+00,+11.62061522E-03
+298.04000E-06,+2.11086694896E+00,+1.57036446E-03
+298.06000E-06,+1.90986192226E+00,-38.63064013E-03
+298.08000E-06,+2.11086694896E+00,-38.63064013E-03
+298.10000E-06,+1.90986192226E+00,-38.63064013E-03
+298.12000E-06,+2.01036443949E+00,+1.57036446E-03
+298.14000E-06,+2.11086694896E+00,+1.57036446E-03
+298.16000E-06,+2.11086694896E+00,+1.57036446E-03
+298.18000E-06,+2.01036443173E+00,-38.63064013E-03
+298.20000E-06,+2.11086694896E+00,-18.53013784E-03
+298.22000E-06,+1.90986192226E+00,-18.53013784E-03
+298.24000E-06,+2.11086694896E+00,+1.57036446E-03
+298.26000E-06,+2.11086694896E+00,-18.53013784E-03
+298.28000E-06,+2.01036443951E+00,-38.63064013E-03
+298.30000E-06,+2.11086694896E+00,-38.63064013E-03
+298.32000E-06,+1.90986192226E+00,-38.63064013E-03
+298.34000E-06,+2.11086694896E+00,-18.53013784E-03
+298.36000E-06,+2.11086694896E+00,-8.47988630E-03
+298.38000E-06,+1.90986192226E+00,-8.47988630E-03
+298.40000E-06,+2.11086694896E+00,-18.53013784E-03
+298.42000E-06,+2.11086694896E+00,-18.53013784E-03
+298.44000E-06,+2.11086694896E+00,-18.53013784E-03
+298.46000E-06,+2.11086694896E+00,+1.57036446E-03
+298.48000E-06,+2.11086694896E+00,-18.53013784E-03
+298.50000E-06,+2.11086694896E+00,-58.73114243E-03
+298.52000E-06,+2.11086694896E+00,-38.63064013E-03
+298.54000E-06,+2.11086694896E+00,-28.58038859E-03
+298.56000E-06,+2.11086694896E+00,+1.57036446E-03
+298.58000E-06,+2.11086694896E+00,-8.47988708E-03
+298.60000E-06,+2.11086694896E+00,-18.53013784E-03
+298.62000E-06,+2.11086694896E+00,+1.57036446E-03
+298.64000E-06,+2.11086694896E+00,+1.57036446E-03
+298.66000E-06,+2.11086694896E+00,+11.62061522E-03
+298.68000E-06,+2.11086694896E+00,-8.47988708E-03
+298.70000E-06,+2.11086694896E+00,+1.57036446E-03
+298.72000E-06,+1.90986192226E+00,+1.57036446E-03
+298.74000E-06,+1.90986192226E+00,-28.58038938E-03
+298.76000E-06,+2.11086694896E+00,-38.63064013E-03
+298.78000E-06,+2.11086694896E+00,-38.63064013E-03
+298.80000E-06,+2.11086694896E+00,-18.53013784E-03
+298.82000E-06,+2.01036443956E+00,-28.58038938E-03
+298.84000E-06,+2.11086694896E+00,-18.53013784E-03
+298.86000E-06,+1.90986192226E+00,-18.53013784E-03
+298.88000E-06,+2.11086694896E+00,-8.47988629E-03
+298.90000E-06,+2.11086694896E+00,+1.57036446E-03
+298.92000E-06,+2.11086694896E+00,-8.47988708E-03
+298.94000E-06,+2.11086694896E+00,-18.53013784E-03
+298.96000E-06,+2.11086694896E+00,-8.47988708E-03
+298.98000E-06,+2.11086694896E+00,-28.58038938E-03
+299.00000E-06,+2.11086694896E+00,-28.58038938E-03
+299.02000E-06,+2.11086694896E+00,-18.53013784E-03
+299.04000E-06,+2.11086694896E+00,-18.53013784E-03
+299.06000E-06,+2.11086694896E+00,+1.57036446E-03
+299.08000E-06,+2.11086694896E+00,-8.47988709E-03
+299.10000E-06,+2.11086694896E+00,-18.53013784E-03
+299.12000E-06,+2.11086694896E+00,-18.53013784E-03
+299.14000E-06,+1.90986192226E+00,-28.58038859E-03
+299.16000E-06,+1.90986192226E+00,-18.53013784E-03
+299.18000E-06,+2.11086694896E+00,-38.63064013E-03
+299.20000E-06,+2.11086694896E+00,-18.53013784E-03
+299.22000E-06,+2.11086694896E+00,-18.53013784E-03
+299.24000E-06,+2.11086694896E+00,+1.57036446E-03
+299.26000E-06,+2.11086694896E+00,-18.53013784E-03
+299.28000E-06,+1.90986192226E+00,-18.53013784E-03
+299.30000E-06,+2.11086694896E+00,-28.58038939E-03
+299.32000E-06,+2.11086694896E+00,-18.53013784E-03
+299.34000E-06,+2.01036443962E+00,-18.53013784E-03
+299.36000E-06,+2.11086694896E+00,-18.53013784E-03
+299.38000E-06,+2.11086694896E+00,-38.63064013E-03
+299.40000E-06,+2.11086694896E+00,-38.63064013E-03
+299.42000E-06,+1.90986192226E+00,-18.53013784E-03
+299.44000E-06,+2.11086694896E+00,-8.47988709E-03
+299.46000E-06,+2.11086694896E+00,-18.53013784E-03
+299.48000E-06,+2.11086694896E+00,-8.47988709E-03
+299.50000E-06,+2.11086694896E+00,+1.57036446E-03
+299.52000E-06,+2.11086694896E+00,-18.53013784E-03
+299.54000E-06,+2.01036443159E+00,-18.53013784E-03
+299.56000E-06,+2.11086694896E+00,-38.63064013E-03
+299.58000E-06,+2.11086694896E+00,-38.63064013E-03
+299.60000E-06,+2.11086694896E+00,-38.63064013E-03
+299.62000E-06,+2.11086694896E+00,-38.63064013E-03
+299.64000E-06,+2.11086694896E+00,-38.63064013E-03
+299.66000E-06,+2.11086694896E+00,-38.63064013E-03
+299.68000E-06,+1.90986192226E+00,-18.53013784E-03
+299.70000E-06,+2.01036443966E+00,-38.63064013E-03
+299.72000E-06,+2.11086694896E+00,-38.63064013E-03
+299.74000E-06,+2.11086694896E+00,-28.58038858E-03
+299.76000E-06,+2.11086694896E+00,-8.47988628E-03
+299.78000E-06,+2.11086694896E+00,+1.57036446E-03
+299.80000E-06,+2.11086694896E+00,-38.63064013E-03
+299.82000E-06,+2.11086694896E+00,-28.58038858E-03
+299.84000E-06,+2.11086694896E+00,-18.53013784E-03
+299.86000E-06,+2.11086694896E+00,-18.53013784E-03
+299.88000E-06,+2.11086694896E+00,-28.58038939E-03
+299.90000E-06,+2.11086694896E+00,-18.53013784E-03
+299.92000E-06,+2.11086694896E+00,-8.47988628E-03
+299.94000E-06,+2.11086694896E+00,-8.47988628E-03
+299.96000E-06,+2.11086694896E+00,-18.53013784E-03
+299.98000E-06,+2.11086694896E+00,-48.68089088E-03
+300.00000E-06,+2.11086694896E+00,-28.58038858E-03
+300.02000E-06,+2.11086694896E+00,-38.63064013E-03
+300.04000E-06,+2.11086694896E+00,-38.63064013E-03
+300.06000E-06,+2.01036443969E+00,-38.63064013E-03
+300.08000E-06,+2.11086694896E+00,-28.58038858E-03
+300.10000E-06,+2.11086694896E+00,-18.53013784E-03
+300.12000E-06,+2.11086694896E+00,+1.57036446E-03
+300.14000E-06,+2.11086694896E+00,-18.53013784E-03
+300.16000E-06,+2.11086694896E+00,+1.57036446E-03
+300.18000E-06,+2.11086694896E+00,-18.53013784E-03
+300.20000E-06,+2.11086694896E+00,-18.53013784E-03
+300.22000E-06,+2.11086694896E+00,-38.63064013E-03
+300.24000E-06,+2.11086694896E+00,-28.58038858E-03
+300.26000E-06,+2.01036443972E+00,-28.58038858E-03
+300.28000E-06,+2.11086694896E+00,-18.53013784E-03
+300.30000E-06,+2.11086694896E+00,-18.53013784E-03
+300.32000E-06,+2.11086694896E+00,-18.53013784E-03
+300.34000E-06,+2.11086694896E+00,-8.47988628E-03
+300.36000E-06,+2.11086694896E+00,-18.53013784E-03
+300.38000E-06,+2.11086694896E+00,-8.47988628E-03
+300.40000E-06,+2.11086694896E+00,-18.53013784E-03
+300.42000E-06,+2.01036443973E+00,-38.63064013E-03
+300.44000E-06,+1.90986192226E+00,-38.63064013E-03
+300.46000E-06,+1.90986192226E+00,-38.63064013E-03
+300.48000E-06,+2.11086694896E+00,-28.58038940E-03
+300.50000E-06,+2.11086694896E+00,-38.63064013E-03
+300.52000E-06,+2.11086694896E+00,-38.63064013E-03
+300.54000E-06,+2.01036443974E+00,-38.63064013E-03
+300.56000E-06,+2.11086694896E+00,-18.53013784E-03
+300.58000E-06,+2.11086694896E+00,-18.53013784E-03
+300.60000E-06,+2.11086694896E+00,-38.63064013E-03
+300.62000E-06,+2.11086694896E+00,-38.63064013E-03
+300.64000E-06,+2.11086694896E+00,-38.63064013E-03
+300.66000E-06,+2.11086694896E+00,-28.58038940E-03
+300.68000E-06,+2.11086694896E+00,-8.47988710E-03
+300.70000E-06,+2.11086694896E+00,+1.57036446E-03
+300.72000E-06,+2.11086694896E+00,+1.57036446E-03
+300.74000E-06,+2.11086694896E+00,-8.47988710E-03
+300.76000E-06,+2.11086694896E+00,-28.58038940E-03
+300.78000E-06,+2.11086694896E+00,-38.63064013E-03
