Time(s),CHAN1(V),CHAN2(V)
0.000958,4.733859,-0.000029
0.000958,4.733859,-0.000029
0.000958,4.733859,-0.000029
0.000958,4.733859,-0.000833
0.000958,4.733859,-0.000833
0.000958,4.733859,-0.000833
0.000958,4.733859,-0.000833
0.000958,4.733859,-0.000833
0.000958,4.733859,-0.000833
0.000958,4.733859,-0.000833
0.000958,4.733859,-0.000833
0.000958,4.733859,-0.000833
0.000958,4.733859,-0.000833
0.000958,4.733859,-0.000833
0.000958,4.733859,-0.001637
0.000958,4.733859,-0.001637
0.000958,4.733859,-0.001637
0.000958,4.733859,-0.001637
0.000958,4.733859,-0.001637
0.000958,4.733859,-0.001637
0.000958,4.733859,-0.001637
0.000958,4.733859,-0.001637
0.000958,4.733859,-0.001637
0.000958,4.733859,-0.001637
0.000958,4.733859,-0.001637
0.000958,4.733859,-0.001637
0.000958,4.733859,-0.001637
0.000958,4.733859,-0.001637
0.000958,4.733859,-0.000833
0.000958,4.733859,-0.000833
0.000958,4.733859,-0.000833
0.000958,4.733859,-0.000833
0.000958,4.733859,-0.000833
0.000958,4.733859,-0.000833
0.000958,4.733859,-0.000833
0.000958,4.733859,-0.000833
0.000958,4.733859,-0.000833
0.000958,4.733859,-0.000833
0.000958,4.733859,-0.000029
0.000959,4.733859,-0.000029
0.000959,4.733859,-0.000029
0.000959,4.733859,-0.000029
0.000959,4.733859,-0.000029
0.000959,4.733859,-0.000029
0.000959,4.733859,-0.000029
0.000959,4.733859,-0.000029
0.000959,4.733859,-0.000029
0.000959,4.733859,-0.000029
0.000959,4.733859,-0.000029
0.000959,4.733859,-0.000029
0.000959,4.733859,-0.000029
0.000959,4.733859,-0.000029
0.000959,4.733859,-0.000029
0.000959,4.733859,-0.000029
0.000959,4.733859,-0.000029
0.000959,4.733859,-0.000029
0.000959,4.733859,-0.000029
0.000959,4.733859,-0.000029
0.000959,4.733859,-0.000029
0.000959,4.733859,-0.000029
0.000959,4.733859,-0.000833
0.000959,4.733859,-0.000833
0.000959,4.733859,-0.000833
0.000959,4.733859,-0.000833
0.000959,4.733859,-0.000833
0.000959,4.733859,-0.000833
0.000959,4.733859,-0.000833
0.000959,4.733859,-0.000833
0.000959,4.733859,-0.000833
0.000959,4.733859,-0.000833
0.000959,4.733859,-0.000833
0.000959,4.733859,-0.001637
0.000959,4.733859,-0.001637
0.000959,4.733859,-0.001637
0.000959,4.733859,-0.001637
0.000959,4.733859,-0.001637
0.000959,4.733859,-0.001637
0.000960,4.733859,-0.001637
0.000960,4.733859,-0.001637
0.000960,4.733859,-0.000833
0.000960,4.733859,-0.000833
0.000960,4.733859,-0.000833
0.000960,4.733859,-0.000833
0.000960,4.733859,-0.000833
0.000960,4.733859,-0.000833
0.000960,4.733859,-0.000833
0.000960,4.733859,-0.000833
0.000960,4.733859,-0.000833
0.000960,4.733859,-0.000833
0.000960,4.733859,-0.000833
0.000960,4.733859,-0.000833
0.000960,4.733859,-0.000833
0.000960,4.733859,-0.000833
0.000960,4.733859,-0.000833
0.000960,4.733859,-0.000833
0.000960,4.733859,-0.000833
0.000960,4.733859,-0.000833
0.000960,4.733859,-0.000833
0.000960,4.733859,-0.000833
0.000960,4.733859,-0.000833
0.000960,4.733859,-0.000833
0.000960,4.733859,-0.000833
0.000960,4.733859,-0.000833
0.000960,4.733859,-0.000833
0.000960,4.733859,-0.000833
0.000960,4.733859,-0.000833
0.000960,4.733859,-0.000833
0.000960,4.733859,-0.000833
0.000960,4.733859,-0.000833
0.000960,4.733859,-0.000833
0.000960,4.733859,-0.000833
0.000960,4.733859,-0.000833
0.000960,4.733859,-0.000833
0.000960,4.733859,-0.000833
0.000960,4.733859,-0.000833
0.000960,4.733859,-0.000833
0.000961,4.733859,-0.000833
0.000961,4.733859,-0.000833
0.000961,4.733859,-0.000833
0.000961,4.733859,-0.000833
0.000961,4.733859,-0.000833
0.000961,4.733859,-0.000833
0.000961,4.733859,-0.000833
0.000961,4.733859,-0.000833
0.000961,4.733859,-0.000833
0.000961,4.733859,-0.000833
0.000961,4.733859,-0.000833
0.000961,4.733859,-0.000833
0.000961,4.733859,-0.000833
0.000961,4.733859,-0.000833
0.000961,4.733859,-0.000833
0.000961,4.733859,-0.000833
0.000961,4.733859,-0.000833
0.000961,4.733859,-0.000833
0.000961,4.733859,-0.000833
0.000961,4.733859,-0.000833
0.000961,4.733859,-0.000833
0.000961,4.733859,-0.000833
0.000961,4.733859,-0.000833
0.000961,4.733859,-0.000833
0.000961,4.733859,-0.000833
0.000961,4.733859,-0.000833
0.000961,4.733859,-0.000833
0.000961,4.733859,-0.000833
0.000961,4.733859,-0.000833
0.000961,4.733859,-0.000833
0.000961,4.733859,-0.000833
0.000961,4.733859,-0.000833
0.000961,4.733859,-0.000833
0.000961,4.733859,-0.000833
0.000961,4.733859,-0.000833
0.000961,4.733859,-0.000833
0.000961,4.733859,-0.000833
0.000961,4.733859,-0.000833
0.000962,4.733859,-0.000833
0.000962,4.733859,-0.000833
0.000962,4.733859,-0.000833
0.000962,4.733859,-0.000833
0.000962,4.733859,-0.000833
0.000962,4.733859,-0.000833
0.000962,4.733859,-0.000833
0.000962,4.733859,-0.000833
0.000962,4.733859,-0.000833
0.000962,4.733859,-0.000029
0.000962,4.733859,-0.000029
0.000962,4.733859,-0.000029
0.000962,4.733859,-0.000029
0.000962,4.733859,-0.000029
0.000962,4.733859,-0.000029
0.000962,4.733859,-0.000029
0.000962,4.733859,-0.000029
0.000962,4.733859,-0.000029
0.000962,4.733859,-0.000029
0.000962,4.733859,-0.000833
0.000962,4.733859,-0.000833
0.000962,4.733859,-0.000833
0.000962,4.733859,-0.000833
0.000962,4.733859,-0.000833
0.000962,4.733859,-0.000833
0.000962,4.733859,-0.000833
0.000962,4.733859,-0.000833
0.000962,4.733859,-0.000833
0.000962,4.733859,-0.000833
0.000962,4.733859,-0.000833
0.000962,4.733859,-0.000833
0.000962,4.733859,-0.000833
0.000962,4.733859,-0.000833
0.000962,4.733859,-0.000833
0.000962,4.733859,-0.000833
0.000962,4.733859,-0.000833
0.000962,4.733859,-0.000833
0.000962,4.733859,-0.000833
0.000962,4.733859,-0.001637
0.000963,4.733859,-0.001637
0.000963,4.733859,-0.001637
0.000963,4.733859,-0.001637
0.000963,4.733859,-0.001637
0.000963,4.733859,-0.001637
0.000963,4.733859,-0.001637
0.000963,4.733859,-0.001637
0.000963,4.733859,-0.001637
0.000963,4.733859,-0.001637
0.000963,4.733859,-0.001637
0.000963,4.733859,-0.001637
0.000963,4.733859,-0.001637
0.000963,4.733859,-0.001637
0.000963,4.733859,-0.001637
0.000963,4.733859,-0.001637
0.000963,4.733859,-0.001637
0.000963,4.733859,-0.001637
0.000963,4.733859,-0.001637
0.000963,4.733859,-0.001637
0.000963,4.733859,-0.001637
0.000963,4.733859,-0.001637
0.000963,4.733859,-0.001637
0.000963,4.733859,-0.000833
0.000963,4.733859,-0.000833
0.000963,4.733859,-0.000833
0.000963,4.733859,-0.000833
0.000963,4.733859,-0.000833
0.000963,4.733859,-0.000833
0.000963,4.733859,-0.000833
0.000963,4.733859,-0.000029
0.000963,4.733859,-0.000029
0.000963,4.733859,-0.000029
0.000963,4.733859,-0.000029
0.000963,4.733859,-0.000029
0.000963,4.733859,-0.000029
0.000963,4.733859,-0.000029
0.000963,4.733859,-0.000029
0.000963,4.733859,-0.000029
0.000964,4.733859,-0.000029
0.000964,4.733859,-0.000029
0.000964,4.733859,-0.000029
0.000964,4.733859,-0.000029
0.000964,4.733859,-0.000029
0.000964,4.733859,-0.000029
0.000964,4.733859,-0.000029
0.000964,4.733859,-0.000029
0.000964,4.733859,-0.000029
0.000964,4.733859,-0.000029
0.000964,4.733859,-0.000029
0.000964,4.733859,-0.000029
0.000964,4.733859,-0.000029
0.000964,4.733859,-0.000029
0.000964,4.733859,-0.000029
0.000964,4.733859,-0.000833
0.000964,4.733859,-0.000833
0.000964,4.733859,-0.000833
0.000964,4.733859,-0.000833
0.000964,4.733859,-0.000833
0.000964,4.733859,-0.000833
0.000964,4.733859,-0.000833
0.000964,4.733859,-0.000833
0.000964,4.733859,-0.000833
0.000964,4.733859,-0.000833
0.000964,4.733859,-0.000833
0.000964,4.733859,-0.000833
0.000964,4.733859,-0.000833
0.000964,4.733859,-0.000833
0.000964,4.733859,-0.001637
0.000964,4.733859,-0.001637
0.000964,4.733859,-0.001637
0.000964,4.733859,-0.001637
0.000964,4.733859,-0.001637
0.000964,4.733859,-0.001637
0.000964,4.733859,-0.001637
0.000964,4.733859,-0.001637
0.000964,4.733859,-0.001637
0.000965,4.733859,-0.001637
0.000965,4.733859,-0.001637
0.000965,4.733859,-0.001637
0.000965,4.733859,-0.001637
0.000965,4.733859,-0.001637
0.000965,4.733859,-0.001637
0.000965,4.733859,-0.001637
0.000965,4.733859,-0.001637
0.000965,4.733859,-0.001637
0.000965,4.733859,-0.001637
0.000965,4.733859,-0.001637
0.000965,4.733859,-0.001637
0.000965,4.733859,-0.001637
0.000965,4.733859,-0.001637
0.000965,4.733859,-0.001637
0.000965,4.733859,-0.001637
0.000965,4.733859,-0.001637
0.000965,4.733859,-0.001637
0.000965,4.733859,-0.000833
0.000965,4.733859,-0.000833
0.000965,4.733859,-0.000833
0.000965,4.733859,-0.000833
0.000965,4.733859,-0.000833
0.000965,4.733859,-0.000833
0.000965,4.733859,-0.000833
0.000965,4.733859,-0.000833
0.000965,4.733859,-0.000833
0.000965,4.733859,-0.000833
0.000965,4.733859,-0.000833
0.000965,4.733859,-0.000833
0.000965,4.733859,-0.000833
0.000965,4.733859,-0.000833
0.000965,4.733859,-0.000833
0.000965,4.733859,-0.000833
0.000965,4.733859,-0.000833
0.000965,4.733859,-0.000833
0.000965,4.733859,-0.000833
0.000965,4.733859,-0.000833
0.000965,4.733859,-0.000833
0.000966,4.733859,-0.000833
0.000966,4.733859,-0.000833
0.000966,4.733859,-0.000833
0.000966,4.733859,-0.000833
0.000966,4.733859,-0.000833
0.000966,4.733859,-0.000833
0.000966,4.733859,-0.000833
0.000966,4.733859,-0.000833
0.000966,4.733859,-0.000833
0.000966,4.733859,-0.000833
0.000966,4.733859,-0.000833
0.000966,4.733859,-0.000833
0.000966,4.733859,-0.000833
0.000966,4.733859,-0.000833
0.000966,4.733859,-0.000833
0.000966,4.733859,-0.000833
0.000966,4.733859,-0.000833
0.000966,4.733859,-0.000833
0.000966,4.733859,-0.000833
0.000966,4.733859,-0.000833
0.000966,4.733859,-0.000833
0.000966,4.733859,-0.000833
0.000966,4.733859,-0.000833
0.000966,4.733859,-0.000833
0.000966,4.733859,-0.001637
0.000966,4.733859,-0.001637
0.000966,4.733859,-0.001637
0.000966,4.733859,-0.001637
0.000966,4.733859,-0.001637
0.000966,4.733859,-0.001637
0.000966,4.733859,-0.001637
0.000966,4.733859,-0.001637
0.000966,4.733859,-0.001637
0.000966,4.733859,-0.001637
0.000966,4.733859,-0.001637
0.000966,4.733859,-0.001637
0.000966,4.733859,-0.001637
0.000966,4.733859,-0.001637
0.000967,4.733859,-0.001637
0.000967,4.733859,-0.001637
0.000967,4.733859,-0.001637
0.000967,4.733859,-0.001637
0.000967,4.733859,-0.001637
0.000967,4.733859,-0.001637
0.000967,4.733859,-0.001637
0.000967,4.733859,-0.001637
0.000967,4.733859,-0.001637
0.000967,4.733859,-0.001637
0.000967,4.733859,-0.001637
0.000967,4.733859,-0.001637
0.000967,4.733859,-0.001637
0.000967,4.733859,-0.001637
0.000967,4.733859,-0.001637
0.000967,4.733859,-0.001637
0.000967,4.733859,-0.001637
0.000967,4.733859,-0.001637
0.000967,4.733859,-0.001637
0.000967,4.733859,-0.001637
0.000967,4.733859,-0.001637
0.000967,4.733859,-0.001637
0.000967,4.733859,-0.001637
0.000967,4.733859,-0.001637
0.000967,4.733859,-0.001637
0.000967,4.733859,-0.001637
0.000967,4.733859,-0.001637
0.000967,4.733859,-0.001637
0.000967,4.733859,-0.001637
0.000967,4.733859,-0.001637
0.000967,4.733859,-0.001637
0.000967,4.733859,-0.001637
0.000967,4.733859,-0.001637
0.000967,4.733859,-0.001637
0.000967,4.733859,-0.001637
0.000967,4.733859,-0.001637
0.000967,4.733859,-0.001637
0.000967,4.733859,-0.001637
0.000967,4.733859,-0.001637
0.000968,4.733859,-0.001637
0.000968,4.733859,-0.001637
0.000968,4.733859,-0.001637
0.000968,4.733859,-0.001637
0.000968,4.733859,-0.001637
0.000968,4.733859,-0.001637
0.000968,4.733859,-0.001637
0.000968,4.733859,-0.001637
0.000968,4.733859,-0.001637
0.000968,4.733859,-0.001637
0.000968,4.733859,-0.001637
0.000968,4.733859,-0.001637
0.000968,4.733859,-0.001637
0.000968,4.733859,-0.001637
0.000968,4.733859,-0.001637
0.000968,4.733859,-0.001637
0.000968,4.733859,-0.001637
0.000968,4.733859,-0.001637
0.000968,4.733859,-0.001637
0.000968,4.733859,-0.000833
0.000968,4.733859,-0.000833
0.000968,4.733859,-0.000833
0.000968,4.733859,-0.000833
0.000968,4.733859,-0.000833
0.000968,4.733859,-0.000833
0.000968,4.733859,-0.000833
0.000968,4.733859,-0.000833
0.000968,4.733859,-0.000833
0.000968,4.733859,-0.000833
0.000968,4.733859,-0.000833
0.000968,4.733859,-0.000833
0.000968,4.733859,-0.000833
0.000968,4.733859,-0.000833
0.000968,4.733859,-0.000833
0.000968,4.733859,-0.000833
0.000968,4.733859,-0.000833
0.000968,4.733859,-0.000833
0.000968,4.733859,-0.000833
0.000969,4.733859,-0.000833
0.000969,4.733859,-0.000833
0.000969,4.733859,-0.001637
0.000969,4.733859,-0.001637
0.000969,4.733859,-0.001637
0.000969,4.733859,-0.001637
0.000969,4.733859,-0.001637
0.000969,4.733859,-0.001637
0.000969,4.733859,-0.001637
0.000969,4.733859,-0.001637
0.000969,4.733859,-0.002441
0.000969,4.733859,-0.002441
0.000969,4.733859,-0.002441
0.000969,4.733859,-0.002441
0.000969,4.733859,-0.002441
0.000969,4.733859,-0.002441
0.000969,4.733859,-0.002441
0.000969,4.733859,-0.002441
0.000969,4.733859,-0.003245
0.000969,4.733859,-0.003245
0.000969,4.733859,-0.003245
0.000969,4.733859,-0.003245
0.000969,4.733859,-0.003245
0.000969,4.733859,-0.003245
0.000969,4.733859,-0.003245
0.000969,4.733859,-0.003245
0.000969,4.733859,-0.003245
0.000969,4.733859,-0.003245
0.000969,4.733859,-0.003245
0.000969,4.733859,-0.003245
0.000969,4.733859,-0.003245
0.000969,4.733859,-0.003245
0.000969,4.733859,-0.003245
0.000969,4.733859,-0.003245
0.000969,4.733859,-0.002441
0.000969,4.733859,-0.002441
0.000969,4.733859,-0.002441
0.000969,4.733859,-0.002441
0.000970,4.733859,-0.002441
0.000970,4.733859,-0.002441
0.000970,4.733859,-0.002441
0.000970,4.733859,-0.002441
0.000970,4.733859,-0.002441
0.000970,4.733859,-0.002441
0.000970,4.733859,-0.001637
0.000970,4.733859,-0.001637
0.000970,4.733859,-0.001637
0.000970,4.733859,-0.001637
0.000970,4.733859,-0.001637
0.000970,4.733859,-0.001637
0.000970,4.733859,-0.001637
0.000970,4.733859,-0.001637
0.000970,4.733859,-0.001637
0.000970,4.733859,-0.001637
0.000970,4.733859,-0.001637
0.000970,4.733859,-0.001637
0.000970,4.733859,-0.001637
0.000970,4.733859,-0.001637
0.000970,4.733859,-0.000833
0.000970,4.733859,-0.000833
0.000970,4.733859,-0.000833
0.000970,4.733859,-0.000833
0.000970,4.733859,-0.000833
0.000970,4.733859,-0.000833
0.000970,4.733859,-0.000833
0.000970,4.733859,-0.000833
0.000970,4.733859,-0.001637
0.000970,4.733859,-0.001637
0.000970,4.733859,-0.001637
0.000970,4.733859,-0.001637
0.000970,4.733859,-0.001637
0.000970,4.733859,-0.001637
0.000970,4.733859,-0.001637
0.000970,4.733859,-0.001637
0.000970,4.733859,-0.001637
0.000970,4.733859,-0.001637
0.000970,4.733859,-0.002441
0.000971,4.733859,-0.002441
0.000971,4.733859,-0.002441
0.000971,4.733859,-0.002441
0.000971,4.733859,-0.002441
0.000971,4.733859,-0.002441
0.000971,4.733859,-0.002441
0.000971,4.733859,-0.002441
0.000971,4.733859,-0.002441
0.000971,4.733859,-0.002441
0.000971,4.733859,-0.002441
0.000971,4.733859,-0.002441
0.000971,4.733859,-0.002441
0.000971,4.733859,-0.002441
0.000971,4.733859,-0.002441
0.000971,4.733859,-0.003245
0.000971,4.733859,-0.002441
0.000971,4.733859,-0.002441
0.000971,4.733859,-0.002441
0.000971,4.733859,-0.002441
0.000971,4.733859,-0.003245
0.000971,4.733859,-0.003245
0.000971,4.733859,-0.003245
0.000971,4.733859,-0.003245
0.000971,4.733859,-0.002441
0.000971,4.733859,-0.002441
0.000971,4.733859,-0.002441
0.000971,4.733859,-0.002441
0.000971,4.733859,-0.002441
0.000971,4.733859,-0.002441
0.000971,4.733859,-0.002441
0.000971,4.733859,-0.002441
0.000971,4.733859,-0.002441
0.000971,4.733859,-0.002441
0.000971,4.733859,-0.002441
0.000971,4.733859,-0.002441
0.000971,4.733859,-0.002441
0.000971,4.733859,-0.002441
0.000971,4.733859,-0.002441
0.000972,4.733859,-0.002441
0.000972,4.733859,-0.002441
0.000972,4.733859,-0.002441
0.000972,4.733859,-0.002441
0.000972,4.733859,-0.002441
0.000972,4.733859,-0.002441
0.000972,4.733859,-0.002441
0.000972,4.733859,-0.002441
0.000972,4.733859,-0.002441
0.000972,4.733859,-0.002441
0.000972,4.733859,-0.002441
0.000972,4.733859,-0.002441
0.000972,4.733859,-0.002441
0.000972,4.733859,-0.002441
0.000972,4.733859,-0.002441
0.000972,4.733859,-0.002441
0.000972,4.733859,-0.002441
0.000972,4.733859,-0.002441
0.000972,4.733859,-0.002441
0.000972,4.733859,-0.002441
0.000972,4.733859,-0.002441
0.000972,4.733859,-0.002441
0.000972,4.733859,-0.002441
0.000972,4.733859,-0.002441
0.000972,4.733859,-0.002441
0.000972,4.733859,-0.002441
0.000972,4.733859,-0.002441
0.000972,4.733859,-0.002441
0.000972,4.733859,-0.002441
0.000972,4.733859,-0.002441
0.000972,4.733859,-0.002441
0.000972,4.733859,-0.002441
0.000972,4.733859,-0.002441
0.000972,4.733859,-0.002441
0.000972,4.733859,-0.001637
0.000972,4.733859,-0.001637
0.000972,4.733859,-0.001637
0.000972,4.733859,-0.001637
0.000972,4.733859,-0.001637
0.000973,4.733859,-0.001637
0.000973,4.733859,-0.001637
0.000973,4.733859,-0.001637
0.000973,4.733859,-0.001637
0.000973,4.733859,-0.001637
0.000973,4.733859,-0.001637
0.000973,4.733859,-0.001637
0.000973,4.733859,-0.001637
0.000973,4.733859,-0.001637
0.000973,4.733859,-0.001637
0.000973,4.733859,-0.001637
0.000973,4.733859,-0.001637
0.000973,4.733859,-0.001637
0.000973,4.733859,-0.001637
0.000973,4.733859,-0.001637
0.000973,4.733859,-0.001637
0.000973,4.733859,-0.001637
0.000973,4.733859,-0.001637
0.000973,4.733859,-0.001637
0.000973,4.733859,-0.002441
0.000973,4.733859,-0.002441
0.000973,4.733859,-0.002441
0.000973,4.733859,-0.002441
0.000973,4.733859,-0.002441
0.000973,4.733859,-0.002441
0.000973,4.733859,-0.002441
0.000973,4.733859,-0.003245
0.000973,4.733859,-0.003245
0.000973,4.733859,-0.003245
0.000973,4.733859,-0.003245
0.000973,4.733859,-0.003245
0.000973,4.733859,-0.003245
0.000973,4.733859,-0.003245
0.000973,4.733859,-0.003245
0.000973,4.733859,-0.003245
0.000973,4.733859,-0.003245
0.000973,4.733859,-0.002441
0.000973,4.733859,-0.002441
0.000974,4.733859,-0.002441
0.000974,4.733859,-0.002441
0.000974,4.733859,-0.002441
0.000974,4.733859,-0.002441
0.000974,4.733859,-0.002441
0.000974,4.733859,-0.002441
0.000974,4.733859,-0.002441
0.000974,4.733859,-0.002441
0.000974,4.733859,-0.002441
0.000974,4.733859,-0.002441
0.000974,4.733859,-0.002441
0.000974,4.733859,-0.002441
0.000974,4.733859,-0.001637
0.000974,4.733859,-0.001637
0.000974,4.733859,-0.001637
0.000974,4.733859,-0.001637
0.000974,4.733859,-0.001637
0.000974,4.733859,-0.001637
0.000974,4.733859,-0.001637
0.000974,4.733859,-0.001637
0.000974,4.733859,-0.001637
0.000974,4.733859,-0.001637
0.000974,4.733859,-0.001637
0.000974,4.733859,-0.001637
0.000974,4.733859,-0.001637
0.000974,4.733859,-0.001637
0.000974,4.733859,-0.001637
0.000974,4.733859,-0.001637
0.000974,4.733859,-0.001637
0.000974,4.733859,-0.001637
0.000974,4.733859,-0.001637
0.000974,4.733859,-0.001637
0.000974,4.733859,-0.001637
0.000974,4.733859,-0.001637
0.000974,4.733859,-0.001637
0.000974,4.733859,-0.001637
0.000974,4.733859,-0.001637
0.000974,4.733859,-0.001637
0.000975,4.733859,-0.001637
0.000975,4.733859,-0.001637
0.000975,4.733859,-0.001637
0.000975,4.733859,-0.001637
0.000975,4.733859,-0.001637
0.000975,4.733859,-0.001637
0.000975,4.733859,-0.001637
0.000975,4.733859,-0.001637
0.000975,4.733859,-0.001637
0.000975,4.733859,-0.001637
0.000975,4.733859,-0.001637
0.000975,4.733859,-0.001637
0.000975,4.733859,-0.001637
0.000975,4.733859,-0.001637
0.000975,4.733859,-0.001637
0.000975,4.733859,-0.001637
0.000975,4.733859,-0.001637
0.000975,4.733859,-0.001637
0.000975,4.733859,-0.001637
0.000975,4.733859,-0.001637
0.000975,4.733859,-0.001637
0.000975,4.733859,-0.001637
0.000975,4.733859,-0.001637
0.000975,4.733859,-0.001637
0.000975,4.733859,-0.001637
0.000975,4.733859,-0.001637
0.000975,4.733859,-0.001637
0.000975,4.733859,-0.001637
0.000975,4.733859,-0.001637
0.000975,4.733859,-0.001637
0.000975,4.733859,-0.001637
0.000975,4.733859,-0.001637
0.000975,4.733859,-0.001637
0.000975,4.733859,-0.001637
0.000975,4.733859,-0.001637
0.000975,4.733859,-0.001637
0.000975,4.733859,-0.001637
0.000975,4.733859,-0.001637
0.000975,4.733859,-0.001637
0.000976,4.733859,-0.001637
0.000976,4.733859,-0.001637
0.000976,4.733859,-0.001637
0.000976,4.733859,-0.001637
0.000976,4.733859,-0.001637
0.000976,4.733859,-0.001637
0.000976,4.733859,-0.001637
0.000976,4.733859,-0.001637
0.000976,4.733859,-0.001637
0.000976,4.733859,-0.001637
0.000976,4.733859,-0.001637
0.000976,4.733859,-0.001637
0.000976,4.733859,-0.001637
0.000976,4.733859,-0.001637
0.000976,4.733859,-0.001637
0.000976,4.733859,-0.001637
0.000976,4.733859,-0.001637
0.000976,4.733859,-0.001637
0.000976,4.733859,-0.001637
0.000976,4.733859,-0.001637
0.000976,4.733859,-0.001637
0.000976,4.733859,-0.001637
0.000976,4.733859,-0.001637
0.000976,4.733859,-0.001637
0.000976,4.733859,-0.001637
0.000976,4.733859,-0.000833
0.000976,4.733859,-0.000833
0.000976,4.733859,-0.000833
0.000976,4.733859,-0.000833
0.000976,4.733859,-0.000833
0.000976,4.733859,-0.000833
0.000976,4.733859,-0.000833
0.000976,4.733859,-0.000833
0.000976,4.733859,-0.000833
0.000976,4.733859,-0.000833
0.000976,4.733859,-0.000833
0.000976,4.733859,-0.000833
0.000976,4.733859,-0.000833
0.000977,4.733859,-0.000833
0.000977,4.733859,-0.000833
0.000977,4.733859,-0.000833
0.000977,4.733859,-0.000833
0.000977,4.733859,-0.001637
0.000977,4.733859,-0.001637
0.000977,4.733859,-0.001637
0.000977,4.733859,-0.001637
0.000977,4.733859,-0.001637
0.000977,4.733859,-0.001637
0.000977,4.733859,-0.001637
0.000977,4.733859,-0.001637
0.000977,4.733859,-0.001637
0.000977,4.733859,-0.001637
0.000977,4.733859,-0.001637
0.000977,4.733859,-0.001637
0.000977,4.733859,-0.001637
0.000977,4.733859,-0.001637
0.000977,4.733859,-0.001637
0.000977,4.733859,-0.001637
0.000977,4.733859,-0.001637
0.000977,4.733859,-0.001637
0.000977,4.733859,-0.001637
0.000977,4.733859,-0.001637
0.000977,4.733859,-0.001637
0.000977,4.733859,-0.001637
0.000977,4.733859,-0.000833
0.000977,4.733859,-0.000833
0.000977,4.733859,-0.000833
0.000977,4.733859,-0.000833
0.000977,4.733859,-0.000833
0.000977,4.733859,-0.000833
0.000977,4.733859,-0.000833
0.000977,4.733859,-0.000833
0.000977,4.733859,-0.000833
0.000977,4.733859,-0.000833
0.000977,4.733859,-0.000029
0.000977,4.733859,-0.000029
0.000977,4.733859,-0.000029
0.000978,4.733859,-0.000029
0.000978,4.733859,-0.000029
0.000978,4.733859,-0.000029
0.000978,4.733859,-0.000029
0.000978,4.733859,-0.000029
0.000978,4.733859,-0.000029
0.000978,4.733859,-0.000029
0.000978,4.733859,-0.000029
0.000978,4.733859,-0.000029
0.000978,4.733859,-0.000029
0.000978,4.733859,-0.000029
0.000978,4.733859,-0.000029
0.000978,4.733859,-0.000029
0.000978,4.733859,-0.000029
0.000978,4.733859,-0.000029
0.000978,4.733859,-0.000833
0.000978,4.733859,-0.000833
0.000978,4.733859,-0.000833
0.000978,4.733859,-0.000833
0.000978,4.733859,-0.000833
0.000978,4.733859,-0.000833
0.000978,4.733859,-0.000833
0.000978,4.733859,-0.000833
0.000978,4.733859,-0.000833
0.000978,4.733859,-0.001637
0.000978,4.733859,-0.001637
0.000978,4.733859,-0.001637
0.000978,4.733859,-0.001637
0.000978,4.733859,-0.001637
0.000978,4.733859,-0.001637
0.000978,4.733859,-0.001637
0.000978,4.733859,-0.001637
0.000978,4.733859,-0.001637
0.000978,4.733859,-0.001637
0.000978,4.733859,-0.001637
0.000978,4.733859,-0.001637
0.000978,4.733859,-0.001637
0.000978,4.733859,-0.001637
0.000979,4.733859,-0.001637
0.000979,4.733859,-0.000833
0.000979,4.733859,-0.000833
0.000979,4.733859,-0.000833
0.000979,4.733859,-0.000833
0.000979,4.733859,-0.000833
0.000979,4.733859,-0.000833
0.000979,4.733859,-0.000833
0.000979,4.733859,-0.000833
0.000979,4.733859,-0.000029
0.000979,4.733859,-0.000029
0.000979,4.733859,-0.000029
0.000979,4.733859,-0.000029
0.000979,4.733859,-0.000029
0.000979,4.733859,-0.000029
0.000979,4.733859,-0.000029
0.000979,4.733859,-0.000029
0.000979,4.733859,-0.000029
0.000979,4.733859,-0.000029
0.000979,4.733859,-0.000029
0.000979,4.733859,-0.000029
0.000979,4.733859,-0.000029
0.000979,4.733859,-0.000029
0.000979,4.733859,-0.000833
0.000979,4.733859,-0.000833
0.000979,4.733859,-0.000833
0.000979,4.733859,-0.000833
0.000979,4.733859,-0.000833
0.000979,4.733859,-0.000833
0.000979,4.733859,-0.000833
0.000979,4.733859,-0.000833
0.000979,4.733859,-0.000833
0.000979,4.733859,-0.000833
0.000979,4.733859,-0.000833
0.000979,4.733859,-0.000833
0.000979,4.733859,-0.000833
0.000979,4.733859,-0.000833
0.000979,4.733859,-0.000833
0.000980,4.733859,-0.000833
0.000980,4.733859,-0.000833
0.000980,4.733859,-0.000833
0.000980,4.733859,-0.000833
0.000980,4.733859,-0.000833
0.000980,4.733859,-0.000833
0.000980,4.733859,-0.001637
0.000980,4.733859,-0.001637
0.000980,4.733859,-0.001637
0.000980,4.733859,-0.000833
0.000980,4.733859,-0.000833
0.000980,4.733859,-0.000833
0.000980,4.733859,-0.000833
0.000980,4.733859,-0.000833
0.000980,4.733859,-0.000833
0.000980,4.733859,-0.000833
0.000980,4.733859,-0.000833
0.000980,4.733859,-0.000833
0.000980,4.733859,-0.000833
0.000980,4.733859,-0.000833
0.000980,4.733859,-0.000029
0.000980,4.733859,-0.000029
0.000980,4.733859,-0.000029
0.000980,4.733859,-0.000029
0.000980,4.733859,-0.000029
0.000980,4.733859,-0.000029
0.000980,4.733859,-0.000029
0.000980,4.733859,-0.000029
0.000980,4.733859,-0.000029
0.000980,4.733859,-0.000029
0.000980,4.733859,-0.000029
0.000980,4.733859,-0.000029
0.000980,4.733859,-0.000029
0.000980,4.733859,-0.000029
0.000980,4.733859,-0.000029
0.000980,4.733859,-0.000029
0.000980,4.733859,-0.000029
0.000980,4.733859,-0.000029
0.000980,4.733859,-0.000833
0.000981,4.733859,-0.000833
0.000981,4.733859,-0.000833
0.000981,4.733859,-0.000833
0.000981,4.733859,-0.000833
0.000981,4.733859,-0.000833
0.000981,4.733859,-0.000833
0.000981,4.733859,-0.000833
0.000981,4.733859,-0.000833
0.000981,4.733859,-0.000833
0.000981,4.733859,-0.000833
0.000981,4.733859,-0.000833
0.000981,4.733859,-0.000833
0.000981,4.733859,-0.000833
0.000981,4.733859,-0.000833
0.000981,4.733859,-0.000833
0.000981,4.733859,-0.000833
0.000981,4.733859,-0.000833
0.000981,4.733859,-0.000833
0.000981,4.733859,-0.000833
0.000981,4.733859,-0.000833
0.000981,4.733859,-0.000833
0.000981,4.733859,-0.001637
0.000981,4.733859,-0.001637
0.000981,4.733859,-0.001637
0.000981,4.733859,-0.001637
0.000981,4.733859,-0.001637
0.000981,4.733859,-0.001637
0.000981,4.733859,-0.001637
0.000981,4.733859,-0.001637
0.000981,4.733859,-0.001637
0.000981,4.733859,-0.001637
0.000981,4.733859,-0.001637
0.000981,4.733859,-0.001637
0.000981,4.733859,-0.001637
0.000981,4.733859,-0.001637
0.000981,4.733859,-0.000833
0.000981,4.733859,-0.000833
0.000981,4.733859,-0.000833
0.000982,4.733859,-0.000833
0.000982,4.733859,-0.000833
0.000982,4.733859,-0.000833
0.000982,4.733859,-0.000833
0.000982,4.733859,-0.000833
0.000982,4.733859,-0.000833
0.000982,4.733859,-0.000833
0.000982,4.733859,-0.000833
0.000982,4.733859,-0.000833
0.000982,4.733859,-0.000833
0.000982,4.733859,-0.000833
0.000982,4.733859,-0.000833
0.000982,4.733859,-0.000833
0.000982,4.733859,-0.000833
0.000982,4.733859,-0.000833
0.000982,4.733859,-0.000833
0.000982,4.733859,-0.000833
0.000982,4.733859,-0.000029
0.000982,4.733859,-0.000029
0.000982,4.733859,-0.000029
0.000982,4.733859,-0.000029
0.000982,4.733859,-0.000029
0.000982,4.733859,-0.000029
0.000982,4.733859,-0.000029
0.000982,4.733859,-0.000029
0.000982,4.733859,-0.000029
0.000982,4.733859,-0.000029
0.000982,4.733859,-0.000029
0.000982,4.733859,-0.000029
0.000982,4.733859,-0.000029
0.000982,4.733859,-0.000029
0.000982,4.733859,-0.000029
0.000982,4.733859,-0.000029
0.000982,4.733859,-0.000029
0.000982,4.733859,-0.000029
0.000982,4.733859,-0.000029
0.000982,4.733859,-0.000029
0.000982,4.733859,-0.000029
0.000982,4.733859,-0.000029
0.000983,4.733859,-0.000833
0.000983,4.733859,-0.000833
0.000983,4.733859,-0.000833
0.000983,4.733859,-0.000833
0.000983,4.733859,-0.000833
0.000983,4.733859,-0.000833
0.000983,4.733859,-0.000833
0.000983,4.733859,-0.000833
0.000983,4.733859,-0.000833
0.000983,4.733859,-0.000833
0.000983,4.733859,-0.000833
0.000983,4.733859,-0.000833
0.000983,4.733859,-0.000833
0.000983,4.733859,-0.001637
0.000983,4.733859,-0.001637
0.000983,4.733859,-0.001637
0.000983,4.733859,-0.001637
0.000983,4.733859,-0.001637
0.000983,4.733859,-0.001637
0.000983,4.733859,-0.001637
0.000983,4.733859,-0.001637
0.000983,4.733859,-0.001637
0.000983,4.733859,-0.001637
0.000983,4.733859,-0.001637
0.000983,4.733859,-0.001637
0.000983,4.733859,-0.001637
0.000983,4.733859,-0.001637
0.000983,4.733859,-0.001637
0.000983,4.733859,-0.001637
0.000983,4.733859,-0.001637
0.000983,4.733859,-0.001637
0.000983,4.733859,-0.001637
0.000983,4.733859,-0.001637
0.000983,4.733859,-0.001637
0.000983,4.733859,-0.001637
0.000983,4.733859,-0.001637
0.000983,4.733859,-0.001637
0.000983,4.733859,-0.001637
0.000984,4.733859,-0.000833
0.000984,4.733859,-0.000833
0.000984,4.733859,-0.000833
0.000984,4.733859,-0.000833
0.000984,4.733859,-0.000833
0.000984,4.733859,-0.000833
0.000984,4.733859,-0.000833
0.000984,4.733859,-0.000833
0.000984,4.733859,-0.000833
0.000984,4.733859,-0.000833
0.000984,4.733859,-0.000833
0.000984,4.733859,-0.000833
0.000984,4.733859,-0.000833
0.000984,4.733859,-0.000833
0.000984,4.733859,-0.000833
0.000984,4.733859,-0.000833
0.000984,4.733859,-0.000833
0.000984,4.733859,-0.000833
0.000984,4.733859,-0.000833
0.000984,4.733859,-0.000833
0.000984,4.733859,-0.000833
0.000984,4.733859,-0.000833
0.000984,4.733859,-0.000833
0.000984,4.733859,-0.000833
0.000984,4.733859,-0.000833
0.000984,4.733859,-0.000833
0.000984,4.733859,-0.000833
0.000984,4.733859,-0.000833
0.000984,4.733859,-0.000833
0.000984,4.733859,-0.000833
0.000984,4.733859,-0.000833
0.000984,4.733859,-0.000833
0.000984,4.733859,-0.000833
0.000984,4.733859,-0.000833
0.000984,4.733859,-0.000833
0.000984,4.733859,-0.000833
0.000984,4.733859,-0.000833
0.000984,4.733859,-0.000833
0.000985,4.733859,-0.000833
0.000985,4.733859,-0.000833
0.000985,4.733859,-0.000833
0.000985,4.733859,-0.000833
0.000985,4.733859,-0.000833
0.000985,4.733859,-0.000833
0.000985,4.733859,-0.000833
0.000985,4.733859,-0.000833
0.000985,4.733859,-0.000833
0.000985,4.733859,-0.000833
0.000985,4.733859,-0.000833
0.000985,4.733859,-0.000833
0.000985,4.733859,-0.000833
0.000985,4.733859,-0.000833
0.000985,4.733859,-0.000833
0.000985,4.733859,-0.000833
0.000985,4.733859,-0.000833
0.000985,4.733859,-0.000833
0.000985,4.733859,-0.000833
0.000985,4.733859,-0.000833
0.000985,4.733859,-0.000833
0.000985,4.733859,-0.000833
0.000985,4.733859,-0.000833
0.000985,4.733859,-0.000833
0.000985,4.733859,-0.000833
0.000985,4.733859,-0.000833
0.000985,4.733859,-0.000833
0.000985,4.733859,-0.000833
0.000985,4.733859,-0.000833
0.000985,4.733859,-0.000833
0.000985,4.733859,-0.000833
0.000985,4.733859,-0.000833
0.000985,4.733859,-0.000833
0.000985,4.733859,-0.000833
0.000985,4.733859,-0.001637
0.000985,4.733859,-0.001637
0.000985,4.733859,-0.001637
0.000985,4.733859,-0.001637
0.000985,4.733859,-0.001637
0.000986,4.733859,-0.001637
0.000986,4.733859,-0.001637
0.000986,4.733859,-0.001637
0.000986,4.733859,-0.001637
0.000986,4.733859,-0.001637
0.000986,4.733859,-0.001637
0.000986,4.733859,-0.001637
0.000986,4.733859,-0.002441
0.000986,4.733859,-0.002441
0.000986,4.733859,-0.001637
0.000986,4.733859,-0.001637
0.000986,4.733859,-0.001637
0.000986,4.733859,-0.001637
0.000986,4.733859,-0.001637
0.000986,4.733859,-0.001637
0.000986,4.733859,-0.001637
0.000986,4.733859,-0.001637
0.000986,4.733859,-0.001637
0.000986,4.733859,-0.001637
0.000986,4.733859,-0.001637
0.000986,4.733859,-0.001637
0.000986,4.733859,-0.000833
0.000986,4.733859,-0.000833
0.000986,4.733859,-0.000833
0.000986,4.733859,-0.000833
0.000986,4.733859,-0.000833
0.000986,4.733859,-0.000833
0.000986,4.733859,-0.000833
0.000986,4.733859,-0.000833
0.000986,4.733859,-0.000029
0.000986,4.733859,-0.000029
0.000986,4.733859,-0.000029
0.000986,4.733859,-0.000029
0.000986,4.733859,-0.000029
0.000986,4.733859,-0.000029
0.000986,4.733859,-0.000029
0.000986,4.733859,-0.000029
0.000986,4.733859,-0.000029
0.000987,4.733859,-0.000029
0.000987,4.733859,-0.000029
0.000987,4.733859,-0.000029
0.000987,4.733859,-0.000029
0.000987,4.733859,-0.000029
0.000987,4.733859,-0.000029
0.000987,4.733859,-0.000029
0.000987,4.733859,-0.000029
0.000987,4.733859,-0.000029
0.000987,4.733859,-0.000833
0.000987,4.733859,-0.000833
0.000987,4.733859,-0.000833
0.000987,4.733859,-0.000833
0.000987,4.733859,-0.000833
0.000987,4.733859,-0.000833
0.000987,4.733859,-0.000833
0.000987,4.733859,-0.000833
0.000987,4.733859,-0.001637
0.000987,4.733859,-0.001637
0.000987,4.733859,-0.001637
0.000987,4.733859,-0.001637
0.000987,4.733859,-0.001637
0.000987,4.733859,-0.001637
0.000987,4.733859,-0.001637
0.000987,4.733859,-0.001637
0.000987,4.733859,-0.001637
0.000987,4.733859,-0.001637
0.000987,4.733859,-0.001637
0.000987,4.733859,-0.001637
0.000987,4.733859,-0.001637
0.000987,4.733859,-0.001637
0.000987,4.733859,-0.001637
0.000987,4.733859,-0.001637
0.000987,4.733859,-0.001637
0.000987,4.733859,-0.001637
0.000987,4.733859,-0.001637
0.000987,4.733859,-0.001637
0.000987,4.733859,-0.001637
0.000987,4.733859,-0.001637
0.000988,4.733859,-0.001637
0.000988,4.733859,-0.000833
0.000988,4.733859,-0.000833
0.000988,4.733859,-0.000833
0.000988,4.733859,-0.000833
0.000988,4.733859,-0.000833
0.000988,4.733859,-0.000833
0.000988,4.733859,-0.000833
0.000988,4.733859,-0.001637
0.000988,4.733859,-0.000833
0.000988,4.733859,-0.000833
0.000988,4.733859,-0.000833
0.000988,4.733859,-0.001637
0.000988,4.733859,-0.001637
0.000988,4.733859,-0.001637
0.000988,4.733859,-0.001637
0.000988,4.733859,-0.000833
0.000988,4.733859,-0.000833
0.000988,4.733859,-0.000833
0.000988,4.733859,-0.000833
0.000988,4.733859,-0.000833
0.000988,4.733859,-0.000833
0.000988,4.733859,-0.000833
0.000988,4.733859,-0.000833
0.000988,4.733859,-0.000833
0.000988,4.733859,-0.000833
0.000988,4.733859,-0.000833
0.000988,4.733859,-0.000833
0.000988,4.733859,-0.000833
0.000988,4.733859,-0.000833
0.000988,4.733859,-0.000833
0.000988,4.733859,-0.000833
0.000988,4.733859,-0.001637
0.000988,4.733859,-0.001637
0.000988,4.733859,-0.001637
0.000988,4.733859,-0.001637
0.000988,4.733859,-0.001637
0.000988,4.733859,-0.001637
0.000989,4.733859,-0.001637
0.000989,4.733859,-0.001637
0.000989,4.733859,-0.001637
0.000989,4.733859,-0.001637
0.000989,4.733859,-0.001637
0.000989,4.733859,-0.001637
0.000989,4.733859,-0.001637
0.000989,4.733859,-0.001637
0.000989,4.733859,-0.001637
0.000989,4.733859,-0.000833
0.000989,4.733859,-0.000833
0.000989,4.733859,-0.000833
0.000989,4.733859,-0.000833
0.000989,4.733859,-0.000833
0.000989,4.733859,-0.000833
0.000989,4.733859,-0.000833
0.000989,4.733859,-0.000833
0.000989,4.733859,-0.000833
0.000989,4.733859,-0.000833
0.000989,4.733859,-0.000029
0.000989,4.733859,-0.000029
0.000989,4.733859,-0.000029
0.000989,4.733859,-0.000029
0.000989,4.733859,-0.000029
0.000989,4.733859,-0.000029
0.000989,4.733859,-0.000029
0.000989,4.733859,-0.000029
0.000989,4.733859,-0.000029
0.000989,4.733859,-0.000029
0.000989,4.733859,-0.000029
0.000989,4.733859,-0.000029
0.000989,4.733859,-0.000833
0.000989,4.733859,-0.000029
0.000989,4.733859,-0.000833
0.000989,4.733859,-0.000833
0.000989,4.733859,-0.000833
0.000989,4.733859,-0.000833
0.000989,4.733859,-0.000833
0.000990,4.733859,-0.000833
0.000990,4.733859,-0.000833
0.000990,4.733859,-0.001637
0.000990,4.733859,-0.001637
0.000990,4.733859,-0.001637
0.000990,4.733859,-0.001637
0.000990,4.733859,-0.001637
0.000990,4.733859,-0.001637
0.000990,4.733859,-0.001637
0.000990,4.733859,-0.002441
0.000990,4.733859,-0.002441
0.000990,4.733859,-0.002441
0.000990,4.733859,-0.002441
0.000990,4.733859,-0.002441
0.000990,4.733859,-0.002441
0.000990,4.733859,-0.002441
0.000990,4.733859,-0.002441
0.000990,4.733859,-0.002441
0.000990,4.733859,-0.002441
0.000990,4.733859,-0.002441
0.000990,4.733859,-0.002441
0.000990,4.733859,-0.002441
0.000990,4.733859,-0.002441
0.000990,4.733859,-0.002441
0.000990,4.733859,-0.002441
0.000990,4.733859,-0.002441
0.000990,4.733859,-0.002441
0.000990,4.733859,-0.002441
0.000990,4.733859,-0.002441
0.000990,4.733859,-0.002441
0.000990,4.733859,-0.002441
0.000990,4.733859,-0.001637
0.000990,4.733859,-0.001637
0.000990,4.733859,-0.001637
0.000990,4.733859,-0.001637
0.000990,4.733859,-0.001637
0.000990,4.733859,-0.001637
0.000990,4.733859,-0.001637
0.000990,4.733859,-0.000833
0.000991,4.733859,-0.000833
0.000991,4.733859,-0.000833
0.000991,4.733859,-0.000833
0.000991,4.733859,-0.000833
0.000991,4.733859,-0.000833
0.000991,4.733859,-0.000833
0.000991,4.733859,-0.000833
0.000991,4.733859,-0.000833
0.000991,4.733859,-0.000029
0.000991,4.733859,-0.000029
0.000991,4.733859,-0.000029
0.000991,4.733859,-0.000029
0.000991,4.733859,-0.000029
0.000991,4.733859,-0.000029
0.000991,4.733859,-0.000029
0.000991,4.733859,-0.000029
0.000991,4.733859,-0.000029
0.000991,4.733859,-0.000029
0.000991,4.733859,-0.000029
0.000991,4.733859,-0.000029
0.000991,4.733859,-0.000029
0.000991,4.733859,-0.000833
0.000991,4.733859,-0.000833
0.000991,4.733859,-0.000833
0.000991,4.733859,-0.000833
0.000991,4.733859,-0.000833
0.000991,4.733859,-0.000833
0.000991,4.733859,-0.000833
0.000991,4.733859,-0.000833
0.000991,4.733859,-0.000833
0.000991,4.733859,-0.000833
0.000991,4.733859,-0.000833
0.000991,4.733859,-0.000833
0.000991,4.733859,-0.000833
0.000991,4.733859,-0.000833
0.000991,4.733859,-0.000833
0.000991,4.733859,-0.000833
0.000991,4.733859,-0.000833
0.000992,4.733859,-0.000833
0.000992,4.733859,-0.000833
0.000992,4.733859,-0.000833
0.000992,4.733859,-0.000833
0.000992,4.733859,-0.001637
0.000992,4.733859,-0.001637
0.000992,4.733859,-0.001637
0.000992,4.733859,-0.001637
0.000992,4.733859,-0.001637
0.000992,4.733859,-0.001637
0.000992,4.733859,-0.001637
0.000992,4.733859,-0.001637
0.000992,4.733859,-0.001637
0.000992,4.733859,-0.001637
0.000992,4.733859,-0.001637
0.000992,4.733859,-0.002441
0.000992,4.733859,-0.002441
0.000992,4.733859,-0.002441
0.000992,4.733859,-0.002441
0.000992,4.733859,-0.002441
0.000992,4.733859,-0.002441
0.000992,4.733859,-0.002441
0.000992,4.733859,-0.002441
0.000992,4.733859,-0.002441
0.000992,4.733859,-0.002441
0.000992,4.733859,-0.002441
0.000992,4.733859,-0.003245
0.000992,4.733859,-0.003245
0.000992,4.733859,-0.003245
0.000992,4.733859,-0.003245
0.000992,4.733859,-0.003245
0.000992,4.733859,-0.003245
0.000992,4.733859,-0.003245
0.000992,4.733859,-0.003245
0.000992,4.733859,-0.003245
0.000992,4.733859,-0.002441
0.000992,4.733859,-0.002441
0.000992,4.733859,-0.002441
0.000992,4.733859,-0.002441
0.000993,4.733859,-0.002441
0.000993,4.733859,-0.002441
0.000993,4.733859,-0.002441
0.000993,4.733859,-0.001637
0.000993,4.733859,-0.001637
0.000993,4.733859,-0.001637
0.000993,4.733859,-0.001637
0.000993,4.733859,-0.000833
0.000993,4.733859,-0.000833
0.000993,4.733859,-0.000833
0.000993,4.733859,-0.000833
0.000993,4.733859,-0.000833
0.000993,4.733859,-0.000833
0.000993,4.733859,-0.000833
0.000993,4.733859,-0.000833
0.000993,4.733859,-0.000029
0.000993,4.733859,-0.000029
0.000993,4.733859,-0.000029
0.000993,4.733859,-0.000833
0.000993,4.733859,-0.000833
0.000993,4.733859,-0.000029
0.000993,4.733859,-0.000029
0.000993,4.733859,-0.000029
0.000993,4.733859,-0.000029
0.000993,4.733859,-0.000029
0.000993,4.733859,-0.000029
0.000993,4.733859,-0.000029
0.000993,4.733859,-0.000029
0.000993,4.733859,-0.000029
0.000993,4.733859,-0.000029
0.000993,4.733859,-0.000833
0.000993,4.733859,-0.000833
0.000993,4.733859,-0.000833
0.000993,4.733859,-0.000833
0.000993,4.733859,-0.000833
0.000993,4.733859,-0.000833
0.000993,4.733859,-0.000833
0.000993,4.733859,-0.001637
0.000994,4.733859,-0.001637
0.000994,4.733859,-0.001637
0.000994,4.733859,-0.001637
0.000994,4.733859,-0.001637
0.000994,4.733859,-0.001637
0.000994,4.733859,-0.001637
0.000994,4.733859,-0.002441
0.000994,4.733859,-0.002441
0.000994,4.733859,-0.002441
0.000994,4.733859,-0.002441
0.000994,4.733859,-0.002441
0.000994,4.733859,-0.002441
0.000994,4.733859,-0.002441
0.000994,4.733859,-0.002441
0.000994,4.733859,-0.002441
0.000994,4.733859,-0.002441
0.000994,4.733859,-0.002441
0.000994,4.733859,-0.002441
0.000994,4.733859,-0.002441
0.000994,4.733859,-0.002441
0.000994,4.733859,-0.002441
0.000994,4.733859,-0.002441
0.000994,4.733859,-0.002441
0.000994,4.733859,-0.002441
0.000994,4.733859,-0.002441
0.000994,4.733859,-0.002441
0.000994,4.733859,-0.002441
0.000994,4.733859,-0.002441
0.000994,4.733859,-0.002441
0.000994,4.733859,-0.002441
0.000994,4.733859,-0.002441
0.000994,4.733859,-0.002441
0.000994,4.733859,-0.002441
0.000994,4.733859,-0.002441
0.000994,4.733859,-0.002441
0.000994,4.733859,-0.002441
0.000994,4.733859,-0.002441
0.000994,4.733859,-0.002441
0.000995,4.733859,-0.002441
0.000995,4.733859,-0.002441
0.000995,4.733859,-0.002441
0.000995,4.733859,-0.002441
0.000995,4.733859,-0.002441
0.000995,4.733859,-0.002441
0.000995,4.733859,-0.002441
0.000995,4.733859,-0.002441
0.000995,4.733859,-0.002441
0.000995,4.733859,-0.002441
0.000995,4.733859,-0.002441
0.000995,4.733859,-0.001637
0.000995,4.733859,-0.001637
0.000995,4.733859,-0.001637
0.000995,4.733859,-0.001637
0.000995,4.733859,-0.001637
0.000995,4.733859,-0.001637
0.000995,4.733859,-0.000833
0.000995,4.733859,-0.000833
0.000995,4.733859,-0.000833
0.000995,4.733859,-0.000833
0.000995,4.733859,-0.000833
0.000995,4.733859,-0.000833
0.000995,4.733859,-0.000833
0.000995,4.733859,-0.000833
0.000995,4.733859,-0.000833
0.000995,4.733859,-0.000833
0.000995,4.733859,-0.000029
0.000995,4.733859,-0.000029
0.000995,4.733859,-0.000029
0.000995,4.733859,-0.000029
0.000995,4.733859,-0.000029
0.000995,4.733859,-0.000029
0.000995,4.733859,-0.000029
0.000995,4.733859,-0.000029
0.000995,4.733859,-0.000029
0.000995,4.733859,-0.000833
0.000995,4.733859,-0.000833
0.000995,4.733859,-0.000833
0.000996,4.733859,-0.000833
0.000996,4.733859,-0.000833
0.000996,4.733859,-0.000833
0.000996,4.733859,-0.000833
0.000996,4.733859,-0.000833
0.000996,4.733859,-0.000833
0.000996,4.733859,-0.000833
0.000996,4.733859,-0.001637
0.000996,4.733859,-0.001637
0.000996,4.733859,-0.001637
0.000996,4.733859,-0.001637
0.000996,4.733859,-0.001637
0.000996,4.733859,-0.001637
0.000996,4.733859,-0.001637
0.000996,4.733859,-0.002441
0.000996,4.733859,-0.002441
0.000996,4.733859,-0.002441
0.000996,4.733859,-0.002441
0.000996,4.733859,-0.002441
0.000996,4.733859,-0.002441
0.000996,4.733859,-0.002441
0.000996,4.733859,-0.002441
0.000996,4.733859,-0.002441
0.000996,4.733859,-0.002441
0.000996,4.733859,-0.002441
0.000996,4.733859,-0.002441
0.000996,4.733859,-0.002441
0.000996,4.733859,-0.002441
0.000996,4.733859,-0.002441
0.000996,4.733859,-0.002441
0.000996,4.733859,-0.002441
0.000996,4.733859,-0.002441
0.000996,4.733859,-0.002441
0.000996,4.733859,-0.002441
0.000996,4.733859,-0.002441
0.000996,4.733859,-0.002441
0.000996,4.733859,-0.002441
0.000996,4.733859,-0.002441
0.000997,4.733859,-0.002441
0.000997,4.733859,-0.001637
0.000997,4.733859,-0.001637
0.000997,4.733859,-0.001637
0.000997,4.733859,-0.001637
0.000997,4.733859,-0.001637
0.000997,4.733859,-0.001637
0.000997,4.733859,-0.000833
0.000997,4.733859,-0.000833
0.000997,4.733859,-0.000833
0.000997,4.733859,-0.000833
0.000997,4.733859,-0.000833
0.000997,4.733859,-0.000833
0.000997,4.733859,-0.000833
0.000997,4.733859,-0.000833
0.000997,4.733859,-0.000833
0.000997,4.733859,-0.000833
0.000997,4.733859,-0.000833
0.000997,4.733859,-0.000833
0.000997,4.733859,-0.000833
0.000997,4.733859,-0.000833
0.000997,4.733859,-0.000833
0.000997,4.733859,-0.000833
0.000997,4.733859,-0.000833
0.000997,4.733859,-0.000833
0.000997,4.733859,-0.000833
0.000997,4.733859,-0.000833
0.000997,4.733859,-0.000833
0.000997,4.733859,-0.000833
0.000997,4.733859,-0.000833
0.000997,4.733859,-0.000833
0.000997,4.733859,-0.000833
0.000997,4.733859,-0.000833
0.000997,4.733859,-0.000833
0.000997,4.733859,-0.000833
0.000997,4.733859,-0.000833
0.000997,4.733859,-0.000833
0.000997,4.733859,-0.000833
0.000997,4.733859,-0.000833
0.000998,4.733859,-0.000833
0.000998,4.733859,-0.000833
0.000998,4.733859,-0.000833
0.000998,4.733859,-0.000833
0.000998,4.733859,-0.000833
0.000998,4.733859,-0.000833
0.000998,4.733859,-0.000833
0.000998,4.733859,-0.000833
0.000998,4.733859,-0.000833
0.000998,4.733859,-0.001637
0.000998,4.733859,-0.001637
0.000998,4.733859,-0.001637
0.000998,4.733859,-0.001637
0.000998,4.733859,-0.001637
0.000998,4.733859,-0.001637
0.000998,4.733859,-0.001637
0.000998,4.733859,-0.001637
0.000998,4.733859,-0.001637
0.000998,4.733859,-0.001637
0.000998,4.733859,-0.001637
0.000998,4.733859,-0.001637
0.000998,4.733859,-0.001637
0.000998,4.733859,-0.001637
0.000998,4.733859,-0.001637
0.000998,4.733859,-0.001637
0.000998,4.733859,-0.001637
0.000998,4.733859,-0.001637
0.000998,4.733859,-0.001637
0.000998,4.733859,-0.001637
0.000998,4.733859,-0.001637
0.000998,4.733859,-0.001637
0.000998,4.733859,-0.001637
0.000998,4.733859,-0.001637
0.000998,4.733859,-0.001637
0.000998,4.733859,-0.001637
0.000998,4.733859,-0.001637
0.000998,4.733859,-0.001637
0.000998,4.733859,-0.001637
0.000999,4.733859,-0.001637
0.000999,4.733859,-0.001637
0.000999,4.733859,-0.001637
0.000999,4.733859,-0.001637
0.000999,4.733859,-0.001637
0.000999,4.733859,-0.001637
0.000999,4.733859,-0.001637
0.000999,4.733859,-0.001637
0.000999,4.733859,-0.001637
0.000999,4.733859,-0.001637
0.000999,4.733859,-0.001637
0.000999,4.733859,-0.001637
0.000999,4.733859,-0.000833
0.000999,4.733859,-0.000833
0.000999,4.733859,-0.000833
0.000999,4.733859,-0.000833
0.000999,4.733859,-0.000833
0.000999,4.733859,-0.000833
0.000999,4.733859,-0.000833
0.000999,4.733859,-0.000833
0.000999,4.733859,-0.000833
0.000999,4.733859,-0.000833
0.000999,4.733859,-0.000833
0.000999,4.733859,-0.000833
0.000999,4.733859,-0.000833
0.000999,4.733859,-0.000833
0.000999,4.733859,-0.000833
0.000999,4.733859,-0.000833
0.000999,4.733859,-0.000833
0.000999,4.733859,-0.000833
0.000999,4.733859,-0.000833
0.000999,4.733859,-0.000833
0.000999,4.733859,-0.000833
0.000999,4.733859,-0.000833
0.000999,4.733859,-0.000833
0.000999,4.733859,-0.000833
0.000999,4.733859,-0.000833
0.000999,4.733859,-0.000833
0.001000,4.733859,-0.000833
0.001000,4.733859,-0.000029
0.001000,4.733859,-0.000029
0.001000,4.733859,-0.000029
0.001000,4.733859,-0.000029
0.001000,4.733859,-0.000029
0.001000,4.733859,-0.000029
0.001000,4.733859,-0.000029
0.001000,4.733859,-0.000029
0.001000,4.733859,-0.000029
0.001000,4.733859,-0.000029
0.001000,4.733859,-0.000029
0.001000,4.733859,-0.000029
0.001000,4.733859,-0.000029
0.001000,4.733859,-0.000029
0.001000,4.733859,-0.000029
0.001000,4.733859,-0.000029
0.001000,4.733859,-0.000029
0.001000,4.733859,-0.000029
0.001000,4.733859,-0.000029
0.001000,4.733859,-0.000029
0.001000,4.733859,-0.004049
0.001000,4.733859,-0.008069
0.001000,4.733859,-0.011285
0.001000,4.693658,-0.012089
0.001000,4.693658,-0.014501
0.001000,4.693658,-0.016913
0.001000,4.693658,-0.018521
0.001000,4.693658,-0.020933
0.001000,4.693658,-0.023345
0.001000,4.653457,-0.024954
0.001000,4.653457,-0.026562
0.001000,4.653457,-0.028974
0.001000,4.653457,-0.030582
0.001000,4.653457,-0.032190
0.001000,4.653457,-0.034602
0.001000,4.613256,-0.036210
0.001000,4.613256,-0.037014
0.001000,4.613256,-0.038622
0.001001,4.613256,-0.040230
0.001001,4.613256,-0.041838
0.001001,4.613256,-0.043446
0.001001,4.573055,-0.044250
0.001001,4.573055,-0.045054
0.001001,4.573055,-0.046662
0.001001,4.573055,-0.047466
0.001001,4.573055,-0.049074
0.001001,4.573055,-0.049878
0.001001,4.532854,-0.051486
0.001001,4.532854,-0.052290
0.001001,4.532854,-0.053094
0.001001,4.532854,-0.054702
0.001001,4.532854,-0.055506
0.001001,4.532854,-0.056310
0.001001,4.532854,-0.057114
0.001001,4.492653,-0.057918
0.001001,4.492653,-0.059526
0.001001,4.492653,-0.060330
0.001001,4.492653,-0.061134
0.001001,4.492653,-0.061938
0.001001,4.492653,-0.062742
0.001001,4.492653,-0.063546
0.001001,4.452452,-0.064351
0.001001,4.452452,-0.065155
0.001001,4.452452,-0.065959
0.001001,4.452452,-0.066763
0.001001,4.452452,-0.067567
0.001001,4.452452,-0.068371
0.001001,4.452452,-0.069175
0.001001,4.412251,-0.069175
0.001001,4.412251,-0.069979
0.001001,4.412251,-0.070783
0.001001,4.412251,-0.071587
0.001001,4.412251,-0.071587
0.001001,4.412251,-0.072391
0.001001,4.412251,-0.073195
0.001001,4.372050,-0.073195
0.001002,4.372050,-0.073999
0.001002,4.372050,-0.074803
0.001002,4.372050,-0.075607
0.001002,4.372050,-0.075607
0.001002,4.372050,-0.076411
0.001002,4.372050,-0.077215
0.001002,4.372050,-0.077215
0.001002,4.331849,-0.078019
0.001002,4.331849,-0.078019
0.001002,4.331849,-0.078823
0.001002,4.331849,-0.079627
0.001002,4.331849,-0.079627
0.001002,4.331849,-0.080431
0.001002,4.331849,-0.080431
0.001002,4.291648,-0.081235
0.001002,4.291648,-0.081235
0.001002,4.291648,-0.081235
0.001002,4.291648,-0.082039
0.001002,4.291648,-0.082039
0.001002,4.291648,-0.082039
0.001002,4.291648,-0.082843
0.001002,4.291648,-0.082843
0.001002,4.251447,-0.083647
0.001002,4.251447,-0.083647
0.001002,4.251447,-0.083647
0.001002,4.251447,-0.084451
0.001002,4.251447,-0.084451
0.001002,4.251447,-0.084451
0.001002,4.251447,-0.084451
0.001002,4.251447,-0.085255
0.001002,4.211246,-0.085255
0.001002,4.211246,-0.085255
0.001002,4.211246,-0.086059
0.001002,4.211246,-0.086059
0.001002,4.211246,-0.086059
0.001002,4.211246,-0.086863
0.001002,4.211246,-0.086863
0.001002,4.211246,-0.086863
0.001002,4.171045,-0.086863
0.001003,4.171045,-0.087667
0.001003,4.171045,-0.087667
0.001003,4.171045,-0.087667
0.001003,4.171045,-0.087667
0.001003,4.171045,-0.088471
0.001003,4.171045,-0.088471
0.001003,4.171045,-0.088471
0.001003,4.171045,-0.088471
0.001003,4.130844,-0.089275
0.001003,4.130844,-0.089275
0.001003,4.130844,-0.089275
0.001003,4.130844,-0.089275
0.001003,4.130844,-0.089275
0.001003,4.130844,-0.089275
0.001003,4.130844,-0.089275
0.001003,4.130844,-0.089275
0.001003,4.090643,-0.089275
0.001003,4.090643,-0.089275
0.001003,4.090643,-0.089275
0.001003,4.090643,-0.089275
0.001003,4.090643,-0.089275
0.001003,4.090643,-0.089275
0.001003,4.090643,-0.089275
0.001003,4.090643,-0.089275
0.001003,4.090643,-0.089275
0.001003,4.050442,-0.089275
0.001003,4.050442,-0.089275
0.001003,4.050442,-0.089275
0.001003,4.050442,-0.089275
0.001003,4.050442,-0.089275
0.001003,4.050442,-0.089275
0.001003,4.050442,-0.090079
0.001003,4.050442,-0.090079
0.001003,4.010241,-0.090079
0.001003,4.010241,-0.090079
0.001003,4.010241,-0.090079
0.001003,4.010241,-0.090079
0.001003,4.010241,-0.090079
0.001004,4.010241,-0.090079
0.001004,4.010241,-0.090079
0.001004,4.010241,-0.090079
0.001004,4.010241,-0.090079
0.001004,3.970040,-0.090079
0.001004,3.970040,-0.090079
0.001004,3.970040,-0.090079
0.001004,3.970040,-0.090079
0.001004,3.970040,-0.090079
0.001004,3.970040,-0.090079
0.001004,3.970040,-0.090079
0.001004,3.970040,-0.090079
0.001004,3.970040,-0.090079
0.001004,3.929839,-0.090079
0.001004,3.929839,-0.090079
0.001004,3.929839,-0.090079
0.001004,3.929839,-0.090079
0.001004,3.929839,-0.090079
0.001004,3.929839,-0.090079
0.001004,3.929839,-0.090079
0.001004,3.929839,-0.090079
0.001004,3.929839,-0.090079
0.001004,3.889638,-0.090079
0.001004,3.889638,-0.090079
0.001004,3.889638,-0.090079
0.001004,3.889638,-0.089275
0.001004,3.889638,-0.089275
0.001004,3.889638,-0.089275
0.001004,3.889638,-0.089275
0.001004,3.889638,-0.089275
0.001004,3.889638,-0.089275
0.001004,3.849437,-0.089275
0.001004,3.849437,-0.088471
0.001004,3.849437,-0.088471
0.001004,3.849437,-0.088471
0.001004,3.849437,-0.088471
0.001004,3.849437,-0.088471
0.001004,3.849437,-0.088471
0.001005,3.849437,-0.088471
0.001005,3.849437,-0.088471
0.001005,3.849437,-0.088471
0.001005,3.809236,-0.088471
0.001005,3.809236,-0.088471
0.001005,3.809236,-0.088471
0.001005,3.809236,-0.089275
0.001005,3.809236,-0.089275
0.001005,3.809236,-0.089275
0.001005,3.809236,-0.089275
0.001005,3.809236,-0.089275
0.001005,3.809236,-0.089275
0.001005,3.809236,-0.089275
0.001005,3.769035,-0.089275
0.001005,3.769035,-0.089275
0.001005,3.769035,-0.089275
0.001005,3.769035,-0.089275
0.001005,3.769035,-0.089275
0.001005,3.769035,-0.089275
0.001005,3.769035,-0.089275
0.001005,3.769035,-0.089275
0.001005,3.769035,-0.089275
0.001005,3.728834,-0.089275
0.001005,3.728834,-0.089275
0.001005,3.728834,-0.088471
0.001005,3.728834,-0.088471
0.001005,3.728834,-0.088471
0.001005,3.728834,-0.088471
0.001005,3.728834,-0.088471
0.001005,3.728834,-0.088471
0.001005,3.728834,-0.087667
0.001005,3.688633,-0.087667
0.001005,3.688633,-0.087667
0.001005,3.688633,-0.087667
0.001005,3.688633,-0.087667
0.001005,3.688633,-0.086863
0.001005,3.688633,-0.086863
0.001005,3.688633,-0.086863
0.001005,3.688633,-0.086863
0.001006,3.688633,-0.086059
0.001006,3.688633,-0.086059
0.001006,3.648432,-0.086059
0.001006,3.648432,-0.086059
0.001006,3.648432,-0.086059
0.001006,3.648432,-0.085255
0.001006,3.648432,-0.085255
0.001006,3.648432,-0.085255
0.001006,3.648432,-0.085255
0.001006,3.648432,-0.084451
0.001006,3.648432,-0.084451
0.001006,3.608231,-0.084451
0.001006,3.608231,-0.084451
0.001006,3.608231,-0.084451
0.001006,3.608231,-0.084451
0.001006,3.608231,-0.084451
0.001006,3.608231,-0.084451
0.001006,3.608231,-0.084451
0.001006,3.608231,-0.084451
0.001006,3.608231,-0.084451
0.001006,3.608231,-0.084451
0.001006,3.608231,-0.084451
0.001006,3.568030,-0.084451
0.001006,3.568030,-0.084451
0.001006,3.568030,-0.084451
0.001006,3.568030,-0.084451
0.001006,3.568030,-0.084451
0.001006,3.568030,-0.084451
0.001006,3.568030,-0.084451
0.001006,3.568030,-0.084451
0.001006,3.568030,-0.084451
0.001006,3.568030,-0.084451
0.001006,3.527829,-0.084451
0.001006,3.527829,-0.084451
0.001006,3.527829,-0.084451
0.001006,3.527829,-0.084451
0.001006,3.527829,-0.084451
0.001006,3.527829,-0.084451
0.001007,3.527829,-0.084451
0.001007,3.527829,-0.084451
0.001007,3.527829,-0.084451
0.001007,3.527829,-0.084451
0.001007,3.487628,-0.084451
0.001007,3.487628,-0.084451
0.001007,3.487628,-0.084451
0.001007,3.487628,-0.084451
0.001007,3.487628,-0.084451
0.001007,3.487628,-0.084451
0.001007,3.487628,-0.084451
0.001007,3.487628,-0.083647
0.001007,3.487628,-0.083647
0.001007,3.487628,-0.083647
0.001007,3.447427,-0.083647
0.001007,3.447427,-0.083647
0.001007,3.447427,-0.082843
0.001007,3.447427,-0.082843
0.001007,3.447427,-0.082843
0.001007,3.447427,-0.082843
0.001007,3.447427,-0.082039
0.001007,3.447427,-0.082039
0.001007,3.447427,-0.082039
0.001007,3.447427,-0.082039
0.001007,3.447427,-0.082039
0.001007,3.407226,-0.081235
0.001007,3.407226,-0.081235
0.001007,3.407226,-0.081235
0.001007,3.407226,-0.081235
0.001007,3.407226,-0.081235
0.001007,3.407226,-0.081235
0.001007,3.407226,-0.080431
0.001007,3.407226,-0.080431
0.001007,3.407226,-0.080431
0.001007,3.407226,-0.080431
0.001007,3.407226,-0.080431
0.001007,3.367025,-0.079627
0.001007,3.367025,-0.079627
0.001007,3.367025,-0.079627
0.001008,3.367025,-0.079627
0.001008,3.367025,-0.079627
0.001008,3.367025,-0.079627
0.001008,3.367025,-0.079627
0.001008,3.367025,-0.079627
0.001008,3.367025,-0.079627
0.001008,3.367025,-0.079627
0.001008,3.326824,-0.079627
0.001008,3.326824,-0.079627
0.001008,3.326824,-0.079627
0.001008,3.326824,-0.079627
0.001008,3.326824,-0.078823
0.001008,3.326824,-0.078823
0.001008,3.326824,-0.078823
0.001008,3.326824,-0.078823
0.001008,3.326824,-0.078823
0.001008,3.326824,-0.078823
0.001008,3.286623,-0.078823
0.001008,3.286623,-0.078823
0.001008,3.286623,-0.078823
0.001008,3.286623,-0.078823
0.001008,3.286623,-0.078823
0.001008,3.286623,-0.078823
0.001008,3.286623,-0.078823
0.001008,3.286623,-0.078823
0.001008,3.286623,-0.078823
0.001008,3.286623,-0.078823
0.001008,3.246422,-0.078823
0.001008,3.246422,-0.078823
0.001008,3.246422,-0.078019
0.001008,3.246422,-0.078019
0.001008,3.246422,-0.078019
0.001008,3.246422,-0.078019
0.001008,3.246422,-0.078019
0.001008,3.246422,-0.078019
0.001008,3.246422,-0.078019
0.001008,3.246422,-0.078019
0.001008,3.246422,-0.078019
0.001009,3.206221,-0.078019
0.001009,3.206221,-0.078019
0.001009,3.206221,-0.078019
0.001009,3.206221,-0.077215
0.001009,3.206221,-0.077215
0.001009,3.206221,-0.077215
0.001009,3.206221,-0.077215
0.001009,3.206221,-0.077215
0.001009,3.206221,-0.077215
0.001009,3.206221,-0.077215
0.001009,3.206221,-0.077215
0.001009,3.206221,-0.077215
0.001009,3.166020,-0.077215
0.001009,3.166020,-0.076411
0.001009,3.166020,-0.076411
0.001009,3.166020,-0.076411
0.001009,3.166020,-0.076411
0.001009,3.166020,-0.076411
0.001009,3.166020,-0.076411
0.001009,3.166020,-0.076411
0.001009,3.166020,-0.076411
0.001009,3.166020,-0.076411
0.001009,3.166020,-0.075607
0.001009,3.166020,-0.075607
0.001009,3.125819,-0.075607
0.001009,3.125819,-0.075607
0.001009,3.125819,-0.075607
0.001009,3.125819,-0.075607
0.001009,3.125819,-0.075607
0.001009,3.125819,-0.075607
0.001009,3.125819,-0.074803
0.001009,3.125819,-0.074803
0.001009,3.125819,-0.074803
0.001009,3.125819,-0.074803
0.001009,3.125819,-0.074803
0.001009,3.085618,-0.073999
0.001009,3.085618,-0.073999
0.001009,3.085618,-0.073999
0.001010,3.085618,-0.073999
0.001010,3.085618,-0.073999
0.001010,3.085618,-0.073195
0.001010,3.085618,-0.073195
0.001010,3.085618,-0.073195
0.001010,3.085618,-0.073195
0.001010,3.085618,-0.073195
0.001010,3.085618,-0.073195
0.001010,3.085618,-0.073195
0.001010,3.045417,-0.072391
0.001010,3.045417,-0.072391
0.001010,3.045417,-0.072391
0.001010,3.045417,-0.072391
0.001010,3.045417,-0.072391
0.001010,3.045417,-0.072391
0.001010,3.045417,-0.072391
0.001010,3.045417,-0.072391
0.001010,3.045417,-0.072391
0.001010,3.045417,-0.072391
0.001010,3.045417,-0.072391
0.001010,3.045417,-0.072391
0.001010,3.005216,-0.072391
0.001010,3.005216,-0.072391
0.001010,3.005216,-0.072391
0.001010,3.005216,-0.072391
0.001010,3.005216,-0.072391
0.001010,3.005216,-0.072391
0.001010,3.005216,-0.072391
0.001010,3.005216,-0.072391
0.001010,3.005216,-0.072391
0.001010,3.005216,-0.072391
0.001010,3.005216,-0.072391
0.001010,2.965015,-0.072391
0.001010,2.965015,-0.072391
0.001010,2.965015,-0.072391
0.001010,2.965015,-0.072391
0.001010,2.965015,-0.072391
0.001010,2.965015,-0.072391
0.001010,2.965015,-0.072391
0.001011,2.965015,-0.072391
0.001011,2.965015,-0.072391
0.001011,2.965015,-0.072391
0.001011,2.965015,-0.072391
0.001011,2.965015,-0.071587
0.001011,2.924814,-0.071587
0.001011,2.924814,-0.071587
0.001011,2.924814,-0.071587
0.001011,2.924814,-0.071587
0.001011,2.924814,-0.070783
0.001011,2.924814,-0.070783
0.001011,2.924814,-0.070783
0.001011,2.924814,-0.070783
0.001011,2.924814,-0.069979
0.001011,2.924814,-0.069979
0.001011,2.924814,-0.069979
0.001011,2.924814,-0.069979
0.001011,2.924814,-0.069979
0.001011,2.924814,-0.069979
0.001011,2.884613,-0.069175
0.001011,2.884613,-0.069175
0.001011,2.884613,-0.069175
0.001011,2.884613,-0.069175
0.001011,2.884613,-0.069175
0.001011,2.884613,-0.069175
0.001011,2.884613,-0.069175
0.001011,2.884613,-0.069175
0.001011,2.884613,-0.069175
0.001011,2.884613,-0.069175
0.001011,2.884613,-0.069175
0.001011,2.884613,-0.069175
0.001011,2.844412,-0.068371
0.001011,2.844412,-0.068371
0.001011,2.844412,-0.068371
0.001011,2.844412,-0.068371
0.001011,2.844412,-0.068371
0.001011,2.844412,-0.068371
0.001011,2.844412,-0.068371
0.001012,2.844412,-0.068371
0.001012,2.844412,-0.068371
0.001012,2.844412,-0.068371
0.001012,2.844412,-0.068371
0.001012,2.844412,-0.068371
0.001012,2.804211,-0.068371
0.001012,2.804211,-0.068371
0.001012,2.804211,-0.068371
0.001012,2.804211,-0.068371
0.001012,2.804211,-0.068371
0.001012,2.804211,-0.068371
0.001012,2.804211,-0.068371
0.001012,2.804211,-0.068371
0.001012,2.804211,-0.067567
0.001012,2.804211,-0.067567
0.001012,2.804211,-0.067567
0.001012,2.804211,-0.067567
0.001012,2.764010,-0.067567
0.001012,2.764010,-0.067567
0.001012,2.764010,-0.067567
0.001012,2.764010,-0.066763
0.001012,2.764010,-0.066763
0.001012,2.764010,-0.066763
0.001012,2.764010,-0.066763
0.001012,2.764010,-0.066763
0.001012,2.764010,-0.066763
0.001012,2.764010,-0.065959
0.001012,2.764010,-0.065959
0.001012,2.764010,-0.065959
0.001012,2.764010,-0.065959
0.001012,2.764010,-0.065959
0.001012,2.723809,-0.065959
0.001012,2.723809,-0.065959
0.001012,2.723809,-0.065959
0.001012,2.723809,-0.065959
0.001012,2.723809,-0.065155
0.001012,2.723809,-0.065155
0.001012,2.723809,-0.065155
0.001012,2.723809,-0.065155
0.001013,2.723809,-0.065155
0.001013,2.723809,-0.065155
0.001013,2.723809,-0.065155
0.001013,2.723809,-0.065155
0.001013,2.723809,-0.065155
0.001013,2.683608,-0.065155
0.001013,2.683608,-0.065155
0.001013,2.683608,-0.065155
0.001013,2.683608,-0.065155
0.001013,2.683608,-0.065155
0.001013,2.683608,-0.065155
0.001013,2.683608,-0.065155
0.001013,2.683608,-0.065155
0.001013,2.683608,-0.065155
0.001013,2.683608,-0.065155
0.001013,2.683608,-0.065155
0.001013,2.683608,-0.065155
0.001013,2.683608,-0.065155
0.001013,2.643407,-0.065155
0.001013,2.643407,-0.065155
0.001013,2.643407,-0.065155
0.001013,2.643407,-0.065155
0.001013,2.643407,-0.065155
0.001013,2.643407,-0.065155
0.001013,2.643407,-0.065155
0.001013,2.643407,-0.065155
0.001013,2.643407,-0.064351
0.001013,2.643407,-0.064351
0.001013,2.643407,-0.064351
0.001013,2.643407,-0.064351
0.001013,2.643407,-0.064351
0.001013,2.603206,-0.064351
0.001013,2.603206,-0.064351
0.001013,2.603206,-0.064351
0.001013,2.603206,-0.063546
0.001013,2.603206,-0.063546
0.001013,2.603206,-0.063546
0.001013,2.603206,-0.063546
0.001014,2.603206,-0.063546
0.001014,2.603206,-0.063546
0.001014,2.603206,-0.062742
0.001014,2.603206,-0.062742
0.001014,2.603206,-0.062742
0.001014,2.603206,-0.062742
0.001014,2.603206,-0.062742
0.001014,2.563005,-0.062742
0.001014,2.563005,-0.062742
0.001014,2.563005,-0.062742
0.001014,2.563005,-0.061938
0.001014,2.563005,-0.061938
0.001014,2.563005,-0.061938
0.001014,2.563005,-0.061938
0.001014,2.563005,-0.061938
0.001014,2.563005,-0.061938
0.001014,2.563005,-0.061938
0.001014,2.563005,-0.061938
0.001014,2.563005,-0.061134
0.001014,2.563005,-0.061134
0.001014,2.563005,-0.061134
0.001014,2.522804,-0.061134
0.001014,2.522804,-0.061134
0.001014,2.522804,-0.061134
0.001014,2.522804,-0.061134
0.001014,2.522804,-0.061134
0.001014,2.522804,-0.061134
0.001014,2.522804,-0.061134
0.001014,2.522804,-0.061134
0.001014,2.522804,-0.060330
0.001014,2.522804,-0.060330
0.001014,2.522804,-0.060330
0.001014,2.522804,-0.060330
0.001014,2.522804,-0.060330
0.001014,2.522804,-0.060330
0.001014,2.482603,-0.060330
0.001014,2.482603,-0.060330
0.001014,2.482603,-0.060330
0.001015,2.482603,-0.060330
0.001015,2.482603,-0.060330
0.001015,2.482603,-0.060330
0.001015,2.482603,-0.060330
0.001015,2.482603,-0.059526
0.001015,2.482603,-0.059526
0.001015,2.482603,-0.059526
0.001015,2.482603,-0.059526
0.001015,2.482603,-0.059526
0.001015,2.482603,-0.059526
0.001015,2.482603,-0.059526
0.001015,2.442402,-0.059526
0.001015,2.442402,-0.059526
0.001015,2.442402,-0.059526
0.001015,2.442402,-0.059526
0.001015,2.442402,-0.059526
0.001015,2.442402,-0.059526
0.001015,2.442402,-0.059526
0.001015,2.442402,-0.059526
0.001015,2.442402,-0.060330
0.001015,2.442402,-0.060330
0.001015,2.442402,-0.060330
0.001015,2.442402,-0.060330
0.001015,2.442402,-0.060330
0.001015,2.442402,-0.060330
0.001015,2.442402,-0.060330
0.001015,2.402201,-0.060330
0.001015,2.402201,-0.060330
0.001015,2.402201,-0.060330
0.001015,2.402201,-0.060330
0.001015,2.402201,-0.060330
0.001015,2.402201,-0.060330
0.001015,2.402201,-0.060330
0.001015,2.402201,-0.060330
0.001015,2.402201,-0.059526
0.001015,2.402201,-0.059526
0.001015,2.402201,-0.059526
0.001015,2.402201,-0.059526
0.001015,2.402201,-0.059526
0.001016,2.402201,-0.058722
0.001016,2.402201,-0.058722
0.001016,2.362000,-0.058722
0.001016,2.362000,-0.058722
0.001016,2.362000,-0.057918
0.001016,2.362000,-0.057918
0.001016,2.362000,-0.057918
0.001016,2.362000,-0.057114
0.001016,2.362000,-0.057114
0.001016,2.362000,-0.057114
0.001016,2.362000,-0.057114
0.001016,2.362000,-0.057114
0.001016,2.362000,-0.056310
0.001016,2.362000,-0.056310
0.001016,2.362000,-0.056310
0.001016,2.362000,-0.056310
0.001016,2.362000,-0.056310
0.001016,2.362000,-0.055506
0.001016,2.362000,-0.055506
0.001016,2.362000,-0.055506
0.001016,2.362000,-0.055506
0.001016,2.362000,-0.055506
0.001016,2.362000,-0.055506
0.001016,2.362000,-0.055506
0.001016,2.362000,-0.055506
0.001016,2.362000,-0.055506
0.001016,2.362000,-0.054702
0.001016,2.362000,-0.054702
0.001016,2.362000,-0.054702
0.001016,2.362000,-0.054702
0.001016,2.362000,-0.054702
0.001016,2.321799,-0.054702
0.001016,2.321799,-0.054702
0.001016,2.321799,-0.054702
0.001016,2.321799,-0.054702
0.001016,2.321799,-0.055506
0.001016,2.321799,-0.055506
0.001016,2.321799,-0.055506
0.001017,2.321799,-0.055506
0.001017,2.321799,-0.055506
0.001017,2.321799,-0.055506
0.001017,2.321799,-0.055506
0.001017,2.321799,-0.055506
0.001017,2.321799,-0.056310
0.001017,2.321799,-0.056310
0.001017,2.321799,-0.056310
0.001017,2.321799,-0.056310
0.001017,2.281598,-0.056310
0.001017,2.281598,-0.056310
0.001017,2.281598,-0.056310
0.001017,2.281598,-0.056310
0.001017,2.281598,-0.056310
0.001017,2.281598,-0.056310
0.001017,2.281598,-0.056310
0.001017,2.281598,-0.056310
0.001017,2.281598,-0.056310
0.001017,2.281598,-0.056310
0.001017,2.281598,-0.056310
0.001017,2.281598,-0.056310
0.001017,2.281598,-0.056310
0.001017,2.281598,-0.055506
0.001017,2.281598,-0.055506
0.001017,2.281598,-0.055506
0.001017,2.281598,-0.055506
0.001017,2.281598,-0.055506
0.001017,2.241397,-0.054702
0.001017,2.241397,-0.054702
0.001017,2.241397,-0.054702
0.001017,2.241397,-0.054702
0.001017,2.241397,-0.054702
0.001017,2.241397,-0.053898
0.001017,2.241397,-0.053898
0.001017,2.241397,-0.053898
0.001017,2.241397,-0.053898
0.001017,2.241397,-0.053898
0.001017,2.241397,-0.053898
0.001017,2.241397,-0.053094
0.001018,2.241397,-0.053094
0.001018,2.241397,-0.053094
0.001018,2.241397,-0.053094
0.001018,2.201196,-0.053094
0.001018,2.201196,-0.053094
0.001018,2.201196,-0.053094
0.001018,2.201196,-0.053094
0.001018,2.201196,-0.053094
0.001018,2.201196,-0.053094
0.001018,2.201196,-0.053094
0.001018,2.201196,-0.053094
0.001018,2.201196,-0.053094
0.001018,2.201196,-0.053094
0.001018,2.201196,-0.053094
0.001018,2.201196,-0.053094
0.001018,2.201196,-0.053094
0.001018,2.201196,-0.053094
0.001018,2.201196,-0.052290
0.001018,2.201196,-0.052290
0.001018,2.201196,-0.052290
0.001018,2.160995,-0.052290
0.001018,2.160995,-0.052290
0.001018,2.160995,-0.052290
0.001018,2.160995,-0.052290
0.001018,2.160995,-0.051486
0.001018,2.160995,-0.051486
0.001018,2.160995,-0.051486
0.001018,2.160995,-0.051486
0.001018,2.160995,-0.051486
0.001018,2.160995,-0.051486
0.001018,2.160995,-0.051486
0.001018,2.160995,-0.051486
0.001018,2.160995,-0.051486
0.001018,2.160995,-0.051486
0.001018,2.160995,-0.050682
0.001018,2.160995,-0.050682
0.001018,2.160995,-0.050682
0.001018,2.160995,-0.050682
0.001019,2.120794,-0.050682
0.001019,2.120794,-0.050682
0.001019,2.120794,-0.050682
0.001019,2.120794,-0.050682
0.001019,2.120794,-0.050682
0.001019,2.120794,-0.050682
0.001019,2.120794,-0.050682
0.001019,2.120794,-0.050682
0.001019,2.120794,-0.050682
0.001019,2.120794,-0.050682
0.001019,2.120794,-0.050682
0.001019,2.120794,-0.050682
0.001019,2.120794,-0.050682
0.001019,2.120794,-0.050682
0.001019,2.120794,-0.050682
0.001019,2.120794,-0.050682
0.001019,2.120794,-0.050682
0.001019,2.080593,-0.050682
0.001019,2.080593,-0.050682
0.001019,2.080593,-0.050682
0.001019,2.080593,-0.050682
0.001019,2.080593,-0.050682
0.001019,2.080593,-0.050682
0.001019,2.080593,-0.050682
0.001019,2.080593,-0.050682
0.001019,2.080593,-0.050682
0.001019,2.080593,-0.050682
0.001019,2.080593,-0.050682
0.001019,2.080593,-0.050682
0.001019,2.080593,-0.050682
0.001019,2.080593,-0.050682
0.001019,2.080593,-0.050682
0.001019,2.080593,-0.050682
0.001019,2.080593,-0.050682
0.001019,2.040392,-0.050682
0.001019,2.040392,-0.050682
0.001019,2.040392,-0.050682
0.001019,2.040392,-0.050682
0.001020,2.040392,-0.049878
0.001020,2.040392,-0.049878
0.001020,2.040392,-0.049878
0.001020,2.040392,-0.049878
0.001020,2.040392,-0.049878
0.001020,2.040392,-0.049878
0.001020,2.040392,-0.049878
0.001020,2.040392,-0.049878
0.001020,2.040392,-0.049878
0.001020,2.040392,-0.049878
0.001020,2.040392,-0.049074
0.001020,2.040392,-0.049074
0.001020,2.040392,-0.049074
0.001020,2.040392,-0.049074
0.001020,2.000191,-0.049074
0.001020,2.000191,-0.048270
0.001020,2.000191,-0.048270
0.001020,2.000191,-0.048270
0.001020,2.000191,-0.048270
0.001020,2.000191,-0.048270
0.001020,2.000191,-0.048270
0.001020,2.000191,-0.047466
0.001020,2.000191,-0.047466
0.001020,2.000191,-0.047466
0.001020,2.000191,-0.047466
0.001020,2.000191,-0.047466
0.001020,2.000191,-0.047466
0.001020,2.000191,-0.047466
0.001020,2.000191,-0.047466
0.001020,2.000191,-0.046662
0.001020,2.000191,-0.046662
0.001020,2.000191,-0.046662
0.001020,1.959990,-0.046662
0.001020,1.959990,-0.046662
0.001020,1.959990,-0.046662
0.001020,1.959990,-0.046662
0.001020,1.959990,-0.046662
0.001020,1.959990,-0.046662
0.001020,1.959990,-0.046662
0.001021,1.959990,-0.046662
0.001021,1.959990,-0.046662
0.001021,1.959990,-0.046662
0.001021,1.959990,-0.046662
0.001021,1.959990,-0.046662
0.001021,1.959990,-0.046662
0.001021,1.959990,-0.046662
0.001021,1.959990,-0.046662
0.001021,1.959990,-0.046662
0.001021,1.959990,-0.046662
0.001021,1.959990,-0.046662
0.001021,1.959990,-0.046662
0.001021,1.919789,-0.046662
0.001021,1.919789,-0.047466
0.001021,1.919789,-0.047466
0.001021,1.919789,-0.047466
0.001021,1.919789,-0.046662
0.001021,1.919789,-0.046662
0.001021,1.919789,-0.046662
0.001021,1.919789,-0.046662
0.001021,1.919789,-0.046662
0.001021,1.919789,-0.046662
0.001021,1.919789,-0.046662
0.001021,1.919789,-0.046662
0.001021,1.919789,-0.046662
0.001021,1.919789,-0.046662
0.001021,1.919789,-0.046662
0.001021,1.919789,-0.046662
0.001021,1.919789,-0.046662
0.001021,1.919789,-0.046662
0.001021,1.879588,-0.046662
0.001021,1.879588,-0.046662
0.001021,1.879588,-0.046662
0.001021,1.879588,-0.046662
0.001021,1.879588,-0.046662
0.001021,1.879588,-0.046662
0.001021,1.879588,-0.046662
0.001021,1.879588,-0.045858
0.001022,1.879588,-0.045858
0.001022,1.879588,-0.045858
0.001022,1.879588,-0.045858
0.001022,1.879588,-0.045858
0.001022,1.879588,-0.045858
0.001022,1.879588,-0.045858
0.001022,1.879588,-0.045858
0.001022,1.879588,-0.045858
0.001022,1.879588,-0.045858
0.001022,1.879588,-0.045858
0.001022,1.839387,-0.045858
0.001022,1.839387,-0.045054
0.001022,1.839387,-0.045054
0.001022,1.839387,-0.045054
0.001022,1.839387,-0.045054
0.001022,1.839387,-0.045054
0.001022,1.839387,-0.045054
0.001022,1.839387,-0.045054
0.001022,1.839387,-0.044250
0.001022,1.839387,-0.044250
0.001022,1.839387,-0.044250
0.001022,1.839387,-0.044250
0.001022,1.839387,-0.044250
0.001022,1.839387,-0.044250
0.001022,1.839387,-0.044250
0.001022,1.839387,-0.044250
0.001022,1.839387,-0.044250
0.001022,1.839387,-0.044250
0.001022,1.839387,-0.044250
0.001022,1.839387,-0.044250
0.001022,1.799186,-0.044250
0.001022,1.799186,-0.044250
0.001022,1.799186,-0.043446
0.001022,1.799186,-0.043446
0.001022,1.799186,-0.043446
0.001022,1.799186,-0.043446
0.001022,1.799186,-0.043446
0.001022,1.799186,-0.043446
0.001022,1.799186,-0.043446
0.001023,1.799186,-0.043446
0.001023,1.799186,-0.043446
0.001023,1.799186,-0.043446
0.001023,1.799186,-0.043446
0.001023,1.799186,-0.043446
0.001023,1.799186,-0.043446
0.001023,1.799186,-0.043446
0.001023,1.799186,-0.043446
0.001023,1.799186,-0.043446
0.001023,1.799186,-0.043446
0.001023,1.799186,-0.043446
0.001023,1.758985,-0.043446
0.001023,1.758985,-0.043446
0.001023,1.758985,-0.043446
0.001023,1.758985,-0.043446
0.001023,1.758985,-0.043446
0.001023,1.758985,-0.043446
0.001023,1.758985,-0.043446
0.001023,1.758985,-0.043446
0.001023,1.758985,-0.043446
0.001023,1.758985,-0.043446
0.001023,1.758985,-0.043446
0.001023,1.758985,-0.043446
0.001023,1.758985,-0.044250
0.001023,1.758985,-0.044250
0.001023,1.758985,-0.044250
0.001023,1.758985,-0.044250
0.001023,1.758985,-0.044250
0.001023,1.758985,-0.044250
0.001023,1.758985,-0.044250
0.001023,1.758985,-0.044250
0.001023,1.718784,-0.044250
0.001023,1.718784,-0.044250
0.001023,1.718784,-0.044250
0.001023,1.718784,-0.044250
0.001023,1.718784,-0.043446
0.001023,1.718784,-0.044250
0.001023,1.718784,-0.043446
0.001024,1.718784,-0.043446
0.001024,1.718784,-0.043446
0.001024,1.718784,-0.043446
0.001024,1.718784,-0.043446
0.001024,1.718784,-0.043446
0.001024,1.718784,-0.042642
0.001024,1.718784,-0.042642
0.001024,1.718784,-0.042642
0.001024,1.718784,-0.041838
0.001024,1.718784,-0.041838
0.001024,1.718784,-0.041838
0.001024,1.718784,-0.041838
0.001024,1.718784,-0.041838
0.001024,1.718784,-0.041034
0.001024,1.678583,-0.041034
0.001024,1.678583,-0.041034
0.001024,1.678583,-0.041034
0.001024,1.678583,-0.041034
0.001024,1.678583,-0.041034
0.001024,1.678583,-0.041034
0.001024,1.678583,-0.041034
0.001024,1.678583,-0.041034
0.001024,1.678583,-0.041034
0.001024,1.678583,-0.041034
0.001024,1.678583,-0.041034
0.001024,1.678583,-0.041034
0.001024,1.678583,-0.041034
0.001024,1.678583,-0.041034
0.001024,1.678583,-0.040230
0.001024,1.678583,-0.041034
0.001024,1.678583,-0.040230
0.001024,1.678583,-0.040230
0.001024,1.678583,-0.041034
0.001024,1.678583,-0.041034
0.001024,1.678583,-0.041034
0.001024,1.638382,-0.041034
0.001024,1.638382,-0.041034
0.001024,1.638382,-0.041034
0.001025,1.638382,-0.041034
0.001025,1.638382,-0.041034
0.001025,1.638382,-0.041034
0.001025,1.638382,-0.041034
0.001025,1.638382,-0.041034
0.001025,1.638382,-0.041034
0.001025,1.638382,-0.041034
0.001025,1.638382,-0.041034
0.001025,1.638382,-0.041034
0.001025,1.638382,-0.041034
0.001025,1.638382,-0.041034
0.001025,1.638382,-0.041034
0.001025,1.638382,-0.041034
0.001025,1.638382,-0.041034
0.001025,1.638382,-0.040230
0.001025,1.638382,-0.040230
0.001025,1.638382,-0.040230
0.001025,1.638382,-0.040230
0.001025,1.638382,-0.040230
0.001025,1.598181,-0.040230
0.001025,1.598181,-0.040230
0.001025,1.598181,-0.039426
0.001025,1.598181,-0.039426
0.001025,1.598181,-0.039426
0.001025,1.598181,-0.039426
0.001025,1.598181,-0.039426
0.001025,1.598181,-0.039426
0.001025,1.598181,-0.039426
0.001025,1.598181,-0.039426
0.001025,1.598181,-0.039426
0.001025,1.598181,-0.038622
0.001025,1.598181,-0.038622
0.001025,1.598181,-0.038622
0.001025,1.598181,-0.038622
0.001025,1.598181,-0.038622
0.001025,1.598181,-0.038622
0.001025,1.598181,-0.038622
0.001025,1.598181,-0.039426
0.001025,1.598181,-0.039426
0.001026,1.598181,-0.039426
0.001026,1.557980,-0.039426
0.001026,1.557980,-0.039426
0.001026,1.557980,-0.039426
0.001026,1.557980,-0.039426
0.001026,1.557980,-0.039426
0.001026,1.557980,-0.039426
0.001026,1.557980,-0.039426
0.001026,1.557980,-0.039426
0.001026,1.557980,-0.039426
0.001026,1.557980,-0.039426
0.001026,1.557980,-0.039426
0.001026,1.557980,-0.039426
0.001026,1.557980,-0.039426
0.001026,1.557980,-0.039426
0.001026,1.557980,-0.039426
0.001026,1.557980,-0.039426
0.001026,1.557980,-0.038622
0.001026,1.557980,-0.038622
0.001026,1.557980,-0.038622
0.001026,1.557980,-0.038622
0.001026,1.557980,-0.038622
0.001026,1.557980,-0.038622
0.001026,1.517779,-0.037818
0.001026,1.517779,-0.037818
0.001026,1.517779,-0.037818
0.001026,1.517779,-0.037818
0.001026,1.517779,-0.037818
0.001026,1.517779,-0.037818
0.001026,1.517779,-0.037818
0.001026,1.517779,-0.037818
0.001026,1.517779,-0.037818
0.001026,1.517779,-0.037818
0.001026,1.517779,-0.037818
0.001026,1.517779,-0.037818
0.001026,1.517779,-0.037818
0.001026,1.517779,-0.037818
0.001026,1.517779,-0.037818
0.001027,1.517779,-0.037818
0.001027,1.517779,-0.037818
0.001027,1.517779,-0.037818
0.001027,1.517779,-0.037818
0.001027,1.517779,-0.037818
0.001027,1.517779,-0.037818
0.001027,1.517779,-0.037818
0.001027,1.517779,-0.037818
0.001027,1.477578,-0.037014
0.001027,1.477578,-0.037014
0.001027,1.477578,-0.037014
0.001027,1.477578,-0.037014
0.001027,1.477578,-0.037014
0.001027,1.477578,-0.037014
0.001027,1.477578,-0.037014
0.001027,1.477578,-0.037014
0.001027,1.477578,-0.037014
0.001027,1.477578,-0.037014
0.001027,1.477578,-0.037014
0.001027,1.477578,-0.036210
0.001027,1.477578,-0.036210
0.001027,1.477578,-0.036210
0.001027,1.477578,-0.036210
0.001027,1.477578,-0.036210
0.001027,1.477578,-0.036210
0.001027,1.477578,-0.036210
0.001027,1.477578,-0.036210
0.001027,1.477578,-0.036210
0.001027,1.477578,-0.036210
0.001027,1.477578,-0.036210
0.001027,1.477578,-0.036210
0.001027,1.477578,-0.036210
0.001027,1.477578,-0.036210
0.001027,1.437377,-0.036210
0.001027,1.437377,-0.036210
0.001027,1.437377,-0.036210
0.001027,1.437377,-0.036210
0.001027,1.437377,-0.036210
0.001027,1.437377,-0.036210
0.001028,1.437377,-0.036210
0.001028,1.437377,-0.036210
0.001028,1.437377,-0.036210
0.001028,1.437377,-0.036210
0.001028,1.437377,-0.036210
0.001028,1.437377,-0.036210
0.001028,1.437377,-0.036210
0.001028,1.437377,-0.036210
0.001028,1.437377,-0.036210
0.001028,1.437377,-0.036210
0.001028,1.437377,-0.036210
0.001028,1.437377,-0.036210
0.001028,1.437377,-0.036210
0.001028,1.437377,-0.036210
0.001028,1.437377,-0.036210
0.001028,1.437377,-0.036210
0.001028,1.437377,-0.036210
0.001028,1.437377,-0.036210
0.001028,1.437377,-0.036210
0.001028,1.437377,-0.036210
0.001028,1.397176,-0.036210
0.001028,1.397176,-0.036210
0.001028,1.397176,-0.036210
0.001028,1.397176,-0.036210
0.001028,1.397176,-0.036210
0.001028,1.397176,-0.036210
0.001028,1.397176,-0.035406
0.001028,1.397176,-0.035406
0.001028,1.397176,-0.035406
0.001028,1.397176,-0.035406
0.001028,1.397176,-0.035406
0.001028,1.397176,-0.035406
0.001028,1.397176,-0.035406
0.001028,1.397176,-0.034602
0.001028,1.397176,-0.034602
0.001028,1.397176,-0.034602
0.001028,1.397176,-0.034602
0.001028,1.397176,-0.034602
0.001029,1.397176,-0.034602
0.001029,1.397176,-0.034602
0.001029,1.397176,-0.034602
0.001029,1.397176,-0.034602
0.001029,1.397176,-0.034602
0.001029,1.356975,-0.034602
0.001029,1.356975,-0.033798
0.001029,1.356975,-0.033798
0.001029,1.356975,-0.033798
0.001029,1.356975,-0.033798
0.001029,1.356975,-0.033798
0.001029,1.356975,-0.033798
0.001029,1.356975,-0.033798
0.001029,1.356975,-0.033798
0.001029,1.356975,-0.033798
0.001029,1.356975,-0.033798
0.001029,1.356975,-0.033798
0.001029,1.356975,-0.033798
0.001029,1.356975,-0.033798
0.001029,1.356975,-0.033798
0.001029,1.356975,-0.033798
0.001029,1.356975,-0.033798
0.001029,1.356975,-0.033798
0.001029,1.356975,-0.033798
0.001029,1.356975,-0.033798
0.001029,1.356975,-0.033798
0.001029,1.356975,-0.033798
0.001029,1.356975,-0.033798
0.001029,1.356975,-0.033798
0.001029,1.356975,-0.033798
0.001029,1.356975,-0.033798
0.001029,1.316774,-0.034602
0.001029,1.316774,-0.034602
0.001029,1.316774,-0.034602
0.001029,1.316774,-0.034602
0.001029,1.316774,-0.034602
0.001029,1.316774,-0.034602
0.001029,1.316774,-0.034602
0.001030,1.316774,-0.034602
0.001030,1.316774,-0.034602
0.001030,1.316774,-0.034602
0.001030,1.316774,-0.034602
0.001030,1.316774,-0.034602
0.001030,1.316774,-0.034602
0.001030,1.316774,-0.034602
0.001030,1.316774,-0.034602
0.001030,1.316774,-0.033798
0.001030,1.316774,-0.033798
0.001030,1.316774,-0.033798
0.001030,1.316774,-0.033798
0.001030,1.316774,-0.033798
0.001030,1.316774,-0.033798
0.001030,1.316774,-0.033798
0.001030,1.316774,-0.032994
0.001030,1.316774,-0.032994
0.001030,1.316774,-0.032994
0.001030,1.316774,-0.032994
0.001030,1.276573,-0.032994
0.001030,1.276573,-0.032994
0.001030,1.276573,-0.032190
0.001030,1.276573,-0.032190
0.001030,1.276573,-0.032190
0.001030,1.276573,-0.032190
0.001030,1.276573,-0.032190
0.001030,1.276573,-0.032190
0.001030,1.276573,-0.032190
0.001030,1.276573,-0.032190
0.001030,1.276573,-0.032190
0.001030,1.276573,-0.032190
0.001030,1.276573,-0.032190
0.001030,1.276573,-0.032190
0.001030,1.276573,-0.031386
0.001030,1.276573,-0.031386
0.001030,1.276573,-0.032190
0.001030,1.276573,-0.032190
0.001030,1.276573,-0.032190
0.001030,1.276573,-0.032190
0.001031,1.276573,-0.032190
0.001031,1.276573,-0.032190
0.001031,1.276573,-0.031386
0.001031,1.276573,-0.031386
0.001031,1.276573,-0.031386
0.001031,1.276573,-0.032190
0.001031,1.276573,-0.032190
0.001031,1.276573,-0.032190
0.001031,1.276573,-0.032190
0.001031,1.236372,-0.032190
0.001031,1.236372,-0.032190
0.001031,1.236372,-0.032190
0.001031,1.236372,-0.032190
0.001031,1.236372,-0.032190
0.001031,1.236372,-0.032190
0.001031,1.236372,-0.032190
0.001031,1.236372,-0.032190
0.001031,1.236372,-0.032190
0.001031,1.236372,-0.032190
0.001031,1.236372,-0.032190
0.001031,1.236372,-0.032190
0.001031,1.236372,-0.032190
0.001031,1.236372,-0.032190
0.001031,1.236372,-0.032190
0.001031,1.236372,-0.032190
0.001031,1.236372,-0.032190
0.001031,1.236372,-0.032190
0.001031,1.236372,-0.032190
0.001031,1.236372,-0.032190
0.001031,1.236372,-0.032190
0.001031,1.236372,-0.032190
0.001031,1.236372,-0.032190
0.001031,1.236372,-0.031386
0.001031,1.236372,-0.031386
0.001031,1.236372,-0.031386
0.001031,1.236372,-0.031386
0.001031,1.236372,-0.031386
0.001031,1.236372,-0.031386
0.001032,1.196171,-0.031386
0.001032,1.196171,-0.031386
0.001032,1.196171,-0.031386
0.001032,1.196171,-0.030582
0.001032,1.196171,-0.030582
0.001032,1.196171,-0.030582
0.001032,1.196171,-0.030582
0.001032,1.196171,-0.030582
0.001032,1.196171,-0.030582
0.001032,1.196171,-0.030582
0.001032,1.196171,-0.030582
0.001032,1.196171,-0.030582
0.001032,1.196171,-0.030582
0.001032,1.196171,-0.029778
0.001032,1.196171,-0.029778
0.001032,1.196171,-0.029778
0.001032,1.196171,-0.029778
0.001032,1.196171,-0.029778
0.001032,1.196171,-0.029778
0.001032,1.196171,-0.029778
0.001032,1.196171,-0.029778
0.001032,1.196171,-0.029778
0.001032,1.196171,-0.029778
0.001032,1.196171,-0.029778
0.001032,1.196171,-0.029778
0.001032,1.196171,-0.029778
0.001032,1.196171,-0.029778
0.001032,1.196171,-0.029778
0.001032,1.196171,-0.029778
0.001032,1.155970,-0.029778
0.001032,1.155970,-0.029778
0.001032,1.155970,-0.029778
0.001032,1.155970,-0.029778
0.001032,1.155970,-0.029778
0.001032,1.155970,-0.029778
0.001032,1.155970,-0.029778
0.001032,1.155970,-0.029778
0.001032,1.155970,-0.029778
0.001032,1.155970,-0.029778
0.001033,1.155970,-0.029778
0.001033,1.155970,-0.029778
0.001033,1.155970,-0.029778
0.001033,1.155970,-0.030582
0.001033,1.155970,-0.029778
0.001033,1.155970,-0.029778
0.001033,1.155970,-0.029778
0.001033,1.155970,-0.029778
0.001033,1.155970,-0.029778
0.001033,1.155970,-0.029778
0.001033,1.155970,-0.029778
0.001033,1.155970,-0.029778
0.001033,1.155970,-0.029778
0.001033,1.155970,-0.029778
0.001033,1.155970,-0.029778
0.001033,1.155970,-0.029778
0.001033,1.155970,-0.029778
0.001033,1.155970,-0.028974
0.001033,1.155970,-0.028974
0.001033,1.155970,-0.028974
0.001033,1.155970,-0.028974
0.001033,1.155970,-0.028974
0.001033,1.115769,-0.028974
0.001033,1.115769,-0.028974
0.001033,1.115769,-0.028974
0.001033,1.115769,-0.028974
0.001033,1.115769,-0.028974
0.001033,1.115769,-0.028974
0.001033,1.115769,-0.028974
0.001033,1.115769,-0.028974
0.001033,1.115769,-0.028974
0.001033,1.115769,-0.028974
0.001033,1.115769,-0.028974
0.001033,1.115769,-0.028974
0.001033,1.115769,-0.028974
0.001033,1.115769,-0.028974
0.001033,1.115769,-0.028974
0.001033,1.115769,-0.028974
0.001034,1.115769,-0.028974
0.001034,1.115769,-0.028974
0.001034,1.115769,-0.028170
0.001034,1.115769,-0.028170
0.001034,1.115769,-0.028170
0.001034,1.115769,-0.028170
0.001034,1.115769,-0.028170
0.001034,1.115769,-0.028170
0.001034,1.115769,-0.028170
0.001034,1.115769,-0.027366
0.001034,1.115769,-0.027366
0.001034,1.115769,-0.027366
0.001034,1.115769,-0.027366
0.001034,1.075568,-0.027366
0.001034,1.075568,-0.027366
0.001034,1.075568,-0.027366
0.001034,1.075568,-0.027366
0.001034,1.075568,-0.027366
0.001034,1.075568,-0.027366
0.001034,1.075568,-0.028170
0.001034,1.075568,-0.028170
0.001034,1.075568,-0.028170
0.001034,1.075568,-0.028170
0.001034,1.075568,-0.028170
0.001034,1.075568,-0.028170
0.001034,1.075568,-0.028170
0.001034,1.075568,-0.028170
0.001034,1.075568,-0.028170
0.001034,1.075568,-0.028170
0.001034,1.075568,-0.028170
0.001034,1.075568,-0.028170
0.001034,1.075568,-0.028170
0.001034,1.075568,-0.028170
0.001034,1.075568,-0.028170
0.001034,1.075568,-0.028170
0.001034,1.075568,-0.028170
0.001034,1.075568,-0.028170
0.001034,1.075568,-0.028170
0.001035,1.075568,-0.028170
0.001035,1.075568,-0.028170
0.001035,1.075568,-0.028170
0.001035,1.075568,-0.028170
0.001035,1.075568,-0.028170
0.001035,1.075568,-0.028170
0.001035,1.075568,-0.028170
0.001035,1.075568,-0.028170
0.001035,1.035367,-0.028170
0.001035,1.035367,-0.028170
0.001035,1.035367,-0.027366
0.001035,1.035367,-0.027366
0.001035,1.035367,-0.027366
0.001035,1.035367,-0.027366
0.001035,1.035367,-0.027366
0.001035,1.035367,-0.027366
0.001035,1.035367,-0.026562
0.001035,1.035367,-0.026562
0.001035,1.035367,-0.026562
0.001035,1.035367,-0.026562
0.001035,1.035367,-0.026562
0.001035,1.035367,-0.025758
0.001035,1.035367,-0.025758
0.001035,1.035367,-0.025758
0.001035,1.035367,-0.025758
0.001035,1.035367,-0.025758
0.001035,1.035367,-0.025758
0.001035,1.035367,-0.025758
0.001035,1.035367,-0.025758
0.001035,1.035367,-0.025758
0.001035,1.035367,-0.025758
0.001035,1.035367,-0.025758
0.001035,1.035367,-0.025758
0.001035,1.035367,-0.025758
0.001035,1.035367,-0.025758
0.001035,1.035367,-0.025758
0.001035,1.035367,-0.025758
0.001035,1.035367,-0.025758
0.001035,1.035367,-0.025758
0.001036,1.035367,-0.025758
0.001036,1.035367,-0.025758
0.001036,1.035367,-0.025758
0.001036,0.995166,-0.026562
0.001036,0.995166,-0.026562
0.001036,0.995166,-0.026562
0.001036,0.995166,-0.026562
0.001036,0.995166,-0.026562
0.001036,0.995166,-0.026562
0.001036,0.995166,-0.026562
0.001036,0.995166,-0.026562
0.001036,0.995166,-0.026562
0.001036,0.995166,-0.026562
0.001036,0.995166,-0.026562
0.001036,0.995166,-0.026562
0.001036,0.995166,-0.026562
0.001036,0.995166,-0.026562
0.001036,0.995166,-0.026562
0.001036,0.995166,-0.026562
0.001036,0.995166,-0.026562
0.001036,0.995166,-0.026562
0.001036,0.995166,-0.026562
0.001036,0.995166,-0.026562
0.001036,0.995166,-0.026562
0.001036,0.995166,-0.026562
0.001036,0.995166,-0.026562
0.001036,0.995166,-0.026562
0.001036,0.995166,-0.026562
0.001036,0.995166,-0.026562
0.001036,0.995166,-0.026562
0.001036,0.995166,-0.026562
0.001036,0.995166,-0.026562
0.001036,0.995166,-0.025758
0.001036,0.995166,-0.025758
0.001036,0.995166,-0.025758
0.001036,0.995166,-0.025758
0.001036,0.995166,-0.025758
0.001036,0.995166,-0.025758
0.001037,0.954965,-0.024954
0.001037,0.954965,-0.024954
0.001037,0.954965,-0.024954
0.001037,0.954965,-0.024954
0.001037,0.954965,-0.024954
0.001037,0.954965,-0.024149
0.001037,0.954965,-0.024149
0.001037,0.954965,-0.024149
0.001037,0.954965,-0.024149
0.001037,0.954965,-0.024149
0.001037,0.954965,-0.024149
0.001037,0.954965,-0.024149
0.001037,0.954965,-0.024149
0.001037,0.954965,-0.024149
0.001037,0.954965,-0.024954
0.001037,0.954965,-0.024954
0.001037,0.954965,-0.024954
0.001037,0.954965,-0.024954
0.001037,0.954965,-0.024954
0.001037,0.954965,-0.024954
0.001037,0.954965,-0.024954
0.001037,0.954965,-0.024954
0.001037,0.954965,-0.024954
0.001037,0.954965,-0.024954
0.001037,0.954965,-0.024954
0.001037,0.954965,-0.024954
0.001037,0.954965,-0.024954
0.001037,0.954965,-0.024954
0.001037,0.954965,-0.024954
0.001037,0.954965,-0.024954
0.001037,0.954965,-0.024954
0.001037,0.954965,-0.024954
0.001037,0.954965,-0.024954
0.001037,0.954965,-0.024954
0.001037,0.914764,-0.024954
0.001037,0.914764,-0.024954
0.001037,0.914764,-0.024954
0.001037,0.914764,-0.024954
0.001037,0.914764,-0.024954
0.001038,0.914764,-0.024954
0.001038,0.914764,-0.024149
0.001038,0.914764,-0.024149
0.001038,0.914764,-0.024149
0.001038,0.914764,-0.024149
0.001038,0.914764,-0.024149
0.001038,0.914764,-0.024149
0.001038,0.914764,-0.024149
0.001038,0.914764,-0.024149
0.001038,0.914764,-0.024149
0.001038,0.914764,-0.024149
0.001038,0.914764,-0.024149
0.001038,0.914764,-0.024149
0.001038,0.914764,-0.024149
0.001038,0.914764,-0.024149
0.001038,0.914764,-0.024149
0.001038,0.914764,-0.024149
0.001038,0.914764,-0.024149
0.001038,0.914764,-0.024149
0.001038,0.914764,-0.024149
0.001038,0.914764,-0.024149
0.001038,0.914764,-0.024149
0.001038,0.914764,-0.024149
0.001038,0.914764,-0.024149
0.001038,0.914764,-0.024149
0.001038,0.914764,-0.024149
0.001038,0.914764,-0.024149
0.001038,0.914764,-0.024149
0.001038,0.914764,-0.024149
0.001038,0.914764,-0.024149
0.001038,0.914764,-0.024149
0.001038,0.914764,-0.024149
0.001038,0.874563,-0.024149
0.001038,0.874563,-0.024149
0.001038,0.874563,-0.024149
0.001038,0.874563,-0.024149
0.001038,0.874563,-0.024149
0.001038,0.874563,-0.024149
0.001039,0.874563,-0.024149
0.001039,0.874563,-0.024149
0.001039,0.874563,-0.024149
0.001039,0.874563,-0.024149
0.001039,0.874563,-0.024149
0.001039,0.874563,-0.024149
0.001039,0.874563,-0.024149
0.001039,0.874563,-0.024149
0.001039,0.874563,-0.023345
0.001039,0.874563,-0.023345
0.001039,0.874563,-0.023345
0.001039,0.874563,-0.023345
0.001039,0.874563,-0.023345
0.001039,0.874563,-0.023345
0.001039,0.874563,-0.023345
0.001039,0.874563,-0.023345
0.001039,0.874563,-0.023345
0.001039,0.874563,-0.023345
0.001039,0.874563,-0.023345
0.001039,0.874563,-0.023345
0.001039,0.874563,-0.022541
0.001039,0.874563,-0.022541
0.001039,0.874563,-0.022541
0.001039,0.874563,-0.022541
0.001039,0.874563,-0.022541
0.001039,0.874563,-0.022541
0.001039,0.874563,-0.022541
0.001039,0.874563,-0.021737
0.001039,0.874563,-0.021737
0.001039,0.874563,-0.021737
0.001039,0.874563,-0.021737
0.001039,0.874563,-0.021737
0.001039,0.874563,-0.021737
0.001039,0.834362,-0.021737
0.001039,0.834362,-0.021737
0.001039,0.834362,-0.021737
0.001039,0.834362,-0.021737
0.001039,0.834362,-0.021737
0.001040,0.834362,-0.021737
0.001040,0.834362,-0.021737
0.001040,0.834362,-0.022541
0.001040,0.834362,-0.022541
0.001040,0.834362,-0.022541
0.001040,0.834362,-0.022541
0.001040,0.834362,-0.022541
0.001040,0.834362,-0.022541
0.001040,0.834362,-0.022541
0.001040,0.834362,-0.022541
0.001040,0.834362,-0.022541
0.001040,0.834362,-0.022541
0.001040,0.834362,-0.023345
0.001040,0.834362,-0.023345
0.001040,0.834362,-0.023345
0.001040,0.834362,-0.023345
0.001040,0.834362,-0.023345
0.001040,0.834362,-0.023345
0.001040,0.834362,-0.023345
0.001040,0.834362,-0.023345
0.001040,0.834362,-0.023345
0.001040,0.834362,-0.023345
0.001040,0.834362,-0.023345
0.001040,0.834362,-0.023345
0.001040,0.834362,-0.023345
0.001040,0.834362,-0.023345
0.001040,0.834362,-0.023345
0.001040,0.834362,-0.023345
0.001040,0.834362,-0.023345
0.001040,0.834362,-0.023345
0.001040,0.834362,-0.022541
0.001040,0.834362,-0.022541
0.001040,0.834362,-0.022541
0.001040,0.834362,-0.022541
0.001040,0.834362,-0.022541
0.001040,0.834362,-0.022541
0.001040,0.834362,-0.022541
0.001040,0.834362,-0.022541
0.001040,0.794161,-0.021737
0.001041,0.794161,-0.021737
0.001041,0.794161,-0.021737
0.001041,0.794161,-0.021737
0.001041,0.794161,-0.021737
0.001041,0.794161,-0.021737
0.001041,0.794161,-0.021737
0.001041,0.794161,-0.021737
0.001041,0.794161,-0.021737
0.001041,0.794161,-0.020933
0.001041,0.794161,-0.020933
0.001041,0.794161,-0.020933
0.001041,0.794161,-0.020933
0.001041,0.794161,-0.020933
0.001041,0.794161,-0.020933
0.001041,0.794161,-0.020933
0.001041,0.794161,-0.020933
0.001041,0.794161,-0.020933
0.001041,0.794161,-0.020933
0.001041,0.794161,-0.020933
0.001041,0.794161,-0.020933
0.001041,0.794161,-0.020933
0.001041,0.794161,-0.020933
0.001041,0.794161,-0.020933
0.001041,0.794161,-0.020933
0.001041,0.794161,-0.020933
0.001041,0.794161,-0.020933
0.001041,0.794161,-0.020933
0.001041,0.794161,-0.020933
0.001041,0.794161,-0.020933
0.001041,0.794161,-0.020933
0.001041,0.794161,-0.020933
0.001041,0.794161,-0.020933
0.001041,0.794161,-0.020933
0.001041,0.794161,-0.020933
0.001041,0.794161,-0.020933
0.001041,0.794161,-0.020933
0.001041,0.794161,-0.020933
0.001041,0.794161,-0.020933
0.001042,0.794161,-0.020933
0.001042,0.794161,-0.020933
0.001042,0.794161,-0.020933
0.001042,0.794161,-0.020933
0.001042,0.794161,-0.020933
0.001042,0.794161,-0.020933
0.001042,0.753960,-0.020933
0.001042,0.753960,-0.020933
0.001042,0.753960,-0.020933
0.001042,0.753960,-0.020933
0.001042,0.753960,-0.020933
0.001042,0.753960,-0.020933
0.001042,0.753960,-0.020933
0.001042,0.753960,-0.020933
0.001042,0.753960,-0.020933
0.001042,0.753960,-0.020933
0.001042,0.753960,-0.020933
0.001042,0.753960,-0.020933
0.001042,0.753960,-0.020933
0.001042,0.753960,-0.020933
0.001042,0.753960,-0.020933
0.001042,0.753960,-0.020933
0.001042,0.753960,-0.020933
0.001042,0.753960,-0.020933
0.001042,0.753960,-0.020933
0.001042,0.753960,-0.020933
0.001042,0.753960,-0.020933
0.001042,0.753960,-0.020933
0.001042,0.753960,-0.020933
0.001042,0.753960,-0.020933
0.001042,0.753960,-0.020933
0.001042,0.753960,-0.020933
0.001042,0.753960,-0.020933
0.001042,0.753960,-0.020933
0.001042,0.753960,-0.020129
0.001042,0.753960,-0.020933
0.001042,0.753960,-0.020933
0.001042,0.753960,-0.020129
0.001042,0.753960,-0.020129
0.001043,0.753960,-0.020129
0.001043,0.753960,-0.020129
0.001043,0.753960,-0.020129
0.001043,0.753960,-0.020129
0.001043,0.753960,-0.020129
0.001043,0.753960,-0.020129
0.001043,0.753960,-0.019325
0.001043,0.753960,-0.019325
0.001043,0.713759,-0.019325
0.001043,0.713759,-0.019325
0.001043,0.713759,-0.019325
0.001043,0.713759,-0.019325
0.001043,0.713759,-0.019325
0.001043,0.713759,-0.019325
0.001043,0.713759,-0.019325
0.001043,0.713759,-0.019325
0.001043,0.713759,-0.019325
0.001043,0.713759,-0.019325
0.001043,0.713759,-0.019325
0.001043,0.713759,-0.019325
0.001043,0.713759,-0.019325
0.001043,0.713759,-0.019325
0.001043,0.713759,-0.019325
0.001043,0.713759,-0.019325
0.001043,0.713759,-0.019325
0.001043,0.713759,-0.019325
0.001043,0.713759,-0.019325
0.001043,0.713759,-0.019325
0.001043,0.713759,-0.019325
0.001043,0.713759,-0.019325
0.001043,0.713759,-0.019325
0.001043,0.713759,-0.018521
0.001043,0.713759,-0.018521
0.001043,0.713759,-0.018521
0.001043,0.713759,-0.018521
0.001043,0.713759,-0.018521
0.001043,0.713759,-0.018521
0.001043,0.713759,-0.018521
0.001044,0.713759,-0.018521
0.001044,0.713759,-0.018521
0.001044,0.713759,-0.018521
0.001044,0.713759,-0.018521
0.001044,0.713759,-0.018521
0.001044,0.713759,-0.018521
0.001044,0.713759,-0.018521
0.001044,0.713759,-0.018521
0.001044,0.713759,-0.018521
0.001044,0.713759,-0.018521
0.001044,0.713759,-0.018521
0.001044,0.713759,-0.018521
0.001044,0.713759,-0.018521
0.001044,0.713759,-0.019325
0.001044,0.713759,-0.019325
0.001044,0.713759,-0.019325
0.001044,0.713759,-0.019325
0.001044,0.713759,-0.019325
0.001044,0.713759,-0.019325
0.001044,0.713759,-0.019325
0.001044,0.673558,-0.019325
0.001044,0.673558,-0.019325
0.001044,0.673558,-0.019325
0.001044,0.673558,-0.019325
0.001044,0.673558,-0.019325
0.001044,0.673558,-0.019325
0.001044,0.673558,-0.019325
0.001044,0.673558,-0.019325
0.001044,0.673558,-0.019325
0.001044,0.673558,-0.019325
0.001044,0.673558,-0.019325
0.001044,0.673558,-0.019325
0.001044,0.673558,-0.019325
0.001044,0.673558,-0.019325
0.001044,0.673558,-0.018521
0.001044,0.673558,-0.018521
0.001044,0.673558,-0.018521
0.001044,0.673558,-0.018521
0.001045,0.673558,-0.018521
0.001045,0.673558,-0.018521
0.001045,0.673558,-0.018521
0.001045,0.673558,-0.018521
0.001045,0.673558,-0.018521
0.001045,0.673558,-0.018521
0.001045,0.673558,-0.018521
0.001045,0.673558,-0.018521
0.001045,0.673558,-0.018521
0.001045,0.673558,-0.018521
0.001045,0.673558,-0.018521
0.001045,0.673558,-0.018521
0.001045,0.673558,-0.017717
0.001045,0.673558,-0.017717
0.001045,0.673558,-0.017717
0.001045,0.673558,-0.017717
0.001045,0.673558,-0.017717
0.001045,0.673558,-0.017717
0.001045,0.673558,-0.017717
0.001045,0.673558,-0.016913
0.001045,0.673558,-0.016913
0.001045,0.673558,-0.016913
0.001045,0.673558,-0.016913
0.001045,0.673558,-0.016913
0.001045,0.673558,-0.016913
0.001045,0.673558,-0.016913
0.001045,0.673558,-0.016913
0.001045,0.673558,-0.017717
0.001045,0.673558,-0.017717
0.001045,0.673558,-0.017717
0.001045,0.673558,-0.017717
0.001045,0.673558,-0.017717
0.001045,0.673558,-0.017717
0.001045,0.673558,-0.017717
0.001045,0.633357,-0.017717
0.001045,0.633357,-0.017717
0.001045,0.633357,-0.017717
0.001045,0.633357,-0.017717
0.001045,0.633357,-0.017717
0.001046,0.633357,-0.017717
0.001046,0.633357,-0.017717
0.001046,0.633357,-0.016913
0.001046,0.633357,-0.016913
0.001046,0.633357,-0.016913
0.001046,0.633357,-0.016913
0.001046,0.633357,-0.016913
0.001046,0.633357,-0.016913
0.001046,0.633357,-0.017717
0.001046,0.633357,-0.017717
0.001046,0.633357,-0.017717
0.001046,0.633357,-0.017717
0.001046,0.633357,-0.017717
0.001046,0.633357,-0.017717
0.001046,0.633357,-0.017717
0.001046,0.633357,-0.017717
0.001046,0.633357,-0.017717
0.001046,0.633357,-0.017717
0.001046,0.633357,-0.017717
0.001046,0.633357,-0.017717
0.001046,0.633357,-0.017717
0.001046,0.633357,-0.017717
0.001046,0.633357,-0.017717
0.001046,0.633357,-0.017717
0.001046,0.633357,-0.017717
0.001046,0.633357,-0.017717
0.001046,0.633357,-0.017717
0.001046,0.633357,-0.017717
0.001046,0.633357,-0.017717
0.001046,0.633357,-0.017717
0.001046,0.633357,-0.017717
0.001046,0.633357,-0.017717
0.001046,0.633357,-0.017717
0.001046,0.633357,-0.017717
0.001046,0.633357,-0.017717
0.001046,0.633357,-0.017717
0.001046,0.633357,-0.017717
0.001046,0.633357,-0.017717
0.001047,0.633357,-0.017717
0.001047,0.633357,-0.017717
0.001047,0.633357,-0.016913
0.001047,0.633357,-0.016913
0.001047,0.633357,-0.016913
0.001047,0.633357,-0.016913
0.001047,0.633357,-0.016913
0.001047,0.633357,-0.016913
0.001047,0.593156,-0.016913
0.001047,0.593156,-0.016913
0.001047,0.593156,-0.016913
0.001047,0.593156,-0.016913
0.001047,0.593156,-0.016913
0.001047,0.593156,-0.016913
0.001047,0.593156,-0.016109
0.001047,0.593156,-0.016109
0.001047,0.593156,-0.016109
0.001047,0.593156,-0.016109
0.001047,0.593156,-0.016109
0.001047,0.593156,-0.016109
0.001047,0.593156,-0.016109
0.001047,0.593156,-0.016109
0.001047,0.593156,-0.016109
0.001047,0.593156,-0.016109
0.001047,0.593156,-0.016109
0.001047,0.593156,-0.016109
0.001047,0.593156,-0.016109
0.001047,0.593156,-0.016109
0.001047,0.593156,-0.016109
0.001047,0.593156,-0.016109
0.001047,0.593156,-0.016109
0.001047,0.593156,-0.016109
0.001047,0.593156,-0.016109
0.001047,0.593156,-0.016109
0.001047,0.593156,-0.016109
0.001047,0.593156,-0.016109
0.001047,0.593156,-0.016109
0.001047,0.593156,-0.016109
0.001047,0.593156,-0.016109
0.001048,0.593156,-0.016109
0.001048,0.593156,-0.016109
0.001048,0.593156,-0.016913
0.001048,0.593156,-0.016913
0.001048,0.593156,-0.016913
0.001048,0.593156,-0.016913
0.001048,0.593156,-0.016913
0.001048,0.593156,-0.016913
0.001048,0.593156,-0.016913
0.001048,0.593156,-0.016913
0.001048,0.593156,-0.016913
0.001048,0.593156,-0.016109
0.001048,0.593156,-0.016109
0.001048,0.593156,-0.016109
0.001048,0.593156,-0.016109
0.001048,0.593156,-0.016109
0.001048,0.593156,-0.016109
0.001048,0.593156,-0.016109
0.001048,0.593156,-0.016109
0.001048,0.593156,-0.016109
0.001048,0.593156,-0.016109
0.001048,0.593156,-0.016109
0.001048,0.593156,-0.016109
0.001048,0.593156,-0.016109
0.001048,0.593156,-0.016109
0.001048,0.593156,-0.016109
0.001048,0.593156,-0.016109
0.001048,0.593156,-0.015305
0.001048,0.552955,-0.015305
0.001048,0.552955,-0.015305
0.001048,0.552955,-0.016109
0.001048,0.552955,-0.016109
0.001048,0.552955,-0.016109
0.001048,0.552955,-0.016109
0.001048,0.552955,-0.016109
0.001048,0.552955,-0.016109
0.001048,0.552955,-0.016109
0.001048,0.552955,-0.016109
0.001049,0.552955,-0.016109
0.001049,0.552955,-0.016109
0.001049,0.552955,-0.016109
0.001049,0.552955,-0.016109
0.001049,0.552955,-0.016109
0.001049,0.552955,-0.016109
0.001049,0.552955,-0.016109
0.001049,0.552955,-0.016109
0.001049,0.552955,-0.016109
0.001049,0.552955,-0.016109
0.001049,0.552955,-0.016109
0.001049,0.552955,-0.016109
0.001049,0.552955,-0.016109
0.001049,0.552955,-0.016109
0.001049,0.552955,-0.016109
0.001049,0.552955,-0.016109
0.001049,0.552955,-0.016109
0.001049,0.552955,-0.016109
0.001049,0.552955,-0.016109
0.001049,0.552955,-0.016109
0.001049,0.552955,-0.016109
0.001049,0.552955,-0.016109
0.001049,0.552955,-0.015305
0.001049,0.552955,-0.015305
0.001049,0.552955,-0.015305
0.001049,0.552955,-0.015305
0.001049,0.552955,-0.015305
0.001049,0.552955,-0.015305
0.001049,0.552955,-0.015305
0.001049,0.552955,-0.015305
0.001049,0.552955,-0.014501
0.001049,0.552955,-0.014501
0.001049,0.552955,-0.014501
0.001049,0.552955,-0.014501
0.001049,0.552955,-0.014501
0.001049,0.552955,-0.014501
0.001049,0.552955,-0.014501
0.001049,0.552955,-0.014501
0.001050,0.552955,-0.014501
0.001050,0.552955,-0.014501
0.001050,0.552955,-0.014501
0.001050,0.552955,-0.014501
0.001050,0.552955,-0.013697
0.001050,0.552955,-0.013697
0.001050,0.552955,-0.013697
0.001050,0.552955,-0.013697
0.001050,0.552955,-0.013697
0.001050,0.552955,-0.013697
0.001050,0.552955,-0.013697
0.001050,0.512754,-0.014501
0.001050,0.512754,-0.014501
0.001050,0.512754,-0.014501
0.001050,0.512754,-0.014501
0.001050,0.512754,-0.014501
0.001050,0.512754,-0.014501
0.001050,0.512754,-0.014501
0.001050,0.512754,-0.014501
0.001050,0.512754,-0.015305
0.001050,0.512754,-0.015305
0.001050,0.512754,-0.015305
0.001050,0.512754,-0.015305
0.001050,0.512754,-0.015305
0.001050,0.512754,-0.015305
0.001050,0.512754,-0.015305
0.001050,0.512754,-0.015305
0.001050,0.512754,-0.015305
0.001050,0.512754,-0.016109
0.001050,0.512754,-0.016109
0.001050,0.512754,-0.016109
0.001050,0.512754,-0.016109
0.001050,0.512754,-0.016109
0.001050,0.512754,-0.016109
0.001050,0.512754,-0.016109
0.001050,0.512754,-0.016109
0.001050,0.512754,-0.016109
0.001050,0.512754,-0.016109
0.001050,0.512754,-0.016109
0.001051,0.512754,-0.015305
0.001051,0.512754,-0.015305
0.001051,0.512754,-0.015305
0.001051,0.512754,-0.015305
0.001051,0.512754,-0.015305
0.001051,0.512754,-0.015305
0.001051,0.512754,-0.015305
0.001051,0.512754,-0.015305
0.001051,0.512754,-0.014501
0.001051,0.512754,-0.014501
0.001051,0.512754,-0.014501
0.001051,0.512754,-0.014501
0.001051,0.512754,-0.014501
0.001051,0.512754,-0.013697
0.001051,0.512754,-0.013697
0.001051,0.512754,-0.013697
0.001051,0.512754,-0.013697
0.001051,0.512754,-0.013697
0.001051,0.512754,-0.013697
0.001051,0.512754,-0.013697
0.001051,0.512754,-0.013697
0.001051,0.512754,-0.013697
0.001051,0.512754,-0.013697
0.001051,0.512754,-0.013697
0.001051,0.512754,-0.013697
0.001051,0.512754,-0.013697
0.001051,0.512754,-0.013697
0.001051,0.512754,-0.013697
0.001051,0.512754,-0.013697
0.001051,0.512754,-0.013697
0.001051,0.512754,-0.013697
0.001051,0.512754,-0.013697
0.001051,0.512754,-0.013697
0.001051,0.512754,-0.013697
0.001051,0.512754,-0.013697
0.001051,0.512754,-0.013697
0.001051,0.512754,-0.013697
0.001051,0.512754,-0.013697
0.001052,0.472553,-0.013697
0.001052,0.472553,-0.013697
0.001052,0.472553,-0.013697
0.001052,0.472553,-0.013697
0.001052,0.472553,-0.013697
0.001052,0.472553,-0.013697
0.001052,0.472553,-0.013697
0.001052,0.472553,-0.013697
0.001052,0.472553,-0.013697
0.001052,0.472553,-0.013697
0.001052,0.472553,-0.013697
0.001052,0.472553,-0.013697
0.001052,0.472553,-0.013697
0.001052,0.472553,-0.013697
0.001052,0.472553,-0.013697
0.001052,0.472553,-0.013697
0.001052,0.472553,-0.013697
0.001052,0.472553,-0.013697
0.001052,0.472553,-0.013697
0.001052,0.472553,-0.013697
0.001052,0.472553,-0.013697
0.001052,0.472553,-0.013697
0.001052,0.472553,-0.013697
0.001052,0.472553,-0.013697
0.001052,0.472553,-0.013697
0.001052,0.472553,-0.013697
0.001052,0.472553,-0.013697
0.001052,0.472553,-0.013697
0.001052,0.472553,-0.013697
0.001052,0.472553,-0.013697
0.001052,0.472553,-0.013697
0.001052,0.472553,-0.013697
0.001052,0.472553,-0.013697
0.001052,0.472553,-0.013697
0.001052,0.472553,-0.013697
0.001052,0.472553,-0.013697
0.001052,0.472553,-0.013697
0.001052,0.472553,-0.013697
0.001052,0.472553,-0.013697
0.001053,0.472553,-0.013697
0.001053,0.472553,-0.013697
0.001053,0.472553,-0.013697
0.001053,0.472553,-0.013697
0.001053,0.472553,-0.013697
0.001053,0.472553,-0.013697
0.001053,0.472553,-0.013697
0.001053,0.472553,-0.013697
0.001053,0.472553,-0.013697
0.001053,0.472553,-0.013697
0.001053,0.472553,-0.013697
0.001053,0.472553,-0.013697
0.001053,0.472553,-0.013697
0.001053,0.472553,-0.013697
0.001053,0.472553,-0.013697
0.001053,0.472553,-0.013697
0.001053,0.472553,-0.012893
0.001053,0.472553,-0.012893
0.001053,0.472553,-0.012893
0.001053,0.472553,-0.012893
0.001053,0.472553,-0.012893
0.001053,0.472553,-0.012893
0.001053,0.472553,-0.012893
0.001053,0.472553,-0.012893
0.001053,0.472553,-0.012893
0.001053,0.472553,-0.012893
0.001053,0.472553,-0.012893
0.001053,0.472553,-0.012893
0.001053,0.472553,-0.012893
0.001053,0.432352,-0.012893
0.001053,0.432352,-0.012893
0.001053,0.432352,-0.012893
0.001053,0.432352,-0.012893
0.001053,0.432352,-0.012893
0.001053,0.432352,-0.012893
0.001053,0.432352,-0.012893
0.001053,0.432352,-0.012893
0.001053,0.432352,-0.012893
0.001054,0.432352,-0.012893
0.001054,0.432352,-0.012893
0.001054,0.432352,-0.012893
0.001054,0.432352,-0.012893
0.001054,0.432352,-0.013697
0.001054,0.432352,-0.012893
0.001054,0.432352,-0.013697
0.001054,0.432352,-0.013697
0.001054,0.432352,-0.013697
0.001054,0.432352,-0.012893
0.001054,0.432352,-0.013697
0.001054,0.432352,-0.012893
0.001054,0.432352,-0.012893
0.001054,0.432352,-0.012893
0.001054,0.432352,-0.012893
0.001054,0.432352,-0.012893
0.001054,0.432352,-0.012893
0.001054,0.432352,-0.012893
0.001054,0.432352,-0.012893
0.001054,0.432352,-0.012893
0.001054,0.432352,-0.012893
0.001054,0.432352,-0.012893
0.001054,0.432352,-0.012893
0.001054,0.432352,-0.012893
0.001054,0.432352,-0.012893
0.001054,0.432352,-0.012893
0.001054,0.432352,-0.012893
0.001054,0.432352,-0.012893
0.001054,0.432352,-0.012893
0.001054,0.432352,-0.012089
0.001054,0.432352,-0.012089
0.001054,0.432352,-0.012089
0.001054,0.432352,-0.012089
0.001054,0.432352,-0.012089
0.001054,0.432352,-0.012089
0.001054,0.432352,-0.012089
0.001054,0.432352,-0.012089
0.001054,0.432352,-0.012089
0.001055,0.432352,-0.012089
0.001055,0.432352,-0.012089
0.001055,0.432352,-0.012089
0.001055,0.432352,-0.012089
0.001055,0.432352,-0.012089
0.001055,0.432352,-0.012089
0.001055,0.432352,-0.012089
0.001055,0.432352,-0.012089
0.001055,0.432352,-0.012089
0.001055,0.432352,-0.012089
0.001055,0.432352,-0.012089
0.001055,0.432352,-0.012089
0.001055,0.432352,-0.012089
0.001055,0.432352,-0.012089
0.001055,0.432352,-0.012089
0.001055,0.432352,-0.012089
0.001055,0.432352,-0.012089
0.001055,0.432352,-0.012089
0.001055,0.432352,-0.012089
0.001055,0.432352,-0.012089
0.001055,0.432352,-0.012089
0.001055,0.432352,-0.012089
0.001055,0.432352,-0.012893
0.001055,0.432352,-0.012893
0.001055,0.432352,-0.012893
0.001055,0.432352,-0.012893
0.001055,0.432352,-0.012893
0.001055,0.432352,-0.012893
0.001055,0.432352,-0.012089
0.001055,0.432352,-0.012089
0.001055,0.432352,-0.012893
0.001055,0.432352,-0.012893
0.001055,0.432352,-0.012089
0.001055,0.432352,-0.012089
0.001055,0.392151,-0.012089
0.001055,0.392151,-0.012089
0.001055,0.392151,-0.012089
0.001055,0.392151,-0.012089
0.001055,0.392151,-0.012089
0.001056,0.392151,-0.012089
0.001056,0.392151,-0.012089
0.001056,0.392151,-0.012089
0.001056,0.392151,-0.012089
0.001056,0.392151,-0.012089
0.001056,0.392151,-0.012089
0.001056,0.392151,-0.012089
0.001056,0.392151,-0.012089
0.001056,0.392151,-0.012089
0.001056,0.392151,-0.012089
0.001056,0.392151,-0.012089
0.001056,0.392151,-0.012089
0.001056,0.392151,-0.012089
0.001056,0.392151,-0.012089
0.001056,0.392151,-0.012089
0.001056,0.392151,-0.012089
0.001056,0.392151,-0.012089
0.001056,0.392151,-0.011285
0.001056,0.392151,-0.011285
0.001056,0.392151,-0.011285
0.001056,0.392151,-0.011285
0.001056,0.392151,-0.011285
0.001056,0.392151,-0.011285
0.001056,0.392151,-0.011285
0.001056,0.392151,-0.011285
0.001056,0.392151,-0.011285
0.001056,0.392151,-0.011285
0.001056,0.392151,-0.011285
0.001056,0.392151,-0.011285
0.001056,0.392151,-0.011285
0.001056,0.392151,-0.011285
0.001056,0.392151,-0.011285
0.001056,0.392151,-0.011285
0.001056,0.392151,-0.011285
0.001056,0.392151,-0.012089
0.001056,0.392151,-0.012089
0.001056,0.392151,-0.012089
0.001056,0.392151,-0.012089
0.001057,0.392151,-0.012089
0.001057,0.392151,-0.012089
0.001057,0.392151,-0.012089
0.001057,0.392151,-0.012089
0.001057,0.392151,-0.012089
0.001057,0.392151,-0.012089
0.001057,0.392151,-0.012089
0.001057,0.392151,-0.012089
0.001057,0.392151,-0.011285
0.001057,0.392151,-0.011285
0.001057,0.392151,-0.011285
0.001057,0.392151,-0.011285
0.001057,0.392151,-0.011285
0.001057,0.392151,-0.011285
0.001057,0.392151,-0.011285
0.001057,0.392151,-0.011285
0.001057,0.392151,-0.011285
0.001057,0.392151,-0.011285
0.001057,0.392151,-0.011285
0.001057,0.392151,-0.012089
0.001057,0.392151,-0.012089
0.001057,0.392151,-0.012089
0.001057,0.392151,-0.012089
0.001057,0.392151,-0.012089
0.001057,0.392151,-0.012089
0.001057,0.392151,-0.012089
0.001057,0.392151,-0.012089
0.001057,0.392151,-0.012089
0.001057,0.392151,-0.012089
0.001057,0.392151,-0.012089
0.001057,0.392151,-0.012089
0.001057,0.392151,-0.012089
0.001057,0.392151,-0.012089
0.001057,0.392151,-0.012089
0.001057,0.392151,-0.012089
0.001057,0.392151,-0.012089
0.001057,0.351950,-0.012089
0.001057,0.351950,-0.012089
0.001057,0.351950,-0.011285
0.001058,0.351950,-0.011285
0.001058,0.351950,-0.011285
0.001058,0.351950,-0.011285
0.001058,0.351950,-0.011285
0.001058,0.351950,-0.011285
0.001058,0.351950,-0.011285
0.001058,0.351950,-0.011285
0.001058,0.351950,-0.011285
0.001058,0.351950,-0.011285
0.001058,0.351950,-0.011285
0.001058,0.351950,-0.011285
0.001058,0.351950,-0.011285
0.001058,0.351950,-0.011285
0.001058,0.351950,-0.011285
0.001058,0.351950,-0.011285
0.001058,0.351950,-0.011285
0.001058,0.351950,-0.011285
0.001058,0.351950,-0.011285
0.001058,0.351950,-0.011285
0.001058,0.351950,-0.011285
0.001058,0.351950,-0.011285
0.001058,0.351950,-0.011285
0.001058,0.351950,-0.011285
0.001058,0.351950,-0.011285
0.001058,0.351950,-0.011285
0.001058,0.351950,-0.011285
0.001058,0.351950,-0.011285
0.001058,0.351950,-0.011285
0.001058,0.351950,-0.010481
0.001058,0.351950,-0.010481
0.001058,0.351950,-0.010481
0.001058,0.351950,-0.010481
0.001058,0.351950,-0.010481
0.001058,0.351950,-0.010481
0.001058,0.351950,-0.010481
0.001058,0.351950,-0.010481
0.001058,0.351950,-0.010481
0.001058,0.351950,-0.010481
0.001059,0.351950,-0.010481
0.001059,0.351950,-0.010481
0.001059,0.351950,-0.010481
0.001059,0.351950,-0.010481
0.001059,0.351950,-0.010481
0.001059,0.351950,-0.010481
0.001059,0.351950,-0.010481
0.001059,0.351950,-0.010481
0.001059,0.351950,-0.010481
0.001059,0.351950,-0.010481
0.001059,0.351950,-0.010481
0.001059,0.351950,-0.010481
0.001059,0.351950,-0.010481
0.001059,0.351950,-0.010481
0.001059,0.351950,-0.011285
0.001059,0.351950,-0.011285
0.001059,0.351950,-0.011285
0.001059,0.351950,-0.011285
0.001059,0.351950,-0.011285
0.001059,0.351950,-0.011285
0.001059,0.351950,-0.011285
0.001059,0.351950,-0.012089
0.001059,0.351950,-0.012089
0.001059,0.351950,-0.012089
0.001059,0.351950,-0.012089
0.001059,0.351950,-0.012089
0.001059,0.351950,-0.012089
0.001059,0.351950,-0.012089
0.001059,0.351950,-0.012089
0.001059,0.351950,-0.012089
0.001059,0.351950,-0.012089
0.001059,0.351950,-0.012089
0.001059,0.351950,-0.012089
0.001059,0.351950,-0.012089
0.001059,0.351950,-0.012089
0.001059,0.351950,-0.012089
0.001059,0.351950,-0.012089
0.001059,0.351950,-0.012089
0.001060,0.351950,-0.012089
0.001060,0.351950,-0.012089
0.001060,0.351950,-0.012089
0.001060,0.351950,-0.011285
0.001060,0.351950,-0.011285
0.001060,0.351950,-0.011285
0.001060,0.351950,-0.011285
0.001060,0.351950,-0.011285
0.001060,0.351950,-0.011285
0.001060,0.351950,-0.011285
0.001060,0.351950,-0.010481
0.001060,0.351950,-0.010481
0.001060,0.351950,-0.010481
0.001060,0.351950,-0.010481
0.001060,0.351950,-0.010481
0.001060,0.311749,-0.010481
0.001060,0.311749,-0.010481
0.001060,0.311749,-0.009677
0.001060,0.311749,-0.009677
0.001060,0.311749,-0.009677
0.001060,0.311749,-0.009677
0.001060,0.311749,-0.009677
0.001060,0.311749,-0.009677
0.001060,0.311749,-0.009677
0.001060,0.311749,-0.009677
0.001060,0.311749,-0.009677
0.001060,0.311749,-0.009677
0.001060,0.311749,-0.009677
0.001060,0.311749,-0.009677
0.001060,0.311749,-0.009677
0.001060,0.311749,-0.009677
0.001060,0.311749,-0.009677
0.001060,0.311749,-0.009677
0.001060,0.311749,-0.009677
0.001060,0.311749,-0.009677
0.001060,0.311749,-0.009677
0.001060,0.311749,-0.009677
0.001060,0.311749,-0.009677
0.001060,0.311749,-0.009677
0.001061,0.311749,-0.009677
0.001061,0.311749,-0.009677
0.001061,0.311749,-0.009677
0.001061,0.311749,-0.010481
0.001061,0.311749,-0.010481
0.001061,0.311749,-0.010481
0.001061,0.311749,-0.010481
0.001061,0.311749,-0.010481
0.001061,0.311749,-0.010481
0.001061,0.311749,-0.010481
0.001061,0.311749,-0.010481
0.001061,0.311749,-0.010481
0.001061,0.311749,-0.010481
0.001061,0.311749,-0.011285
0.001061,0.311749,-0.011285
0.001061,0.311749,-0.011285
0.001061,0.311749,-0.011285
0.001061,0.311749,-0.011285
0.001061,0.311749,-0.011285
0.001061,0.311749,-0.011285
0.001061,0.311749,-0.011285
0.001061,0.311749,-0.011285
0.001061,0.311749,-0.011285
0.001061,0.311749,-0.011285
0.001061,0.311749,-0.011285
0.001061,0.311749,-0.011285
0.001061,0.311749,-0.011285
0.001061,0.311749,-0.011285
0.001061,0.311749,-0.011285
0.001061,0.311749,-0.010481
0.001061,0.311749,-0.010481
0.001061,0.311749,-0.010481
0.001061,0.311749,-0.010481
0.001061,0.311749,-0.010481
0.001061,0.311749,-0.010481
0.001061,0.311749,-0.010481
0.001061,0.311749,-0.010481
0.001061,0.311749,-0.010481
0.001062,0.311749,-0.009677
0.001062,0.311749,-0.009677
0.001062,0.311749,-0.009677
0.001062,0.311749,-0.009677
0.001062,0.311749,-0.009677
0.001062,0.311749,-0.009677
0.001062,0.311749,-0.009677
0.001062,0.311749,-0.009677
0.001062,0.311749,-0.009677
0.001062,0.311749,-0.009677
0.001062,0.311749,-0.009677
0.001062,0.311749,-0.008873
0.001062,0.311749,-0.008873
0.001062,0.311749,-0.008873
0.001062,0.311749,-0.008873
0.001062,0.311749,-0.008873
0.001062,0.311749,-0.008873
0.001062,0.311749,-0.008873
0.001062,0.311749,-0.008873
0.001062,0.311749,-0.008873
0.001062,0.311749,-0.008873
0.001062,0.311749,-0.008873
0.001062,0.311749,-0.008873
0.001062,0.311749,-0.008873
0.001062,0.311749,-0.008873
0.001062,0.311749,-0.008873
0.001062,0.311749,-0.008873
0.001062,0.311749,-0.008873
0.001062,0.311749,-0.009677
0.001062,0.311749,-0.009677
0.001062,0.311749,-0.009677
0.001062,0.311749,-0.009677
0.001062,0.311749,-0.009677
0.001062,0.311749,-0.009677
0.001062,0.311749,-0.009677
0.001062,0.311749,-0.009677
0.001062,0.311749,-0.009677
0.001062,0.271548,-0.009677
0.001062,0.271548,-0.009677
0.001063,0.271548,-0.009677
0.001063,0.271548,-0.009677
0.001063,0.271548,-0.009677
0.001063,0.271548,-0.009677
0.001063,0.271548,-0.009677
0.001063,0.271548,-0.009677
0.001063,0.271548,-0.009677
0.001063,0.271548,-0.009677
0.001063,0.271548,-0.009677
0.001063,0.271548,-0.009677
0.001063,0.271548,-0.009677
0.001063,0.271548,-0.009677
0.001063,0.271548,-0.009677
0.001063,0.271548,-0.009677
0.001063,0.271548,-0.009677
0.001063,0.271548,-0.009677
0.001063,0.271548,-0.009677
0.001063,0.271548,-0.009677
0.001063,0.271548,-0.009677
0.001063,0.271548,-0.009677
0.001063,0.271548,-0.009677
0.001063,0.271548,-0.009677
0.001063,0.271548,-0.009677
0.001063,0.271548,-0.009677
0.001063,0.271548,-0.009677
0.001063,0.271548,-0.009677
0.001063,0.271548,-0.009677
0.001063,0.271548,-0.009677
0.001063,0.271548,-0.009677
0.001063,0.271548,-0.008873
0.001063,0.271548,-0.008873
0.001063,0.271548,-0.008873
0.001063,0.271548,-0.008873
0.001063,0.271548,-0.009677
0.001063,0.271548,-0.009677
0.001063,0.271548,-0.009677
0.001063,0.271548,-0.009677
0.001063,0.271548,-0.009677
0.001064,0.271548,-0.008873
0.001064,0.271548,-0.008873
0.001064,0.271548,-0.008873
0.001064,0.271548,-0.008873
0.001064,0.271548,-0.008873
0.001064,0.271548,-0.008873
0.001064,0.271548,-0.008873
0.001064,0.271548,-0.008873
0.001064,0.271548,-0.008873
0.001064,0.271548,-0.008873
0.001064,0.271548,-0.008873
0.001064,0.271548,-0.008873
0.001064,0.271548,-0.008873
0.001064,0.271548,-0.008873
0.001064,0.271548,-0.008873
0.001064,0.271548,-0.008069
0.001064,0.271548,-0.008069
0.001064,0.271548,-0.008069
0.001064,0.271548,-0.008069
0.001064,0.271548,-0.008069
0.001064,0.271548,-0.008069
0.001064,0.271548,-0.008069
0.001064,0.271548,-0.008069
0.001064,0.271548,-0.008069
0.001064,0.271548,-0.008069
0.001064,0.271548,-0.008069
0.001064,0.271548,-0.008069
0.001064,0.271548,-0.008069
0.001064,0.271548,-0.008873
0.001064,0.271548,-0.008873
0.001064,0.271548,-0.008873
0.001064,0.271548,-0.008873
0.001064,0.271548,-0.008873
0.001064,0.271548,-0.008873
0.001064,0.271548,-0.008873
0.001064,0.271548,-0.008873
0.001064,0.271548,-0.008873
0.001064,0.271548,-0.008873
0.001065,0.271548,-0.008873
0.001065,0.271548,-0.008873
0.001065,0.271548,-0.008873
0.001065,0.271548,-0.008069
0.001065,0.271548,-0.008069
0.001065,0.271548,-0.008069
0.001065,0.271548,-0.008069
0.001065,0.271548,-0.008069
0.001065,0.271548,-0.008069
0.001065,0.271548,-0.008069
0.001065,0.271548,-0.008069
0.001065,0.271548,-0.008069
0.001065,0.271548,-0.008069
0.001065,0.271548,-0.008873
0.001065,0.271548,-0.008873
0.001065,0.271548,-0.008873
0.001065,0.271548,-0.008873
0.001065,0.271548,-0.008873
0.001065,0.271548,-0.008873
0.001065,0.271548,-0.008873
0.001065,0.271548,-0.008873
0.001065,0.271548,-0.008873
0.001065,0.271548,-0.008873
0.001065,0.271548,-0.008873
0.001065,0.271548,-0.008873
0.001065,0.271548,-0.008873
0.001065,0.271548,-0.008873
0.001065,0.271548,-0.008873
0.001065,0.271548,-0.008069
0.001065,0.271548,-0.008069
0.001065,0.271548,-0.008069
0.001065,0.271548,-0.008069
0.001065,0.231347,-0.008069
0.001065,0.231347,-0.008069
0.001065,0.231347,-0.008069
0.001065,0.231347,-0.008069
0.001065,0.231347,-0.008069
0.001065,0.231347,-0.008069
0.001065,0.231347,-0.008069
0.001066,0.231347,-0.008069
0.001066,0.231347,-0.008069
0.001066,0.231347,-0.008069
0.001066,0.231347,-0.008069
0.001066,0.231347,-0.007265
0.001066,0.231347,-0.007265
0.001066,0.231347,-0.007265
0.001066,0.231347,-0.007265
0.001066,0.231347,-0.007265
0.001066,0.231347,-0.007265
0.001066,0.231347,-0.007265
0.001066,0.231347,-0.007265
0.001066,0.231347,-0.007265
0.001066,0.231347,-0.007265
0.001066,0.231347,-0.007265
0.001066,0.231347,-0.007265
0.001066,0.231347,-0.007265
0.001066,0.231347,-0.007265
0.001066,0.231347,-0.007265
0.001066,0.231347,-0.007265
0.001066,0.231347,-0.007265
0.001066,0.231347,-0.007265
0.001066,0.231347,-0.007265
0.001066,0.231347,-0.007265
0.001066,0.231347,-0.007265
0.001066,0.231347,-0.008069
0.001066,0.231347,-0.008069
0.001066,0.231347,-0.008069
0.001066,0.231347,-0.008069
0.001066,0.231347,-0.008069
0.001066,0.231347,-0.008069
0.001066,0.231347,-0.008069
0.001066,0.231347,-0.008069
0.001066,0.231347,-0.008069
0.001066,0.231347,-0.008069
0.001066,0.231347,-0.008069
0.001066,0.231347,-0.008069
0.001066,0.231347,-0.008069
0.001067,0.231347,-0.008069
0.001067,0.231347,-0.008069
0.001067,0.231347,-0.008069
0.001067,0.231347,-0.008069
0.001067,0.231347,-0.008069
0.001067,0.231347,-0.008069
0.001067,0.231347,-0.008069
0.001067,0.231347,-0.007265
0.001067,0.231347,-0.007265
0.001067,0.231347,-0.007265
0.001067,0.231347,-0.007265
0.001067,0.231347,-0.007265
0.001067,0.231347,-0.007265
0.001067,0.231347,-0.007265
0.001067,0.231347,-0.007265
0.001067,0.231347,-0.007265
0.001067,0.231347,-0.007265
0.001067,0.231347,-0.007265
0.001067,0.231347,-0.007265
0.001067,0.231347,-0.007265
0.001067,0.231347,-0.007265
0.001067,0.231347,-0.007265
0.001067,0.231347,-0.007265
0.001067,0.231347,-0.007265
0.001067,0.231347,-0.007265
0.001067,0.231347,-0.007265
0.001067,0.231347,-0.007265
0.001067,0.231347,-0.007265
0.001067,0.231347,-0.007265
0.001067,0.231347,-0.007265
0.001067,0.231347,-0.007265
0.001067,0.231347,-0.007265
0.001067,0.231347,-0.007265
0.001067,0.231347,-0.007265
0.001067,0.231347,-0.007265
0.001067,0.231347,-0.007265
0.001067,0.231347,-0.007265
0.001067,0.231347,-0.007265
0.001067,0.231347,-0.007265
0.001068,0.231347,-0.007265
0.001068,0.231347,-0.007265
0.001068,0.231347,-0.007265
0.001068,0.231347,-0.007265
0.001068,0.231347,-0.007265
0.001068,0.231347,-0.007265
0.001068,0.231347,-0.007265
0.001068,0.231347,-0.007265
0.001068,0.231347,-0.007265
0.001068,0.231347,-0.007265
0.001068,0.231347,-0.007265
0.001068,0.231347,-0.007265
0.001068,0.231347,-0.007265
0.001068,0.231347,-0.006461
0.001068,0.231347,-0.006461
0.001068,0.231347,-0.006461
0.001068,0.231347,-0.006461
0.001068,0.231347,-0.006461
0.001068,0.231347,-0.006461
0.001068,0.231347,-0.006461
0.001068,0.231347,-0.006461
0.001068,0.231347,-0.006461
0.001068,0.231347,-0.006461
0.001068,0.231347,-0.006461
0.001068,0.231347,-0.006461
0.001068,0.231347,-0.006461
0.001068,0.231347,-0.006461
0.001068,0.231347,-0.006461
0.001068,0.231347,-0.006461
0.001068,0.231347,-0.006461
0.001068,0.231347,-0.006461
0.001068,0.231347,-0.006461
0.001068,0.231347,-0.006461
0.001068,0.231347,-0.006461
0.001068,0.231347,-0.006461
0.001068,0.231347,-0.006461
0.001068,0.231347,-0.006461
0.001068,0.231347,-0.006461
0.001069,0.231347,-0.006461
0.001069,0.231347,-0.007265
0.001069,0.231347,-0.006461
0.001069,0.231347,-0.006461
0.001069,0.231347,-0.007265
0.001069,0.231347,-0.006461
0.001069,0.231347,-0.007265
0.001069,0.231347,-0.007265
0.001069,0.231347,-0.007265
0.001069,0.231347,-0.007265
0.001069,0.231347,-0.006461
0.001069,0.231347,-0.006461
0.001069,0.231347,-0.006461
0.001069,0.231347,-0.006461
0.001069,0.231347,-0.006461
0.001069,0.231347,-0.006461
0.001069,0.231347,-0.006461
0.001069,0.191146,-0.006461
0.001069,0.191146,-0.006461
0.001069,0.191146,-0.006461
0.001069,0.191146,-0.006461
0.001069,0.191146,-0.006461
0.001069,0.191146,-0.006461
0.001069,0.191146,-0.006461
0.001069,0.191146,-0.006461
0.001069,0.191146,-0.006461
0.001069,0.191146,-0.006461
0.001069,0.191146,-0.006461
0.001069,0.191146,-0.006461
0.001069,0.191146,-0.006461
0.001069,0.191146,-0.006461
0.001069,0.191146,-0.006461
0.001069,0.191146,-0.006461
0.001069,0.191146,-0.006461
0.001069,0.191146,-0.006461
0.001069,0.191146,-0.006461
0.001069,0.191146,-0.006461
0.001069,0.191146,-0.006461
0.001070,0.191146,-0.006461
0.001070,0.191146,-0.006461
0.001070,0.191146,-0.006461
0.001070,0.191146,-0.006461
0.001070,0.191146,-0.006461
0.001070,0.191146,-0.006461
0.001070,0.191146,-0.006461
0.001070,0.191146,-0.006461
0.001070,0.191146,-0.006461
0.001070,0.191146,-0.006461
0.001070,0.191146,-0.006461
0.001070,0.191146,-0.006461
0.001070,0.191146,-0.006461
0.001070,0.191146,-0.006461
0.001070,0.191146,-0.006461
0.001070,0.191146,-0.006461
0.001070,0.191146,-0.006461
0.001070,0.191146,-0.006461
0.001070,0.191146,-0.006461
0.001070,0.191146,-0.006461
0.001070,0.191146,-0.006461
0.001070,0.191146,-0.005657
0.001070,0.191146,-0.005657
0.001070,0.191146,-0.005657
0.001070,0.191146,-0.005657
0.001070,0.191146,-0.005657
0.001070,0.191146,-0.005657
0.001070,0.191146,-0.005657
0.001070,0.191146,-0.005657
0.001070,0.191146,-0.005657
0.001070,0.191146,-0.005657
0.001070,0.191146,-0.005657
0.001070,0.191146,-0.005657
0.001070,0.191146,-0.005657
0.001070,0.191146,-0.005657
0.001070,0.191146,-0.005657
0.001070,0.191146,-0.005657
0.001070,0.191146,-0.005657
0.001070,0.191146,-0.005657
0.001071,0.191146,-0.005657
0.001071,0.191146,-0.005657
0.001071,0.191146,-0.005657
0.001071,0.191146,-0.005657
0.001071,0.191146,-0.005657
0.001071,0.191146,-0.004853
0.001071,0.191146,-0.004853
0.001071,0.191146,-0.004853
0.001071,0.191146,-0.004853
0.001071,0.191146,-0.004853
0.001071,0.191146,-0.004853
0.001071,0.191146,-0.004853
0.001071,0.191146,-0.004853
0.001071,0.191146,-0.005657
0.001071,0.191146,-0.005657
0.001071,0.191146,-0.005657
0.001071,0.191146,-0.005657
0.001071,0.191146,-0.005657
0.001071,0.191146,-0.005657
0.001071,0.191146,-0.005657
0.001071,0.191146,-0.005657
0.001071,0.191146,-0.005657
0.001071,0.191146,-0.005657
0.001071,0.191146,-0.006461
0.001071,0.191146,-0.006461
0.001071,0.191146,-0.006461
0.001071,0.191146,-0.006461
0.001071,0.191146,-0.006461
0.001071,0.191146,-0.006461
0.001071,0.191146,-0.006461
0.001071,0.191146,-0.006461
0.001071,0.191146,-0.006461
0.001071,0.191146,-0.006461
0.001071,0.191146,-0.006461
0.001071,0.191146,-0.006461
0.001071,0.191146,-0.007265
0.001071,0.191146,-0.007265
0.001071,0.191146,-0.006461
0.001072,0.191146,-0.006461
0.001072,0.191146,-0.006461
0.001072,0.191146,-0.006461
0.001072,0.191146,-0.006461
0.001072,0.191146,-0.006461
0.001072,0.191146,-0.006461
0.001072,0.191146,-0.006461
0.001072,0.191146,-0.005657
0.001072,0.191146,-0.005657
0.001072,0.191146,-0.005657
0.001072,0.191146,-0.005657
0.001072,0.191146,-0.005657
0.001072,0.191146,-0.005657
0.001072,0.191146,-0.005657
0.001072,0.191146,-0.005657
0.001072,0.191146,-0.005657
0.001072,0.191146,-0.005657
0.001072,0.191146,-0.004853
0.001072,0.191146,-0.004853
0.001072,0.191146,-0.004853
0.001072,0.191146,-0.004853
0.001072,0.191146,-0.004853
0.001072,0.191146,-0.004853
0.001072,0.191146,-0.004853
0.001072,0.191146,-0.004853
0.001072,0.191146,-0.004853
0.001072,0.191146,-0.004853
0.001072,0.191146,-0.005657
0.001072,0.191146,-0.005657
0.001072,0.191146,-0.005657
0.001072,0.191146,-0.005657
0.001072,0.191146,-0.005657
0.001072,0.191146,-0.005657
0.001072,0.191146,-0.005657
0.001072,0.191146,-0.005657
0.001072,0.191146,-0.005657
0.001072,0.191146,-0.005657
0.001072,0.191146,-0.005657
0.001072,0.191146,-0.005657
0.001073,0.191146,-0.005657
0.001073,0.191146,-0.005657
0.001073,0.191146,-0.005657
0.001073,0.191146,-0.005657
0.001073,0.191146,-0.005657
0.001073,0.191146,-0.005657
0.001073,0.191146,-0.005657
0.001073,0.191146,-0.005657
0.001073,0.191146,-0.005657
0.001073,0.191146,-0.005657
0.001073,0.191146,-0.005657
0.001073,0.191146,-0.005657
0.001073,0.191146,-0.005657
0.001073,0.191146,-0.005657
0.001073,0.191146,-0.005657
0.001073,0.191146,-0.005657
0.001073,0.191146,-0.005657
0.001073,0.150945,-0.005657
0.001073,0.150945,-0.005657
0.001073,0.150945,-0.005657
0.001073,0.150945,-0.005657
0.001073,0.150945,-0.005657
0.001073,0.150945,-0.005657
0.001073,0.150945,-0.005657
0.001073,0.150945,-0.005657
0.001073,0.150945,-0.005657
0.001073,0.150945,-0.005657
0.001073,0.150945,-0.005657
0.001073,0.150945,-0.005657
0.001073,0.150945,-0.005657
0.001073,0.150945,-0.005657
0.001073,0.150945,-0.005657
0.001073,0.150945,-0.005657
0.001073,0.150945,-0.005657
0.001073,0.150945,-0.005657
0.001073,0.150945,-0.005657
0.001073,0.150945,-0.005657
0.001073,0.150945,-0.005657
0.001074,0.150945,-0.005657
0.001074,0.150945,-0.005657
0.001074,0.150945,-0.005657
0.001074,0.150945,-0.005657
0.001074,0.150945,-0.005657
0.001074,0.150945,-0.005657
0.001074,0.150945,-0.005657
0.001074,0.150945,-0.005657
0.001074,0.150945,-0.005657
0.001074,0.150945,-0.005657
0.001074,0.150945,-0.005657
0.001074,0.150945,-0.005657
0.001074,0.150945,-0.005657
0.001074,0.150945,-0.005657
0.001074,0.150945,-0.005657
0.001074,0.150945,-0.005657
0.001074,0.150945,-0.005657
0.001074,0.150945,-0.005657
0.001074,0.150945,-0.005657
0.001074,0.150945,-0.005657
0.001074,0.150945,-0.005657
0.001074,0.150945,-0.005657
0.001074,0.150945,-0.005657
0.001074,0.150945,-0.005657
0.001074,0.150945,-0.005657
0.001074,0.150945,-0.005657
0.001074,0.150945,-0.005657
0.001074,0.150945,-0.005657
0.001074,0.150945,-0.005657
0.001074,0.150945,-0.005657
0.001074,0.150945,-0.005657
0.001074,0.150945,-0.005657
0.001074,0.150945,-0.005657
0.001074,0.150945,-0.005657
0.001074,0.150945,-0.005657
0.001074,0.150945,-0.005657
0.001074,0.150945,-0.005657
0.001074,0.150945,-0.005657
0.001075,0.150945,-0.004853
0.001075,0.150945,-0.004853
0.001075,0.150945,-0.005657
0.001075,0.150945,-0.005657
0.001075,0.150945,-0.005657
0.001075,0.150945,-0.004853
0.001075,0.150945,-0.004853
0.001075,0.150945,-0.004853
0.001075,0.150945,-0.004853
0.001075,0.150945,-0.004853
0.001075,0.150945,-0.004853
0.001075,0.150945,-0.004853
0.001075,0.150945,-0.005657
0.001075,0.150945,-0.005657
0.001075,0.150945,-0.005657
0.001075,0.150945,-0.005657
0.001075,0.150945,-0.005657
0.001075,0.150945,-0.005657
0.001075,0.150945,-0.005657
0.001075,0.150945,-0.005657
0.001075,0.150945,-0.005657
0.001075,0.150945,-0.005657
0.001075,0.150945,-0.005657
0.001075,0.150945,-0.005657
0.001075,0.150945,-0.005657
0.001075,0.150945,-0.005657
0.001075,0.150945,-0.005657
0.001075,0.150945,-0.005657
0.001075,0.150945,-0.005657
0.001075,0.150945,-0.005657
0.001075,0.150945,-0.005657
0.001075,0.150945,-0.005657
0.001075,0.150945,-0.005657
0.001075,0.150945,-0.005657
0.001075,0.150945,-0.005657
0.001075,0.150945,-0.005657
0.001075,0.150945,-0.005657
0.001075,0.150945,-0.005657
0.001075,0.150945,-0.005657
0.001076,0.150945,-0.005657
0.001076,0.150945,-0.005657
0.001076,0.150945,-0.005657
0.001076,0.150945,-0.006461
0.001076,0.150945,-0.006461
0.001076,0.150945,-0.006461
0.001076,0.150945,-0.006461
0.001076,0.150945,-0.006461
0.001076,0.150945,-0.006461
0.001076,0.150945,-0.006461
0.001076,0.150945,-0.006461
0.001076,0.150945,-0.006461
0.001076,0.150945,-0.006461
0.001076,0.150945,-0.006461
0.001076,0.150945,-0.006461
0.001076,0.150945,-0.006461
0.001076,0.150945,-0.006461
0.001076,0.150945,-0.006461
0.001076,0.150945,-0.006461
0.001076,0.150945,-0.006461
0.001076,0.150945,-0.006461
0.001076,0.150945,-0.006461
0.001076,0.150945,-0.006461
0.001076,0.150945,-0.006461
0.001076,0.150945,-0.005657
0.001076,0.150945,-0.005657
0.001076,0.150945,-0.005657
0.001076,0.150945,-0.005657
0.001076,0.150945,-0.005657
0.001076,0.150945,-0.005657
0.001076,0.150945,-0.005657
0.001076,0.150945,-0.005657
0.001076,0.150945,-0.005657
0.001076,0.150945,-0.005657
0.001076,0.150945,-0.005657
0.001076,0.150945,-0.005657
0.001076,0.150945,-0.005657
0.001076,0.150945,-0.005657
0.001077,0.150945,-0.005657
0.001077,0.150945,-0.005657
0.001077,0.150945,-0.005657
0.001077,0.150945,-0.005657
0.001077,0.150945,-0.005657
0.001077,0.150945,-0.005657
0.001077,0.150945,-0.005657
0.001077,0.150945,-0.005657
0.001077,0.150945,-0.005657
0.001077,0.150945,-0.005657
0.001077,0.150945,-0.005657
0.001077,0.150945,-0.005657
0.001077,0.150945,-0.005657
0.001077,0.150945,-0.005657
0.001077,0.150945,-0.005657
0.001077,0.150945,-0.005657
0.001077,0.150945,-0.005657
0.001077,0.150945,-0.005657
0.001077,0.150945,-0.005657
0.001077,0.150945,-0.005657
0.001077,0.150945,-0.005657
0.001077,0.150945,-0.005657
0.001077,0.150945,-0.005657
0.001077,0.150945,-0.005657
0.001077,0.150945,-0.006461
0.001077,0.150945,-0.006461
0.001077,0.150945,-0.006461
0.001077,0.150945,-0.006461
0.001077,0.150945,-0.006461
0.001077,0.150945,-0.006461
0.001077,0.150945,-0.006461
0.001077,0.150945,-0.006461
0.001077,0.150945,-0.006461
0.001077,0.150945,-0.006461
0.001077,0.150945,-0.006461
0.001077,0.150945,-0.006461
0.001077,0.150945,-0.006461
0.001077,0.150945,-0.006461
0.001077,0.150945,-0.006461
0.001078,0.150945,-0.005657
0.001078,0.150945,-0.005657
0.001078,0.150945,-0.005657
0.001078,0.150945,-0.005657
0.001078,0.150945,-0.005657
0.001078,0.150945,-0.005657
0.001078,0.150945,-0.005657
0.001078,0.150945,-0.005657
0.001078,0.150945,-0.005657
0.001078,0.150945,-0.005657
0.001078,0.150945,-0.005657
0.001078,0.150945,-0.005657
0.001078,0.150945,-0.005657
0.001078,0.150945,-0.005657
0.001078,0.150945,-0.005657
0.001078,0.150945,-0.005657
0.001078,0.150945,-0.005657
0.001078,0.150945,-0.005657
0.001078,0.150945,-0.005657
0.001078,0.150945,-0.005657
0.001078,0.110744,-0.005657
0.001078,0.110744,-0.005657
0.001078,0.110744,-0.005657
0.001078,0.110744,-0.005657
0.001078,0.110744,-0.006461
0.001078,0.110744,-0.006461
0.001078,0.110744,-0.006461
0.001078,0.110744,-0.006461
0.001078,0.110744,-0.006461
0.001078,0.110744,-0.006461
0.001078,0.110744,-0.006461
0.001078,0.110744,-0.006461
0.001078,0.110744,-0.006461
0.001078,0.110744,-0.006461
0.001078,0.110744,-0.006461
0.001078,0.110744,-0.006461
0.001078,0.110744,-0.005657
0.001078,0.110744,-0.005657
0.001079,0.110744,-0.005657
0.001079,0.110744,-0.005657
0.001079,0.110744,-0.005657
0.001079,0.110744,-0.005657
0.001079,0.110744,-0.005657
0.001079,0.110744,-0.005657
0.001079,0.110744,-0.005657
0.001079,0.110744,-0.005657
0.001079,0.110744,-0.005657
0.001079,0.110744,-0.005657
0.001079,0.110744,-0.005657
0.001079,0.110744,-0.005657
0.001079,0.110744,-0.005657
0.001079,0.110744,-0.005657
0.001079,0.110744,-0.005657
0.001079,0.110744,-0.005657
0.001079,0.110744,-0.005657
0.001079,0.110744,-0.005657
0.001079,0.110744,-0.005657
0.001079,0.110744,-0.005657
0.001079,0.110744,-0.005657
0.001079,0.110744,-0.005657
0.001079,0.110744,-0.005657
0.001079,0.110744,-0.005657
0.001079,0.110744,-0.005657
0.001079,0.110744,-0.005657
0.001079,0.110744,-0.005657
0.001079,0.110744,-0.005657
0.001079,0.110744,-0.005657
0.001079,0.110744,-0.005657
0.001079,0.110744,-0.005657
0.001079,0.110744,-0.005657
0.001079,0.110744,-0.005657
0.001079,0.110744,-0.005657
0.001079,0.110744,-0.005657
0.001079,0.110744,-0.005657
0.001079,0.110744,-0.005657
0.001079,0.110744,-0.006461
0.001080,0.110744,-0.006461
0.001080,0.110744,-0.006461
0.001080,0.110744,-0.006461
0.001080,0.110744,-0.006461
0.001080,0.110744,-0.006461
0.001080,0.110744,-0.006461
0.001080,0.110744,-0.005657
0.001080,0.110744,-0.005657
0.001080,0.110744,-0.005657
0.001080,0.110744,-0.005657
0.001080,0.110744,-0.005657
0.001080,0.110744,-0.005657
0.001080,0.110744,-0.005657
0.001080,0.110744,-0.005657
0.001080,0.110744,-0.005657
0.001080,0.110744,-0.005657
0.001080,0.110744,-0.004853
0.001080,0.110744,-0.004853
0.001080,0.110744,-0.004853
0.001080,0.110744,-0.004853
0.001080,0.110744,-0.004853
0.001080,0.110744,-0.004853
0.001080,0.110744,-0.004853
0.001080,0.110744,-0.004853
0.001080,0.110744,-0.004853
0.001080,0.110744,-0.004853
0.001080,0.110744,-0.004853
0.001080,0.110744,-0.004853
0.001080,0.110744,-0.004853
0.001080,0.110744,-0.004853
0.001080,0.110744,-0.004853
0.001080,0.110744,-0.004853
0.001080,0.110744,-0.004853
0.001080,0.110744,-0.004853
0.001080,0.110744,-0.004853
0.001080,0.110744,-0.004853
0.001080,0.110744,-0.004853
0.001080,0.110744,-0.004853
0.001080,0.110744,-0.004853
0.001081,0.110744,-0.004853
0.001081,0.110744,-0.004853
0.001081,0.110744,-0.004853
0.001081,0.110744,-0.004853
0.001081,0.110744,-0.005657
0.001081,0.110744,-0.005657
0.001081,0.110744,-0.005657
0.001081,0.110744,-0.005657
0.001081,0.110744,-0.005657
0.001081,0.110744,-0.005657
0.001081,0.110744,-0.005657
0.001081,0.110744,-0.005657
0.001081,0.110744,-0.005657
0.001081,0.110744,-0.005657
0.001081,0.110744,-0.006461
0.001081,0.110744,-0.006461
0.001081,0.110744,-0.006461
0.001081,0.110744,-0.006461
0.001081,0.110744,-0.006461
0.001081,0.110744,-0.006461
0.001081,0.110744,-0.006461
0.001081,0.110744,-0.006461
0.001081,0.110744,-0.006461
0.001081,0.110744,-0.006461
0.001081,0.110744,-0.006461
0.001081,0.110744,-0.006461
0.001081,0.110744,-0.005657
0.001081,0.110744,-0.005657
0.001081,0.110744,-0.005657
0.001081,0.110744,-0.005657
0.001081,0.110744,-0.005657
0.001081,0.110744,-0.005657
0.001081,0.110744,-0.004853
0.001081,0.110744,-0.004853
0.001081,0.110744,-0.004853
0.001081,0.110744,-0.004853
0.001081,0.110744,-0.004853
0.001081,0.110744,-0.004853
0.001082,0.110744,-0.004853
0.001082,0.110744,-0.004853
0.001082,0.110744,-0.004853
0.001082,0.110744,-0.004049
0.001082,0.110744,-0.004049
0.001082,0.110744,-0.004049
0.001082,0.110744,-0.004049
0.001082,0.110744,-0.004049
0.001082,0.110744,-0.004049
0.001082,0.110744,-0.004049
0.001082,0.110744,-0.004049
0.001082,0.110744,-0.004049
0.001082,0.110744,-0.004049
0.001082,0.110744,-0.004049
0.001082,0.110744,-0.004853
0.001082,0.110744,-0.004853
0.001082,0.110744,-0.004853
0.001082,0.110744,-0.004853
0.001082,0.110744,-0.004853
0.001082,0.110744,-0.004853
0.001082,0.110744,-0.004853
0.001082,0.110744,-0.004853
0.001082,0.110744,-0.004853
0.001082,0.110744,-0.004853
0.001082,0.110744,-0.004853
0.001082,0.110744,-0.004853
0.001082,0.110744,-0.004853
0.001082,0.110744,-0.004853
0.001082,0.110744,-0.004853
0.001082,0.110744,-0.004853
0.001082,0.110744,-0.005657
0.001082,0.110744,-0.005657
0.001082,0.110744,-0.005657
0.001082,0.110744,-0.005657
0.001082,0.110744,-0.005657
0.001082,0.110744,-0.005657
0.001082,0.110744,-0.005657
0.001082,0.110744,-0.005657
0.001082,0.110744,-0.005657
0.001083,0.110744,-0.005657
0.001083,0.110744,-0.005657
0.001083,0.110744,-0.005657
0.001083,0.110744,-0.005657
0.001083,0.110744,-0.005657
0.001083,0.110744,-0.004853
0.001083,0.110744,-0.004853
0.001083,0.110744,-0.004853
0.001083,0.110744,-0.004853
0.001083,0.110744,-0.004853
0.001083,0.110744,-0.004853
0.001083,0.110744,-0.004853
0.001083,0.110744,-0.004853
0.001083,0.110744,-0.004853
0.001083,0.110744,-0.004853
0.001083,0.110744,-0.004853
0.001083,0.110744,-0.004853
0.001083,0.110744,-0.004853
0.001083,0.110744,-0.004853
0.001083,0.110744,-0.004853
0.001083,0.110744,-0.004853
0.001083,0.110744,-0.004853
0.001083,0.110744,-0.004853
0.001083,0.110744,-0.004853
0.001083,0.110744,-0.004049
0.001083,0.110744,-0.004049
0.001083,0.110744,-0.004049
0.001083,0.110744,-0.004049
0.001083,0.110744,-0.004049
0.001083,0.110744,-0.004853
0.001083,0.110744,-0.004853
0.001083,0.110744,-0.004853
0.001083,0.110744,-0.004853
0.001083,0.070543,-0.004853
0.001083,0.070543,-0.004853
0.001083,0.110744,-0.004853
0.001083,0.070543,-0.004853
0.001083,0.070543,-0.004853
0.001084,0.070543,-0.004853
0.001084,0.070543,-0.004853
0.001084,0.070543,-0.004853
0.001084,0.070543,-0.004853
0.001084,0.070543,-0.004853
0.001084,0.070543,-0.004853
0.001084,0.070543,-0.004853
0.001084,0.070543,-0.004853
0.001084,0.070543,-0.004853
0.001084,0.070543,-0.004853
0.001084,0.070543,-0.004853
0.001084,0.070543,-0.004853
0.001084,0.070543,-0.004853
0.001084,0.070543,-0.004853
0.001084,0.070543,-0.004853
0.001084,0.070543,-0.004853
0.001084,0.070543,-0.004853
0.001084,0.070543,-0.004853
0.001084,0.070543,-0.004853
0.001084,0.070543,-0.004853
0.001084,0.070543,-0.004853
0.001084,0.070543,-0.004853
0.001084,0.070543,-0.004853
0.001084,0.070543,-0.004853
0.001084,0.070543,-0.004853
0.001084,0.070543,-0.004853
0.001084,0.070543,-0.004853
0.001084,0.070543,-0.004853
0.001084,0.070543,-0.004853
0.001084,0.070543,-0.004853
0.001084,0.070543,-0.004853
0.001084,0.070543,-0.004853
0.001084,0.070543,-0.004853
0.001084,0.070543,-0.004853
0.001084,0.070543,-0.004853
0.001084,0.070543,-0.004853
0.001084,0.070543,-0.004853
0.001084,0.070543,-0.004853
0.001085,0.070543,-0.004049
0.001085,0.070543,-0.004049
0.001085,0.070543,-0.004049
0.001085,0.070543,-0.004049
0.001085,0.070543,-0.004049
0.001085,0.070543,-0.004853
0.001085,0.070543,-0.004853
0.001085,0.070543,-0.004853
0.001085,0.070543,-0.004853
0.001085,0.070543,-0.004853
0.001085,0.070543,-0.004853
0.001085,0.070543,-0.004853
0.001085,0.070543,-0.004853
0.001085,0.070543,-0.004853
0.001085,0.070543,-0.004853
0.001085,0.070543,-0.004853
0.001085,0.070543,-0.004853
0.001085,0.070543,-0.004853
0.001085,0.070543,-0.004853
0.001085,0.070543,-0.004853
0.001085,0.070543,-0.004853
0.001085,0.070543,-0.004049
0.001085,0.070543,-0.004049
0.001085,0.070543,-0.004049
0.001085,0.070543,-0.004049
0.001085,0.070543,-0.004049
0.001085,0.070543,-0.004049
0.001085,0.070543,-0.004049
0.001085,0.070543,-0.004853
0.001085,0.070543,-0.004853
0.001085,0.070543,-0.004853
0.001085,0.070543,-0.004853
0.001085,0.070543,-0.004049
0.001085,0.070543,-0.004049
0.001085,0.070543,-0.004853
0.001085,0.070543,-0.004853
0.001085,0.070543,-0.004049
0.001085,0.070543,-0.004049
0.001085,0.070543,-0.004049
0.001086,0.070543,-0.004049
0.001086,0.070543,-0.004049
0.001086,0.070543,-0.004049
0.001086,0.070543,-0.004049
0.001086,0.070543,-0.004049
0.001086,0.070543,-0.004049
0.001086,0.070543,-0.004049
0.001086,0.070543,-0.004049
0.001086,0.070543,-0.004049
0.001086,0.070543,-0.004049
0.001086,0.070543,-0.004049
0.001086,0.070543,-0.004049
0.001086,0.070543,-0.004049
0.001086,0.070543,-0.004049
0.001086,0.070543,-0.004049
0.001086,0.070543,-0.004049
0.001086,0.070543,-0.004049
0.001086,0.070543,-0.004049
0.001086,0.070543,-0.004049
0.001086,0.070543,-0.004049
0.001086,0.070543,-0.004049
0.001086,0.070543,-0.004049
0.001086,0.070543,-0.004049
0.001086,0.070543,-0.004049
0.001086,0.070543,-0.004049
0.001086,0.070543,-0.004049
0.001086,0.070543,-0.004049
0.001086,0.070543,-0.004049
0.001086,0.070543,-0.004049
0.001086,0.070543,-0.004049
0.001086,0.070543,-0.004049
0.001086,0.070543,-0.004049
0.001086,0.070543,-0.004049
0.001086,0.070543,-0.004049
0.001086,0.070543,-0.004853
0.001086,0.070543,-0.004853
0.001086,0.070543,-0.004853
0.001086,0.070543,-0.004853
0.001087,0.070543,-0.004853
0.001087,0.070543,-0.004853
0.001087,0.070543,-0.004853
0.001087,0.070543,-0.004853
0.001087,0.070543,-0.005657
0.001087,0.070543,-0.005657
0.001087,0.070543,-0.004853
0.001087,0.070543,-0.004853
0.001087,0.070543,-0.004853
0.001087,0.070543,-0.004853
0.001087,0.070543,-0.004853
0.001087,0.070543,-0.004853
0.001087,0.070543,-0.004853
0.001087,0.070543,-0.004853
0.001087,0.070543,-0.004853
0.001087,0.070543,-0.004049
0.001087,0.070543,-0.004049
0.001087,0.070543,-0.004049
0.001087,0.070543,-0.004049
0.001087,0.070543,-0.004049
0.001087,0.070543,-0.004049
0.001087,0.070543,-0.004049
0.001087,0.070543,-0.004049
0.001087,0.070543,-0.004049
0.001087,0.070543,-0.004049
0.001087,0.070543,-0.004049
0.001087,0.070543,-0.004049
0.001087,0.070543,-0.004049
0.001087,0.070543,-0.004049
0.001087,0.070543,-0.003245
0.001087,0.070543,-0.003245
0.001087,0.070543,-0.003245
0.001087,0.070543,-0.003245
0.001087,0.070543,-0.003245
0.001087,0.070543,-0.003245
0.001087,0.070543,-0.003245
0.001087,0.070543,-0.003245
0.001087,0.070543,-0.003245
0.001087,0.070543,-0.003245
0.001088,0.070543,-0.003245
0.001088,0.070543,-0.003245
0.001088,0.070543,-0.003245
0.001088,0.070543,-0.003245
0.001088,0.070543,-0.003245
0.001088,0.070543,-0.003245
0.001088,0.070543,-0.003245
0.001088,0.070543,-0.003245
0.001088,0.070543,-0.003245
0.001088,0.070543,-0.003245
0.001088,0.070543,-0.003245
0.001088,0.070543,-0.003245
0.001088,0.070543,-0.004049
0.001088,0.070543,-0.004049
0.001088,0.070543,-0.004049
0.001088,0.070543,-0.004049
0.001088,0.070543,-0.004049
0.001088,0.070543,-0.004049
0.001088,0.070543,-0.004049
0.001088,0.070543,-0.004049
0.001088,0.070543,-0.004049
0.001088,0.070543,-0.004853
0.001088,0.070543,-0.004853
0.001088,0.070543,-0.004853
0.001088,0.070543,-0.004853
0.001088,0.070543,-0.004853
0.001088,0.070543,-0.004853
0.001088,0.070543,-0.004853
0.001088,0.070543,-0.004853
0.001088,0.070543,-0.004853
0.001088,0.070543,-0.004853
0.001088,0.070543,-0.004853
0.001088,0.070543,-0.004853
0.001088,0.070543,-0.004853
0.001088,0.070543,-0.004853
0.001088,0.070543,-0.004853
0.001088,0.070543,-0.004853
0.001088,0.070543,-0.004853
0.001089,0.070543,-0.004853
0.001089,0.070543,-0.004049
0.001089,0.070543,-0.004049
0.001089,0.070543,-0.004049
0.001089,0.070543,-0.004049
0.001089,0.070543,-0.004049
0.001089,0.070543,-0.004049
0.001089,0.070543,-0.004049
0.001089,0.070543,-0.004049
0.001089,0.070543,-0.003245
0.001089,0.070543,-0.003245
0.001089,0.070543,-0.003245
0.001089,0.070543,-0.003245
0.001089,0.070543,-0.003245
0.001089,0.070543,-0.003245
0.001089,0.070543,-0.003245
0.001089,0.070543,-0.003245
0.001089,0.070543,-0.003245
0.001089,0.070543,-0.003245
0.001089,0.070543,-0.003245
0.001089,0.070543,-0.003245
0.001089,0.070543,-0.003245
0.001089,0.070543,-0.003245
0.001089,0.070543,-0.003245
0.001089,0.070543,-0.003245
0.001089,0.070543,-0.003245
0.001089,0.070543,-0.003245
0.001089,0.070543,-0.004049
0.001089,0.070543,-0.004049
0.001089,0.070543,-0.004049
0.001089,0.070543,-0.004049
0.001089,0.070543,-0.004049
0.001089,0.070543,-0.004049
0.001089,0.070543,-0.004049
0.001089,0.070543,-0.004049
0.001089,0.070543,-0.004049
0.001089,0.070543,-0.004049
0.001089,0.070543,-0.004049
0.001090,0.070543,-0.004049
0.001090,0.070543,-0.004049
0.001090,0.070543,-0.004049
0.001090,0.070543,-0.004049
0.001090,0.070543,-0.004049
0.001090,0.070543,-0.004049
0.001090,0.070543,-0.004049
0.001090,0.070543,-0.004049
0.001090,0.070543,-0.004049
0.001090,0.070543,-0.003245
0.001090,0.070543,-0.003245
0.001090,0.070543,-0.003245
0.001090,0.070543,-0.003245
0.001090,0.070543,-0.003245
0.001090,0.070543,-0.003245
0.001090,0.070543,-0.003245
0.001090,0.070543,-0.003245
0.001090,0.070543,-0.003245
0.001090,0.070543,-0.003245
0.001090,0.070543,-0.003245
0.001090,0.070543,-0.003245
0.001090,0.070543,-0.003245
0.001090,0.070543,-0.003245
0.001090,0.070543,-0.003245
0.001090,0.070543,-0.003245
0.001090,0.070543,-0.003245
0.001090,0.070543,-0.003245
0.001090,0.070543,-0.003245
0.001090,0.070543,-0.003245
0.001090,0.070543,-0.004049
0.001090,0.070543,-0.004049
0.001090,0.070543,-0.004049
0.001090,0.070543,-0.004049
0.001090,0.070543,-0.004049
0.001090,0.070543,-0.004049
0.001090,0.070543,-0.004049
0.001090,0.070543,-0.004049
0.001090,0.070543,-0.004049
0.001090,0.070543,-0.004049
0.001091,0.070543,-0.004049
0.001091,0.070543,-0.004049
0.001091,0.070543,-0.004049
0.001091,0.070543,-0.004049
0.001091,0.070543,-0.004049
0.001091,0.070543,-0.004049
0.001091,0.070543,-0.004049
0.001091,0.070543,-0.004049
0.001091,0.070543,-0.004049
0.001091,0.070543,-0.004049
0.001091,0.070543,-0.004049
0.001091,0.030342,-0.004049
0.001091,0.030342,-0.004049
0.001091,0.030342,-0.004049
0.001091,0.030342,-0.004049
0.001091,0.030342,-0.004049
0.001091,0.030342,-0.004049
0.001091,0.030342,-0.004049
0.001091,0.030342,-0.003245
0.001091,0.030342,-0.003245
0.001091,0.030342,-0.003245
0.001091,0.030342,-0.003245
0.001091,0.030342,-0.003245
0.001091,0.030342,-0.003245
0.001091,0.030342,-0.003245
0.001091,0.030342,-0.003245
0.001091,0.030342,-0.003245
0.001091,0.030342,-0.003245
0.001091,0.030342,-0.003245
0.001091,0.030342,-0.003245
0.001091,0.030342,-0.003245
0.001091,0.030342,-0.003245
0.001091,0.030342,-0.003245
0.001091,0.030342,-0.003245
0.001091,0.030342,-0.003245
0.001091,0.030342,-0.003245
0.001091,0.030342,-0.003245
0.001091,0.030342,-0.003245
0.001092,0.030342,-0.003245
0.001092,0.030342,-0.003245
0.001092,0.030342,-0.003245
0.001092,0.030342,-0.003245
0.001092,0.030342,-0.003245
0.001092,0.030342,-0.003245
0.001092,0.030342,-0.003245
0.001092,0.030342,-0.003245
0.001092,0.030342,-0.003245
0.001092,0.030342,-0.003245
0.001092,0.030342,-0.003245
0.001092,0.030342,-0.003245
0.001092,0.030342,-0.003245
0.001092,0.030342,-0.003245
0.001092,0.030342,-0.003245
0.001092,0.030342,-0.003245
0.001092,0.030342,-0.003245
0.001092,0.030342,-0.003245
0.001092,0.030342,-0.003245
0.001092,0.030342,-0.003245
0.001092,0.030342,-0.003245
0.001092,0.030342,-0.003245
0.001092,0.030342,-0.003245
0.001092,0.030342,-0.003245
0.001092,0.030342,-0.003245
0.001092,0.030342,-0.003245
0.001092,0.030342,-0.003245
0.001092,0.030342,-0.003245
0.001092,0.030342,-0.003245
0.001092,0.030342,-0.003245
0.001092,0.030342,-0.003245
0.001092,0.030342,-0.003245
0.001092,0.030342,-0.003245
0.001092,0.030342,-0.003245
0.001092,0.030342,-0.003245
0.001092,0.030342,-0.003245
0.001092,0.030342,-0.003245
0.001092,0.030342,-0.003245
0.001092,0.030342,-0.003245
0.001093,0.030342,-0.004049
0.001093,0.030342,-0.004049
0.001093,0.030342,-0.004049
0.001093,0.030342,-0.004049
0.001093,0.030342,-0.004049
0.001093,0.030342,-0.004049
0.001093,0.030342,-0.004049
0.001093,0.030342,-0.004049
0.001093,0.030342,-0.003245
0.001093,0.030342,-0.003245
0.001093,0.030342,-0.003245
0.001093,0.030342,-0.003245
0.001093,0.030342,-0.003245
0.001093,0.030342,-0.003245
0.001093,0.030342,-0.003245
0.001093,0.030342,-0.003245
0.001093,0.030342,-0.003245
0.001093,0.030342,-0.003245
0.001093,0.030342,-0.003245
0.001093,0.030342,-0.003245
0.001093,0.030342,-0.003245
0.001093,0.030342,-0.003245
0.001093,0.030342,-0.003245
0.001093,0.030342,-0.002441
0.001093,0.030342,-0.002441
0.001093,0.030342,-0.002441
0.001093,0.030342,-0.002441
0.001093,0.030342,-0.002441
0.001093,0.030342,-0.002441
0.001093,0.030342,-0.002441
0.001093,0.030342,-0.002441
0.001093,0.030342,-0.002441
0.001093,0.030342,-0.002441
0.001093,0.030342,-0.002441
0.001093,0.030342,-0.002441
0.001093,0.030342,-0.002441
0.001093,0.030342,-0.002441
0.001093,0.030342,-0.002441
0.001094,0.030342,-0.002441
0.001094,0.030342,-0.002441
0.001094,0.030342,-0.002441
0.001094,0.030342,-0.002441
0.001094,0.030342,-0.002441
0.001094,0.030342,-0.002441
0.001094,0.030342,-0.002441
0.001094,0.030342,-0.002441
0.001094,0.030342,-0.002441
0.001094,0.030342,-0.003245
0.001094,0.030342,-0.003245
0.001094,0.030342,-0.003245
0.001094,0.030342,-0.003245
0.001094,0.030342,-0.003245
0.001094,0.030342,-0.003245
0.001094,0.030342,-0.003245
0.001094,0.030342,-0.003245
0.001094,0.030342,-0.003245
0.001094,0.030342,-0.004049
0.001094,0.030342,-0.004049
0.001094,0.030342,-0.004049
0.001094,0.030342,-0.004049
0.001094,0.030342,-0.004049
0.001094,0.030342,-0.004049
0.001094,0.030342,-0.004049
0.001094,0.030342,-0.004049
0.001094,0.030342,-0.004049
0.001094,0.030342,-0.004049
0.001094,0.030342,-0.004049
0.001094,0.030342,-0.004049
0.001094,0.030342,-0.004049
0.001094,0.030342,-0.004049
0.001094,0.030342,-0.003245
0.001094,0.030342,-0.003245
0.001094,0.030342,-0.003245
0.001094,0.030342,-0.003245
0.001094,0.030342,-0.003245
0.001094,0.030342,-0.003245
0.001095,0.030342,-0.003245
0.001095,0.030342,-0.003245
0.001095,0.030342,-0.002441
0.001095,0.030342,-0.002441
0.001095,0.030342,-0.002441
0.001095,0.030342,-0.002441
0.001095,0.030342,-0.002441
0.001095,0.030342,-0.002441
0.001095,0.030342,-0.002441
0.001095,0.030342,-0.002441
0.001095,0.030342,-0.002441
0.001095,0.030342,-0.002441
0.001095,0.030342,-0.002441
0.001095,0.030342,-0.002441
0.001095,0.030342,-0.002441
0.001095,0.030342,-0.002441
0.001095,0.030342,-0.002441
0.001095,0.030342,-0.002441
0.001095,0.030342,-0.002441
0.001095,0.030342,-0.002441
0.001095,0.030342,-0.002441
0.001095,0.030342,-0.002441
0.001095,0.030342,-0.002441
0.001095,0.030342,-0.002441
0.001095,0.030342,-0.002441
0.001095,0.030342,-0.002441
0.001095,0.030342,-0.002441
0.001095,0.030342,-0.002441
0.001095,0.030342,-0.002441
0.001095,0.030342,-0.002441
0.001095,0.030342,-0.002441
0.001095,0.030342,-0.002441
0.001095,0.030342,-0.002441
0.001095,0.030342,-0.003245
0.001095,0.030342,-0.003245
0.001095,0.030342,-0.003245
0.001095,0.030342,-0.003245
0.001095,0.030342,-0.003245
0.001095,0.030342,-0.003245
0.001096,0.030342,-0.003245
0.001096,0.030342,-0.003245
0.001096,0.030342,-0.003245
0.001096,0.030342,-0.003245
0.001096,0.030342,-0.003245
0.001096,0.030342,-0.003245
0.001096,0.030342,-0.003245
0.001096,0.030342,-0.003245
0.001096,0.030342,-0.003245
0.001096,0.030342,-0.003245
0.001096,0.030342,-0.003245
0.001096,0.030342,-0.003245
0.001096,0.030342,-0.003245
0.001096,0.030342,-0.003245
0.001096,0.030342,-0.003245
0.001096,0.030342,-0.003245
0.001096,0.030342,-0.003245
0.001096,0.030342,-0.003245
0.001096,0.030342,-0.003245
0.001096,0.030342,-0.003245
0.001096,0.030342,-0.003245
0.001096,0.030342,-0.003245
0.001096,0.030342,-0.003245
0.001096,0.030342,-0.003245
0.001096,0.030342,-0.003245
0.001096,0.030342,-0.003245
0.001096,0.030342,-0.003245
0.001096,0.030342,-0.003245
0.001096,0.030342,-0.003245
0.001096,0.030342,-0.003245
0.001096,0.030342,-0.003245
0.001096,0.030342,-0.003245
0.001096,0.030342,-0.003245
0.001096,0.030342,-0.003245
0.001096,0.030342,-0.003245
0.001096,0.030342,-0.003245
0.001096,0.030342,-0.003245
0.001096,0.030342,-0.003245
0.001097,0.030342,-0.003245
0.001097,0.030342,-0.003245
0.001097,0.030342,-0.003245
0.001097,0.030342,-0.002441
0.001097,0.030342,-0.002441
0.001097,0.030342,-0.002441
0.001097,0.030342,-0.002441
0.001097,0.030342,-0.002441
0.001097,0.030342,-0.002441
0.001097,0.030342,-0.002441
0.001097,0.030342,-0.002441
0.001097,0.030342,-0.002441
0.001097,0.030342,-0.002441
0.001097,0.030342,-0.002441
0.001097,0.030342,-0.002441
0.001097,0.030342,-0.002441
0.001097,0.030342,-0.002441
0.001097,0.030342,-0.002441
0.001097,0.030342,-0.002441
0.001097,0.030342,-0.002441
0.001097,0.030342,-0.002441
0.001097,0.030342,-0.002441
0.001097,0.030342,-0.002441
0.001097,0.030342,-0.002441
0.001097,0.030342,-0.002441
0.001097,0.030342,-0.002441
0.001097,0.030342,-0.002441
0.001097,0.030342,-0.002441
0.001097,0.030342,-0.003245
0.001097,0.030342,-0.003245
0.001097,0.030342,-0.003245
0.001097,0.030342,-0.003245
0.001097,0.030342,-0.003245
0.001097,0.030342,-0.003245
0.001097,0.030342,-0.003245
0.001097,0.030342,-0.003245
0.001097,0.030342,-0.003245
0.001097,0.030342,-0.003245
0.001097,0.030342,-0.003245
0.001098,0.030342,-0.003245
0.001098,0.030342,-0.003245
0.001098,0.030342,-0.003245
0.001098,0.030342,-0.003245
0.001098,0.030342,-0.003245
0.001098,0.030342,-0.003245
0.001098,0.030342,-0.003245
0.001098,0.030342,-0.003245
0.001098,0.030342,-0.003245
0.001098,0.030342,-0.003245
0.001098,0.030342,-0.003245
0.001098,0.030342,-0.003245
0.001098,0.030342,-0.003245
0.001098,0.030342,-0.003245
0.001098,0.030342,-0.003245
0.001098,0.030342,-0.003245
0.001098,0.030342,-0.003245
0.001098,0.030342,-0.003245
0.001098,0.030342,-0.003245
0.001098,0.030342,-0.003245
0.001098,0.030342,-0.003245
0.001098,0.030342,-0.003245
0.001098,0.030342,-0.003245
0.001098,0.030342,-0.003245
0.001098,0.030342,-0.003245
0.001098,0.030342,-0.003245
0.001098,0.030342,-0.003245
0.001098,0.030342,-0.003245
0.001098,0.030342,-0.003245
0.001098,0.030342,-0.003245
0.001098,0.030342,-0.003245
0.001098,0.030342,-0.003245
0.001098,0.030342,-0.003245
0.001098,0.030342,-0.003245
0.001098,0.030342,-0.003245
0.001098,0.030342,-0.003245
0.001098,0.030342,-0.003245
0.001098,0.030342,-0.003245
0.001099,0.030342,-0.003245
0.001099,0.030342,-0.003245
0.001099,0.030342,-0.003245
0.001099,0.030342,-0.003245
0.001099,0.030342,-0.003245
0.001099,0.030342,-0.003245
0.001099,0.030342,-0.003245
0.001099,0.030342,-0.003245
0.001099,0.030342,-0.003245
0.001099,0.030342,-0.003245
0.001099,0.030342,-0.003245
0.001099,0.030342,-0.003245
0.001099,0.030342,-0.003245
0.001099,0.030342,-0.003245
0.001099,0.030342,-0.003245
0.001099,0.030342,-0.003245
0.001099,0.030342,-0.003245
0.001099,0.030342,-0.003245
0.001099,0.030342,-0.003245
0.001099,0.030342,-0.003245
0.001099,0.030342,-0.003245
0.001099,0.030342,-0.003245
0.001099,0.030342,-0.003245
0.001099,0.030342,-0.003245
0.001099,0.030342,-0.003245
0.001099,0.030342,-0.003245
0.001099,0.030342,-0.003245
0.001099,0.030342,-0.002441
0.001099,0.030342,-0.002441
0.001099,0.030342,-0.002441
0.001099,0.030342,-0.002441
0.001099,0.030342,-0.002441
0.001099,0.030342,-0.002441
0.001099,0.030342,-0.002441
0.001099,0.030342,-0.002441
0.001099,0.030342,-0.002441
0.001099,0.030342,-0.003245
0.001099,0.030342,-0.003245
0.001100,0.030342,-0.003245
0.001100,0.030342,-0.003245
0.001100,0.030342,-0.003245
0.001100,0.030342,-0.003245
0.001100,0.030342,-0.003245
0.001100,0.030342,-0.003245
0.001100,0.030342,-0.003245
0.001100,0.030342,-0.003245
0.001100,0.030342,-0.003245
0.001100,0.030342,-0.003245
0.001100,0.030342,-0.003245
0.001100,0.030342,-0.003245
0.001100,0.030342,-0.003245
0.001100,0.030342,-0.003245
0.001100,0.030342,-0.003245
0.001100,0.030342,-0.003245
0.001100,0.030342,-0.004049
0.001100,0.030342,-0.004049
0.001100,0.030342,-0.004049
0.001100,0.030342,-0.004049
0.001100,0.030342,-0.004049
0.001100,0.030342,-0.004049
0.001100,0.030342,-0.004049
0.001100,0.030342,-0.004049
0.001100,0.030342,-0.004049
0.001100,0.030342,-0.004049
0.001100,0.030342,-0.004049
0.001100,0.030342,-0.004049
0.001100,0.030342,-0.004049
0.001100,0.030342,-0.004049
0.001100,0.030342,-0.004049
0.001100,0.030342,-0.004049
0.001100,0.030342,-0.004049
0.001100,0.030342,-0.004049
0.001100,0.030342,-0.004049
0.001100,0.030342,-0.003245
0.001100,0.030342,-0.003245
0.001100,0.030342,-0.003245
0.001100,0.030342,-0.003245
0.001101,0.030342,-0.003245
0.001101,0.030342,-0.003245
0.001101,0.030342,-0.003245
0.001101,0.030342,-0.003245
0.001101,0.030342,-0.003245
0.001101,0.030342,-0.003245
0.001101,0.030342,-0.003245
0.001101,0.030342,-0.003245
0.001101,0.030342,-0.003245
0.001101,0.030342,-0.002441
0.001101,0.030342,-0.003245
0.001101,0.030342,-0.003245
0.001101,0.030342,-0.003245
0.001101,0.030342,-0.003245
0.001101,0.030342,-0.003245
0.001101,0.030342,-0.003245
0.001101,0.030342,-0.002441
0.001101,0.030342,-0.002441
0.001101,0.030342,-0.002441
0.001101,0.030342,-0.002441
0.001101,0.030342,-0.002441
0.001101,0.030342,-0.002441
0.001101,0.030342,-0.002441
0.001101,0.030342,-0.002441
0.001101,0.030342,-0.002441
0.001101,0.030342,-0.002441
0.001101,0.030342,-0.002441
0.001101,0.030342,-0.002441
0.001101,0.030342,-0.002441
0.001101,0.030342,-0.002441
0.001101,0.030342,-0.002441
0.001101,0.030342,-0.002441
0.001101,0.030342,-0.002441
0.001101,0.030342,-0.002441
0.001101,0.030342,-0.003245
0.001101,0.030342,-0.003245
0.001101,0.030342,-0.003245
0.001101,0.030342,-0.003245
0.001102,0.030342,-0.003245
0.001102,0.030342,-0.003245
0.001102,0.030342,-0.003245
0.001102,0.030342,-0.003245
0.001102,0.030342,-0.003245
0.001102,0.030342,-0.003245
0.001102,0.030342,-0.003245
0.001102,0.030342,-0.003245
0.001102,0.030342,-0.003245
0.001102,0.030342,-0.003245
0.001102,0.030342,-0.003245
0.001102,0.030342,-0.003245
0.001102,0.030342,-0.003245
0.001102,0.030342,-0.003245
0.001102,0.030342,-0.003245
0.001102,0.030342,-0.003245
0.001102,0.030342,-0.003245
0.001102,0.030342,-0.003245
0.001102,0.030342,-0.003245
0.001102,0.030342,-0.003245
0.001102,0.030342,-0.004049
0.001102,0.030342,-0.004049
0.001102,0.030342,-0.004049
0.001102,0.030342,-0.004049
0.001102,0.030342,-0.004049
0.001102,0.030342,-0.004049
0.001102,0.030342,-0.004049
0.001102,0.030342,-0.004049
0.001102,0.030342,-0.004049
0.001102,0.030342,-0.004049
0.001102,0.030342,-0.004049
0.001102,0.030342,-0.004049
0.001102,0.030342,-0.004049
0.001102,0.030342,-0.004049
0.001102,0.030342,-0.004049
0.001102,0.030342,-0.004049
0.001102,0.030342,-0.004049
0.001102,0.030342,-0.004049
0.001102,0.030342,-0.004049
0.001103,0.030342,-0.004049
0.001103,0.030342,-0.004049
0.001103,0.030342,-0.004049
0.001103,0.030342,-0.004049
0.001103,0.030342,-0.004049
0.001103,0.030342,-0.004049
0.001103,0.030342,-0.004049
0.001103,0.030342,-0.004049
0.001103,0.030342,-0.004049
0.001103,-0.009859,-0.004049
0.001103,0.030342,-0.004049
0.001103,-0.009859,-0.003245
0.001103,-0.009859,-0.003245
0.001103,-0.009859,-0.003245
0.001103,-0.009859,-0.003245
0.001103,-0.009859,-0.003245
0.001103,-0.009859,-0.003245
0.001103,-0.009859,-0.003245
0.001103,-0.009859,-0.002441
0.001103,-0.009859,-0.002441
0.001103,-0.009859,-0.002441
0.001103,-0.009859,-0.002441
0.001103,-0.009859,-0.002441
0.001103,-0.009859,-0.002441
0.001103,-0.009859,-0.002441
0.001103,-0.009859,-0.002441
0.001103,-0.009859,-0.002441
0.001103,-0.009859,-0.002441
0.001103,-0.009859,-0.002441
0.001103,-0.009859,-0.002441
0.001103,-0.009859,-0.002441
0.001103,-0.009859,-0.002441
0.001103,-0.009859,-0.002441
0.001103,-0.009859,-0.002441
0.001103,-0.009859,-0.002441
0.001103,-0.009859,-0.002441
0.001103,-0.009859,-0.002441
0.001103,-0.009859,-0.002441
0.001104,-0.009859,-0.002441
0.001104,-0.009859,-0.002441
0.001104,-0.009859,-0.002441
0.001104,-0.009859,-0.002441
0.001104,-0.009859,-0.002441
0.001104,-0.009859,-0.002441
0.001104,-0.009859,-0.003245
0.001104,-0.009859,-0.003245
0.001104,-0.009859,-0.003245
0.001104,-0.009859,-0.003245
0.001104,-0.009859,-0.003245
0.001104,-0.009859,-0.003245
0.001104,-0.009859,-0.003245
0.001104,-0.009859,-0.003245
0.001104,-0.009859,-0.003245
0.001104,-0.009859,-0.003245
0.001104,-0.009859,-0.003245
0.001104,-0.009859,-0.003245
0.001104,-0.009859,-0.003245
0.001104,-0.009859,-0.003245
0.001104,-0.009859,-0.003245
0.001104,-0.009859,-0.003245
0.001104,-0.009859,-0.003245
0.001104,-0.009859,-0.003245
0.001104,-0.009859,-0.003245
0.001104,-0.009859,-0.003245
0.001104,-0.009859,-0.003245
0.001104,-0.009859,-0.003245
0.001104,-0.009859,-0.003245
0.001104,-0.009859,-0.003245
0.001104,-0.009859,-0.003245
0.001104,-0.009859,-0.003245
0.001104,-0.009859,-0.003245
0.001104,-0.009859,-0.003245
0.001104,-0.009859,-0.003245
0.001104,-0.009859,-0.003245
0.001104,-0.009859,-0.003245
0.001104,-0.009859,-0.003245
0.001105,-0.009859,-0.003245
0.001105,-0.009859,-0.003245
0.001105,-0.009859,-0.003245
0.001105,-0.009859,-0.003245
0.001105,-0.009859,-0.003245
0.001105,-0.009859,-0.003245
0.001105,-0.009859,-0.003245
0.001105,-0.009859,-0.003245
0.001105,-0.009859,-0.003245
0.001105,-0.009859,-0.003245
0.001105,-0.009859,-0.003245
0.001105,-0.009859,-0.003245
0.001105,-0.009859,-0.003245
0.001105,-0.009859,-0.003245
0.001105,-0.009859,-0.003245
0.001105,-0.009859,-0.003245
0.001105,-0.009859,-0.003245
0.001105,-0.009859,-0.003245
0.001105,-0.009859,-0.003245
0.001105,-0.009859,-0.003245
0.001105,-0.009859,-0.003245
0.001105,-0.009859,-0.003245
0.001105,-0.009859,-0.003245
0.001105,-0.009859,-0.003245
0.001105,-0.009859,-0.003245
0.001105,-0.009859,-0.002441
0.001105,-0.009859,-0.002441
0.001105,-0.009859,-0.002441
0.001105,-0.009859,-0.002441
0.001105,-0.009859,-0.002441
0.001105,-0.009859,-0.002441
0.001105,-0.009859,-0.001637
0.001105,-0.009859,-0.001637
0.001105,-0.009859,-0.001637
0.001105,-0.009859,-0.001637
0.001105,-0.009859,-0.001637
0.001105,-0.009859,-0.001637
0.001105,-0.009859,-0.001637
0.001105,-0.009859,-0.001637
0.001106,-0.009859,-0.001637
0.001106,-0.009859,-0.001637
0.001106,-0.009859,-0.001637
0.001106,-0.009859,-0.001637
0.001106,-0.009859,-0.001637
0.001106,-0.009859,-0.001637
0.001106,-0.009859,-0.002441
0.001106,-0.009859,-0.002441
0.001106,-0.009859,-0.002441
0.001106,-0.009859,-0.002441
0.001106,-0.009859,-0.002441
0.001106,-0.009859,-0.002441
0.001106,-0.009859,-0.002441
0.001106,-0.009859,-0.002441
0.001106,-0.009859,-0.002441
0.001106,-0.009859,-0.002441
0.001106,-0.009859,-0.003245
0.001106,-0.009859,-0.003245
0.001106,-0.009859,-0.003245
0.001106,-0.009859,-0.003245
0.001106,-0.009859,-0.003245
0.001106,-0.009859,-0.003245
0.001106,-0.009859,-0.003245
0.001106,-0.009859,-0.003245
0.001106,-0.009859,-0.003245
0.001106,-0.009859,-0.003245
0.001106,-0.009859,-0.004049
0.001106,-0.009859,-0.004049
0.001106,-0.009859,-0.003245
0.001106,-0.009859,-0.004049
0.001106,-0.009859,-0.004049
0.001106,-0.009859,-0.004049
0.001106,-0.009859,-0.004049
0.001106,-0.009859,-0.004049
0.001106,-0.009859,-0.004049
0.001106,-0.009859,-0.003245
0.001106,-0.009859,-0.003245
0.001106,-0.009859,-0.003245
0.001107,-0.009859,-0.003245
0.001107,-0.009859,-0.003245
0.001107,-0.009859,-0.003245
0.001107,-0.009859,-0.003245
0.001107,-0.009859,-0.003245
0.001107,-0.009859,-0.003245
0.001107,-0.009859,-0.003245
0.001107,-0.009859,-0.002441
0.001107,-0.009859,-0.002441
0.001107,-0.009859,-0.002441
0.001107,-0.009859,-0.002441
0.001107,-0.009859,-0.001637
0.001107,-0.009859,-0.001637
0.001107,-0.009859,-0.001637
0.001107,-0.009859,-0.001637
0.001107,-0.009859,-0.001637
0.001107,-0.009859,-0.001637
0.001107,-0.009859,-0.001637
0.001107,-0.009859,-0.001637
0.001107,-0.009859,-0.001637
0.001107,-0.009859,-0.001637
0.001107,-0.009859,-0.001637
0.001107,-0.009859,-0.001637
0.001107,-0.009859,-0.001637
0.001107,-0.009859,-0.001637
0.001107,-0.009859,-0.001637
0.001107,-0.009859,-0.001637
0.001107,-0.009859,-0.001637
0.001107,-0.009859,-0.001637
0.001107,-0.009859,-0.002441
0.001107,-0.009859,-0.002441
0.001107,-0.009859,-0.002441
0.001107,-0.009859,-0.002441
0.001107,-0.009859,-0.002441
0.001107,-0.009859,-0.002441
0.001107,-0.009859,-0.002441
0.001107,-0.009859,-0.002441
0.001107,-0.009859,-0.002441
0.001107,-0.009859,-0.002441
0.001108,-0.009859,-0.002441
0.001108,-0.009859,-0.002441
0.001108,-0.009859,-0.002441
0.001108,-0.009859,-0.002441
0.001108,-0.009859,-0.002441
0.001108,-0.009859,-0.002441
0.001108,-0.009859,-0.003245
0.001108,-0.009859,-0.003245
0.001108,-0.009859,-0.003245
0.001108,-0.009859,-0.003245
0.001108,-0.009859,-0.003245
0.001108,-0.009859,-0.003245
0.001108,-0.009859,-0.003245
0.001108,-0.009859,-0.003245
0.001108,-0.009859,-0.002441
0.001108,-0.009859,-0.002441
0.001108,-0.009859,-0.002441
0.001108,-0.009859,-0.002441
0.001108,-0.009859,-0.002441
0.001108,-0.009859,-0.002441
0.001108,-0.009859,-0.002441
0.001108,-0.009859,-0.002441
0.001108,-0.009859,-0.002441
0.001108,-0.009859,-0.002441
0.001108,-0.009859,-0.002441
0.001108,-0.009859,-0.002441
0.001108,-0.009859,-0.002441
0.001108,-0.009859,-0.002441
0.001108,-0.009859,-0.002441
0.001108,-0.009859,-0.002441
0.001108,-0.009859,-0.002441
0.001108,-0.009859,-0.002441
0.001108,-0.009859,-0.002441
0.001108,-0.009859,-0.002441
0.001108,-0.009859,-0.002441
0.001108,-0.009859,-0.002441
0.001108,-0.009859,-0.002441
0.001108,-0.009859,-0.002441
0.001109,-0.009859,-0.002441
0.001109,-0.009859,-0.002441
0.001109,-0.009859,-0.002441
0.001109,-0.009859,-0.002441
0.001109,-0.009859,-0.002441
0.001109,-0.009859,-0.002441
0.001109,-0.009859,-0.002441
0.001109,-0.009859,-0.002441
0.001109,-0.009859,-0.002441
0.001109,-0.009859,-0.002441
0.001109,-0.009859,-0.002441
0.001109,-0.009859,-0.002441
0.001109,-0.009859,-0.002441
0.001109,-0.009859,-0.002441
0.001109,-0.009859,-0.002441
0.001109,-0.009859,-0.002441
0.001109,-0.009859,-0.002441
0.001109,-0.009859,-0.002441
0.001109,-0.009859,-0.002441
0.001109,-0.009859,-0.002441
0.001109,-0.009859,-0.002441
0.001109,-0.009859,-0.002441
0.001109,-0.009859,-0.002441
0.001109,-0.009859,-0.002441
0.001109,-0.009859,-0.002441
0.001109,-0.009859,-0.002441
0.001109,-0.009859,-0.002441
0.001109,-0.009859,-0.002441
0.001109,-0.009859,-0.002441
0.001109,-0.009859,-0.002441
0.001109,-0.009859,-0.002441
0.001109,-0.009859,-0.002441
0.001109,-0.009859,-0.002441
0.001109,-0.009859,-0.002441
0.001109,-0.009859,-0.002441
0.001109,-0.009859,-0.002441
0.001109,-0.009859,-0.002441
0.001109,-0.009859,-0.002441
0.001110,-0.009859,-0.001637
0.001110,-0.009859,-0.001637
0.001110,-0.009859,-0.001637
0.001110,-0.009859,-0.002441
0.001110,-0.009859,-0.002441
0.001110,-0.009859,-0.002441
0.001110,-0.009859,-0.002441
0.001110,-0.009859,-0.002441
0.001110,-0.009859,-0.002441
0.001110,-0.009859,-0.002441
0.001110,-0.009859,-0.002441
0.001110,-0.009859,-0.002441
0.001110,-0.009859,-0.002441
0.001110,-0.009859,-0.002441
0.001110,-0.009859,-0.002441
0.001110,-0.009859,-0.002441
0.001110,-0.009859,-0.002441
0.001110,-0.009859,-0.002441
0.001110,-0.009859,-0.002441
0.001110,-0.009859,-0.002441
0.001110,-0.009859,-0.002441
0.001110,-0.009859,-0.002441
0.001110,-0.009859,-0.002441
0.001110,-0.009859,-0.002441
0.001110,-0.009859,-0.002441
0.001110,-0.009859,-0.002441
0.001110,-0.009859,-0.002441
0.001110,-0.009859,-0.002441
0.001110,-0.009859,-0.002441
0.001110,-0.009859,-0.002441
0.001110,-0.009859,-0.002441
0.001110,-0.009859,-0.002441
0.001110,-0.009859,-0.002441
0.001110,-0.009859,-0.002441
0.001110,-0.009859,-0.002441
0.001110,-0.009859,-0.002441
0.001110,-0.009859,-0.002441
0.001110,-0.009859,-0.002441
0.001110,-0.009859,-0.002441
0.001111,-0.009859,-0.002441
0.001111,-0.009859,-0.001637
0.001111,-0.009859,-0.001637
0.001111,-0.009859,-0.001637
0.001111,-0.009859,-0.001637
0.001111,-0.009859,-0.001637
0.001111,-0.009859,-0.001637
0.001111,-0.009859,-0.001637
0.001111,-0.009859,-0.001637
0.001111,-0.009859,-0.001637
0.001111,-0.009859,-0.001637
0.001111,-0.009859,-0.001637
0.001111,-0.009859,-0.001637
0.001111,-0.009859,-0.001637
0.001111,-0.009859,-0.001637
0.001111,-0.009859,-0.002441
0.001111,-0.009859,-0.002441
0.001111,-0.009859,-0.002441
0.001111,-0.009859,-0.002441
0.001111,-0.009859,-0.002441
0.001111,-0.009859,-0.002441
0.001111,-0.009859,-0.002441
0.001111,-0.009859,-0.002441
0.001111,-0.009859,-0.002441
0.001111,-0.009859,-0.002441
0.001111,-0.009859,-0.002441
0.001111,-0.009859,-0.002441
0.001111,-0.009859,-0.002441
0.001111,-0.009859,-0.002441
0.001111,-0.009859,-0.002441
0.001111,-0.009859,-0.002441
0.001111,-0.009859,-0.003245
0.001111,-0.009859,-0.003245
0.001111,-0.009859,-0.003245
0.001111,-0.009859,-0.003245
0.001111,-0.009859,-0.003245
0.001111,-0.009859,-0.003245
0.001111,-0.009859,-0.003245
0.001112,-0.009859,-0.003245
0.001112,-0.009859,-0.003245
0.001112,-0.009859,-0.003245
0.001112,-0.009859,-0.003245
0.001112,-0.009859,-0.003245
0.001112,-0.009859,-0.003245
0.001112,-0.009859,-0.003245
0.001112,-0.009859,-0.003245
0.001112,-0.009859,-0.003245
0.001112,-0.009859,-0.003245
0.001112,-0.009859,-0.003245
0.001112,-0.009859,-0.003245
0.001112,-0.009859,-0.003245
0.001112,-0.009859,-0.002441
0.001112,-0.009859,-0.002441
0.001112,-0.009859,-0.002441
0.001112,-0.009859,-0.002441
0.001112,-0.009859,-0.002441
0.001112,-0.009859,-0.002441
0.001112,-0.009859,-0.002441
0.001112,-0.009859,-0.002441
0.001112,-0.009859,-0.002441
0.001112,-0.009859,-0.002441
0.001112,-0.009859,-0.002441
0.001112,-0.009859,-0.002441
0.001112,-0.009859,-0.002441
0.001112,-0.009859,-0.001637
0.001112,-0.009859,-0.001637
0.001112,-0.009859,-0.001637
0.001112,-0.009859,-0.001637
0.001112,-0.009859,-0.001637
0.001112,-0.009859,-0.001637
0.001112,-0.009859,-0.001637
0.001112,-0.009859,-0.001637
0.001112,-0.009859,-0.001637
0.001112,-0.009859,-0.001637
0.001112,-0.009859,-0.001637
0.001112,-0.009859,-0.001637
0.001112,-0.009859,-0.001637
0.001113,-0.009859,-0.001637
0.001113,-0.009859,-0.001637
0.001113,-0.009859,-0.001637
0.001113,-0.009859,-0.001637
0.001113,-0.009859,-0.001637
0.001113,-0.009859,-0.002441
0.001113,-0.009859,-0.002441
0.001113,-0.009859,-0.002441
0.001113,-0.009859,-0.002441
0.001113,-0.009859,-0.002441
0.001113,-0.009859,-0.002441
0.001113,-0.009859,-0.002441
0.001113,-0.009859,-0.002441
0.001113,-0.009859,-0.002441
0.001113,-0.009859,-0.002441
0.001113,-0.009859,-0.002441
0.001113,-0.009859,-0.002441
0.001113,-0.009859,-0.002441
0.001113,-0.009859,-0.002441
0.001113,-0.009859,-0.002441
0.001113,-0.009859,-0.002441
0.001113,-0.009859,-0.002441
0.001113,-0.009859,-0.003245
0.001113,-0.009859,-0.002441
0.001113,-0.009859,-0.002441
0.001113,-0.009859,-0.002441
0.001113,-0.009859,-0.002441
0.001113,-0.009859,-0.002441
0.001113,-0.009859,-0.002441
0.001113,-0.009859,-0.002441
0.001113,-0.009859,-0.002441
0.001113,-0.009859,-0.002441
0.001113,-0.009859,-0.002441
0.001113,-0.009859,-0.002441
0.001113,-0.009859,-0.002441
0.001113,-0.009859,-0.002441
0.001113,-0.009859,-0.002441
0.001113,-0.009859,-0.002441
0.001114,-0.009859,-0.002441
0.001114,-0.009859,-0.002441
0.001114,-0.009859,-0.002441
0.001114,-0.009859,-0.002441
0.001114,-0.009859,-0.002441
0.001114,-0.009859,-0.002441
0.001114,-0.009859,-0.002441
0.001114,-0.009859,-0.002441
0.001114,-0.009859,-0.002441
0.001114,-0.009859,-0.002441
0.001114,-0.009859,-0.002441
0.001114,-0.009859,-0.002441
0.001114,-0.009859,-0.002441
0.001114,-0.009859,-0.002441
0.001114,-0.009859,-0.001637
0.001114,-0.009859,-0.001637
0.001114,-0.009859,-0.001637
0.001114,-0.009859,-0.001637
0.001114,-0.009859,-0.001637
0.001114,-0.009859,-0.001637
0.001114,-0.009859,-0.001637
0.001114,-0.009859,-0.001637
0.001114,-0.009859,-0.001637
0.001114,-0.009859,-0.002441
0.001114,-0.009859,-0.002441
0.001114,-0.009859,-0.002441
0.001114,-0.009859,-0.002441
0.001114,-0.009859,-0.002441
0.001114,-0.009859,-0.002441
0.001114,-0.009859,-0.002441
0.001114,-0.009859,-0.002441
0.001114,-0.009859,-0.002441
0.001114,-0.009859,-0.002441
0.001114,-0.009859,-0.002441
0.001114,-0.009859,-0.001637
0.001114,-0.009859,-0.001637
0.001114,-0.009859,-0.001637
0.001114,-0.009859,-0.001637
0.001115,-0.009859,-0.001637
0.001115,-0.009859,-0.001637
0.001115,-0.009859,-0.001637
0.001115,-0.009859,-0.001637
0.001115,-0.009859,-0.001637
0.001115,-0.009859,-0.001637
0.001115,-0.009859,-0.001637
0.001115,-0.009859,-0.001637
0.001115,-0.009859,-0.001637
0.001115,-0.009859,-0.001637
0.001115,-0.009859,-0.001637
0.001115,-0.009859,-0.001637
0.001115,-0.009859,-0.001637
0.001115,-0.009859,-0.001637
0.001115,-0.009859,-0.001637
0.001115,-0.009859,-0.001637
0.001115,-0.009859,-0.001637
0.001115,-0.009859,-0.002441
0.001115,-0.009859,-0.002441
0.001115,-0.009859,-0.002441
0.001115,-0.009859,-0.002441
0.001115,-0.009859,-0.002441
0.001115,-0.009859,-0.002441
0.001115,-0.009859,-0.002441
0.001115,-0.009859,-0.002441
0.001115,-0.009859,-0.002441
0.001115,-0.009859,-0.002441
0.001115,-0.009859,-0.003245
0.001115,-0.009859,-0.003245
0.001115,-0.009859,-0.003245
0.001115,-0.009859,-0.003245
0.001115,-0.009859,-0.003245
0.001115,-0.009859,-0.003245
0.001115,-0.009859,-0.003245
0.001115,-0.009859,-0.003245
0.001115,-0.009859,-0.003245
0.001115,-0.009859,-0.003245
0.001115,-0.009859,-0.003245
0.001115,-0.009859,-0.003245
0.001116,-0.009859,-0.003245
0.001116,-0.009859,-0.003245
0.001116,-0.009859,-0.002441
0.001116,-0.009859,-0.002441
0.001116,-0.009859,-0.002441
0.001116,-0.009859,-0.002441
0.001116,-0.009859,-0.002441
0.001116,-0.009859,-0.002441
0.001116,-0.009859,-0.002441
0.001116,-0.009859,-0.002441
0.001116,-0.009859,-0.001637
0.001116,-0.009859,-0.001637
0.001116,-0.009859,-0.001637
0.001116,-0.009859,-0.001637
0.001116,-0.009859,-0.001637
0.001116,-0.009859,-0.001637
0.001116,-0.009859,-0.001637
0.001116,-0.009859,-0.001637
0.001116,-0.009859,-0.001637
0.001116,-0.009859,-0.001637
0.001116,-0.009859,-0.001637
0.001116,-0.009859,-0.000833
0.001116,-0.009859,-0.000833
0.001116,-0.009859,-0.000833
0.001116,-0.009859,-0.000833
0.001116,-0.009859,-0.000833
0.001116,-0.009859,-0.000833
0.001116,-0.009859,-0.000833
0.001116,-0.009859,-0.000833
0.001116,-0.009859,-0.000833
0.001116,-0.009859,-0.000833
0.001116,-0.009859,-0.000833
0.001116,-0.009859,-0.000833
0.001116,-0.009859,-0.000833
0.001116,-0.009859,-0.000833
0.001116,-0.009859,-0.000833
0.001116,-0.009859,-0.000833
0.001116,-0.009859,-0.001637
0.001117,-0.009859,-0.001637
0.001117,-0.009859,-0.001637
0.001117,-0.009859,-0.001637
0.001117,-0.009859,-0.001637
0.001117,-0.009859,-0.001637
0.001117,-0.009859,-0.001637
0.001117,-0.009859,-0.001637
0.001117,-0.009859,-0.001637
0.001117,-0.009859,-0.002441
0.001117,-0.009859,-0.002441
0.001117,-0.009859,-0.002441
0.001117,-0.009859,-0.002441
0.001117,-0.009859,-0.002441
0.001117,-0.009859,-0.002441
0.001117,-0.009859,-0.002441
0.001117,-0.009859,-0.002441
0.001117,-0.009859,-0.002441
0.001117,-0.009859,-0.002441
0.001117,-0.009859,-0.002441
0.001117,-0.009859,-0.002441
0.001117,-0.009859,-0.002441
0.001117,-0.009859,-0.002441
0.001117,-0.009859,-0.002441
0.001117,-0.009859,-0.002441
0.001117,-0.009859,-0.002441
0.001117,-0.009859,-0.002441
0.001117,-0.009859,-0.002441
0.001117,-0.009859,-0.002441
0.001117,-0.009859,-0.002441
0.001117,-0.009859,-0.002441
0.001117,-0.009859,-0.002441
0.001117,-0.009859,-0.002441
0.001117,-0.009859,-0.002441
0.001117,-0.009859,-0.002441
0.001117,-0.009859,-0.002441
0.001117,-0.009859,-0.002441
0.001117,-0.009859,-0.002441
0.001117,-0.009859,-0.002441
0.001117,-0.009859,-0.002441
0.001118,-0.009859,-0.002441
0.001118,-0.009859,-0.001637
0.001118,-0.009859,-0.001637
0.001118,-0.009859,-0.001637
0.001118,-0.009859,-0.001637
0.001118,-0.009859,-0.001637
0.001118,-0.009859,-0.001637
0.001118,-0.009859,-0.001637
0.001118,-0.009859,-0.001637
0.001118,-0.009859,-0.001637
0.001118,-0.009859,-0.001637
0.001118,-0.009859,-0.001637
0.001118,-0.009859,-0.001637
0.001118,-0.009859,-0.001637
0.001118,-0.009859,-0.001637
0.001118,-0.009859,-0.001637
0.001118,-0.009859,-0.001637
0.001118,-0.009859,-0.001637
0.001118,-0.009859,-0.001637
0.001118,-0.009859,-0.001637
0.001118,-0.009859,-0.001637
0.001118,-0.009859,-0.001637
0.001118,-0.009859,-0.001637
0.001118,-0.009859,-0.001637
0.001118,-0.009859,-0.001637
0.001118,-0.009859,-0.001637
0.001118,-0.009859,-0.001637
0.001118,-0.009859,-0.001637
0.001118,-0.009859,-0.001637
0.001118,-0.009859,-0.001637
0.001118,-0.009859,-0.001637
0.001118,-0.009859,-0.001637
0.001118,-0.009859,-0.001637
0.001118,-0.009859,-0.001637
0.001118,-0.009859,-0.001637
0.001118,-0.009859,-0.001637
0.001118,-0.009859,-0.001637
0.001118,-0.009859,-0.001637
0.001119,-0.009859,-0.001637
0.001119,-0.009859,-0.001637
0.001119,-0.009859,-0.001637
0.001119,-0.009859,-0.001637
0.001119,-0.009859,-0.001637
0.001119,-0.009859,-0.001637
0.001119,-0.009859,-0.001637
0.001119,-0.009859,-0.001637
0.001119,-0.009859,-0.001637
0.001119,-0.009859,-0.001637
0.001119,-0.009859,-0.001637
0.001119,-0.009859,-0.001637
0.001119,-0.009859,-0.001637
0.001119,-0.009859,-0.001637
0.001119,-0.009859,-0.001637
0.001119,-0.009859,-0.001637
0.001119,-0.009859,-0.001637
0.001119,-0.009859,-0.001637
0.001119,-0.009859,-0.001637
0.001119,-0.009859,-0.001637
0.001119,-0.009859,-0.001637
0.001119,-0.009859,-0.001637
0.001119,-0.009859,-0.001637
0.001119,-0.009859,-0.001637
0.001119,-0.009859,-0.001637
0.001119,-0.009859,-0.001637
0.001119,-0.009859,-0.001637
0.001119,-0.009859,-0.001637
0.001119,-0.009859,-0.001637
0.001119,-0.009859,-0.001637
0.001119,-0.009859,-0.001637
0.001119,-0.009859,-0.001637
0.001119,-0.009859,-0.002441
0.001119,-0.009859,-0.002441
0.001119,-0.009859,-0.002441
0.001119,-0.009859,-0.002441
0.001119,-0.009859,-0.002441
0.001119,-0.009859,-0.001637
0.001120,-0.009859,-0.001637
0.001120,-0.009859,-0.001637
0.001120,-0.009859,-0.001637
0.001120,-0.009859,-0.001637
0.001120,-0.009859,-0.001637
0.001120,-0.009859,-0.001637
0.001120,-0.009859,-0.001637
0.001120,-0.009859,-0.001637
0.001120,-0.009859,-0.001637
0.001120,-0.009859,-0.001637
0.001120,-0.009859,-0.001637
0.001120,-0.009859,-0.001637
0.001120,-0.009859,-0.001637
0.001120,-0.009859,-0.001637
0.001120,-0.009859,-0.001637
0.001120,-0.009859,-0.001637
0.001120,-0.009859,-0.001637
0.001120,-0.009859,-0.001637
0.001120,-0.009859,-0.001637
0.001120,-0.009859,-0.001637
0.001120,-0.009859,-0.001637
0.001120,-0.009859,-0.001637
0.001120,-0.009859,-0.000833
0.001120,-0.009859,-0.000833
0.001120,-0.009859,-0.000833
0.001120,-0.009859,-0.000833
0.001120,-0.009859,-0.000833
0.001120,-0.009859,-0.000833
0.001120,-0.009859,-0.001637
0.001120,-0.009859,-0.001637
0.001120,-0.009859,-0.001637
0.001120,-0.009859,-0.001637
0.001120,-0.009859,-0.001637
0.001120,-0.009859,-0.001637
0.001120,-0.009859,-0.001637
0.001120,-0.009859,-0.001637
0.001120,-0.009859,-0.001637
0.001120,-0.009859,-0.001637
0.001120,-0.009859,-0.001637
0.001121,-0.009859,-0.001637
0.001121,-0.009859,-0.001637
0.001121,-0.009859,-0.002441
0.001121,-0.009859,-0.002441
0.001121,-0.009859,-0.002441
0.001121,-0.009859,-0.002441
0.001121,-0.009859,-0.002441
0.001121,-0.009859,-0.002441
0.001121,-0.009859,-0.002441
0.001121,-0.009859,-0.002441
0.001121,-0.009859,-0.002441
0.001121,-0.009859,-0.002441
0.001121,-0.009859,-0.002441
0.001121,-0.009859,-0.002441
0.001121,-0.009859,-0.002441
0.001121,-0.009859,-0.002441
0.001121,-0.009859,-0.002441
0.001121,-0.009859,-0.002441
0.001121,-0.009859,-0.002441
0.001121,-0.009859,-0.002441
0.001121,-0.009859,-0.002441
0.001121,-0.009859,-0.002441
0.001121,-0.009859,-0.002441
0.001121,-0.009859,-0.002441
0.001121,-0.009859,-0.002441
0.001121,-0.009859,-0.002441
0.001121,-0.009859,-0.002441
0.001121,-0.009859,-0.002441
0.001121,-0.009859,-0.001637
0.001121,-0.009859,-0.001637
0.001121,-0.009859,-0.001637
0.001121,-0.009859,-0.001637
0.001121,-0.009859,-0.001637
0.001121,-0.009859,-0.001637
0.001121,-0.009859,-0.001637
0.001121,-0.009859,-0.001637
0.001121,-0.009859,-0.001637
0.001121,-0.009859,-0.001637
0.001122,-0.009859,-0.001637
0.001122,-0.009859,-0.001637
0.001122,-0.009859,-0.001637
0.001122,-0.009859,-0.001637
0.001122,-0.009859,-0.001637
0.001122,-0.009859,-0.001637
0.001122,-0.009859,-0.001637
0.001122,-0.009859,-0.001637
0.001122,-0.009859,-0.001637
0.001122,-0.009859,-0.001637
0.001122,-0.009859,-0.001637
0.001122,-0.009859,-0.001637
0.001122,-0.009859,-0.001637
0.001122,-0.009859,-0.001637
0.001122,-0.009859,-0.001637
0.001122,-0.009859,-0.001637
0.001122,-0.009859,-0.001637
0.001122,-0.009859,-0.001637
0.001122,-0.009859,-0.001637
0.001122,-0.009859,-0.001637
0.001122,-0.009859,-0.001637
0.001122,-0.009859,-0.001637
0.001122,-0.009859,-0.001637
0.001122,-0.009859,-0.002441
0.001122,-0.009859,-0.002441
0.001122,-0.009859,-0.002441
0.001122,-0.009859,-0.002441
0.001122,-0.009859,-0.001637
0.001122,-0.009859,-0.001637
0.001122,-0.009859,-0.001637
0.001122,-0.009859,-0.001637
0.001122,-0.009859,-0.001637
0.001122,-0.009859,-0.001637
0.001122,-0.009859,-0.002441
0.001122,-0.009859,-0.002441
0.001122,-0.009859,-0.001637
0.001122,-0.009859,-0.001637
0.001122,-0.009859,-0.001637
0.001122,-0.009859,-0.001637
0.001123,-0.009859,-0.001637
0.001123,-0.009859,-0.001637
0.001123,-0.009859,-0.001637
0.001123,-0.009859,-0.001637
0.001123,-0.009859,-0.001637
0.001123,-0.009859,-0.001637
0.001123,-0.009859,-0.001637
0.001123,-0.009859,-0.001637
0.001123,-0.009859,-0.001637
0.001123,-0.009859,-0.001637
0.001123,-0.009859,-0.001637
0.001123,-0.009859,-0.001637
0.001123,-0.009859,-0.001637
0.001123,-0.009859,-0.002441
0.001123,-0.009859,-0.002441
0.001123,-0.009859,-0.002441
0.001123,-0.009859,-0.002441
0.001123,-0.009859,-0.002441
0.001123,-0.009859,-0.002441
0.001123,-0.009859,-0.002441
0.001123,-0.009859,-0.001637
0.001123,-0.009859,-0.001637
0.001123,-0.009859,-0.001637
0.001123,-0.009859,-0.001637
0.001123,-0.009859,-0.001637
0.001123,-0.009859,-0.001637
0.001123,-0.009859,-0.001637
0.001123,-0.009859,-0.001637
0.001123,-0.009859,-0.001637
0.001123,-0.009859,-0.001637
0.001123,-0.009859,-0.001637
0.001123,-0.009859,-0.001637
0.001123,-0.009859,-0.001637
0.001123,-0.009859,-0.001637
0.001123,-0.009859,-0.001637
0.001123,-0.009859,-0.001637
0.001123,-0.009859,-0.001637
0.001123,-0.009859,-0.001637
0.001124,-0.009859,-0.001637
0.001124,-0.009859,-0.001637
0.001124,-0.009859,-0.001637
0.001124,-0.009859,-0.001637
0.001124,-0.009859,-0.001637
0.001124,-0.009859,-0.001637
0.001124,-0.009859,-0.001637
0.001124,-0.009859,-0.001637
0.001124,-0.009859,-0.001637
0.001124,-0.009859,-0.001637
0.001124,-0.009859,-0.001637
0.001124,-0.009859,-0.001637
0.001124,-0.009859,-0.001637
0.001124,-0.009859,-0.001637
0.001124,-0.009859,-0.002441
0.001124,-0.009859,-0.002441
0.001124,-0.009859,-0.002441
0.001124,-0.009859,-0.002441
0.001124,-0.009859,-0.002441
0.001124,-0.009859,-0.002441
0.001124,-0.009859,-0.002441
0.001124,-0.009859,-0.002441
0.001124,-0.009859,-0.002441
0.001124,-0.009859,-0.002441
0.001124,-0.009859,-0.002441
0.001124,-0.009859,-0.002441
0.001124,-0.009859,-0.002441
0.001124,-0.009859,-0.002441
0.001124,-0.009859,-0.002441
0.001124,-0.009859,-0.002441
0.001124,-0.009859,-0.003245
0.001124,-0.009859,-0.003245
0.001124,-0.009859,-0.003245
0.001124,-0.009859,-0.003245
0.001124,-0.009859,-0.003245
0.001124,-0.009859,-0.002441
0.001124,-0.009859,-0.002441
0.001124,-0.009859,-0.002441
0.001125,-0.009859,-0.002441
0.001125,-0.009859,-0.002441
0.001125,-0.009859,-0.002441
0.001125,-0.009859,-0.002441
0.001125,-0.009859,-0.002441
0.001125,-0.009859,-0.001637
0.001125,-0.009859,-0.001637
0.001125,-0.009859,-0.001637
0.001125,-0.009859,-0.001637
0.001125,-0.009859,-0.001637
0.001125,-0.009859,-0.001637
0.001125,-0.009859,-0.001637
0.001125,-0.009859,-0.001637
0.001125,-0.009859,-0.001637
0.001125,-0.009859,-0.001637
0.001125,-0.009859,-0.001637
0.001125,-0.009859,-0.001637
0.001125,-0.009859,-0.001637
0.001125,-0.009859,-0.001637
0.001125,-0.009859,-0.001637
0.001125,-0.009859,-0.001637
0.001125,-0.009859,-0.001637
0.001125,-0.009859,-0.001637
0.001125,-0.009859,-0.001637
0.001125,-0.009859,-0.001637
0.001125,-0.009859,-0.001637
0.001125,-0.009859,-0.001637
0.001125,-0.009859,-0.001637
0.001125,-0.009859,-0.001637
0.001125,-0.009859,-0.001637
0.001125,-0.009859,-0.001637
0.001125,-0.009859,-0.001637
0.001125,-0.009859,-0.001637
0.001125,-0.009859,-0.001637
0.001125,-0.009859,-0.001637
0.001125,-0.009859,-0.001637
0.001125,-0.009859,-0.001637
0.001125,-0.009859,-0.001637
0.001125,-0.009859,-0.001637
0.001126,-0.009859,-0.001637
0.001126,-0.009859,-0.001637
0.001126,-0.009859,-0.001637
0.001126,-0.009859,-0.001637
0.001126,-0.009859,-0.001637
0.001126,-0.009859,-0.001637
0.001126,-0.009859,-0.001637
0.001126,-0.009859,-0.001637
0.001126,-0.009859,-0.001637
0.001126,-0.009859,-0.001637
0.001126,-0.009859,-0.001637
0.001126,-0.009859,-0.001637
0.001126,-0.009859,-0.001637
0.001126,-0.009859,-0.001637
0.001126,-0.009859,-0.001637
0.001126,-0.009859,-0.002441
0.001126,-0.009859,-0.002441
0.001126,-0.009859,-0.002441
0.001126,-0.009859,-0.002441
0.001126,-0.009859,-0.002441
0.001126,-0.009859,-0.002441
0.001126,-0.050060,-0.002441
0.001126,-0.009859,-0.002441
0.001126,-0.050060,-0.002441
0.001126,-0.009859,-0.002441
0.001126,-0.050060,-0.002441
0.001126,-0.009859,-0.002441
0.001126,-0.050060,-0.002441
0.001126,-0.009859,-0.002441
0.001126,-0.009859,-0.002441
0.001126,-0.009859,-0.002441
0.001126,-0.050060,-0.002441
0.001126,-0.050060,-0.002441
0.001126,-0.009859,-0.002441
0.001126,-0.050060,-0.002441
0.001126,-0.009859,-0.002441
0.001126,-0.009859,-0.002441
0.001126,-0.009859,-0.002441
0.001127,-0.009859,-0.002441
0.001127,-0.009859,-0.002441
0.001127,-0.050060,-0.002441
0.001127,-0.009859,-0.002441
0.001127,-0.009859,-0.002441
0.001127,-0.050060,-0.002441
0.001127,-0.009859,-0.002441
0.001127,-0.009859,-0.002441
0.001127,-0.009859,-0.001637
0.001127,-0.009859,-0.001637
0.001127,-0.009859,-0.001637
0.001127,-0.050060,-0.001637
0.001127,-0.009859,-0.001637
0.001127,-0.009859,-0.001637
0.001127,-0.009859,-0.001637
0.001127,-0.009859,-0.001637
0.001127,-0.009859,-0.001637
0.001127,-0.009859,-0.001637
0.001127,-0.009859,-0.001637
0.001127,-0.050060,-0.001637
0.001127,-0.009859,-0.001637
0.001127,-0.009859,-0.001637
0.001127,-0.009859,-0.001637
0.001127,-0.050060,-0.001637
0.001127,-0.009859,-0.001637
0.001127,-0.050060,-0.001637
0.001127,-0.009859,-0.001637
0.001127,-0.009859,-0.001637
0.001127,-0.050060,-0.001637
0.001127,-0.050060,-0.001637
0.001127,-0.050060,-0.001637
0.001127,-0.009859,-0.001637
0.001127,-0.050060,-0.001637
0.001127,-0.050060,-0.001637
0.001127,-0.050060,-0.001637
0.001127,-0.009859,-0.001637
0.001127,-0.050060,-0.001637
0.001127,-0.009859,-0.001637
0.001127,-0.050060,-0.001637
0.001128,-0.050060,-0.001637
0.001128,-0.009859,-0.001637
0.001128,-0.050060,-0.001637
0.001128,-0.050060,-0.001637
0.001128,-0.050060,-0.000833
0.001128,-0.050060,-0.001637
0.001128,-0.050060,-0.000833
0.001128,-0.009859,-0.000833
0.001128,-0.050060,-0.000833
0.001128,-0.050060,-0.000833
0.001128,-0.050060,-0.000833
0.001128,-0.050060,-0.000833
0.001128,-0.050060,-0.000833
0.001128,-0.050060,-0.001637
0.001128,-0.050060,-0.001637
0.001128,-0.050060,-0.001637
0.001128,-0.050060,-0.001637
0.001128,-0.050060,-0.001637
0.001128,-0.050060,-0.001637
0.001128,-0.050060,-0.001637
0.001128,-0.050060,-0.001637
0.001128,-0.050060,-0.001637
0.001128,-0.050060,-0.001637
0.001128,-0.050060,-0.001637
0.001128,-0.050060,-0.002441
0.001128,-0.050060,-0.002441
0.001128,-0.050060,-0.002441
0.001128,-0.050060,-0.002441
0.001128,-0.050060,-0.002441
0.001128,-0.050060,-0.002441
0.001128,-0.050060,-0.002441
0.001128,-0.050060,-0.001637
0.001128,-0.050060,-0.001637
0.001128,-0.050060,-0.001637
0.001128,-0.050060,-0.001637
0.001128,-0.050060,-0.001637
0.001128,-0.050060,-0.001637
0.001128,-0.050060,-0.001637
0.001129,-0.050060,-0.001637
0.001129,-0.050060,-0.001637
0.001129,-0.050060,-0.001637
0.001129,-0.050060,-0.001637
0.001129,-0.050060,-0.001637
0.001129,-0.050060,-0.001637
0.001129,-0.050060,-0.001637
0.001129,-0.050060,-0.001637
0.001129,-0.050060,-0.001637
0.001129,-0.050060,-0.001637
0.001129,-0.050060,-0.001637
0.001129,-0.050060,-0.001637
0.001129,-0.050060,-0.001637
0.001129,-0.050060,-0.001637
0.001129,-0.050060,-0.001637
0.001129,-0.050060,-0.001637
0.001129,-0.050060,-0.001637
0.001129,-0.050060,-0.001637
0.001129,-0.050060,-0.001637
0.001129,-0.050060,-0.001637
0.001129,-0.050060,-0.001637
0.001129,-0.050060,-0.001637
0.001129,-0.050060,-0.001637
0.001129,-0.050060,-0.001637
0.001129,-0.050060,-0.001637
0.001129,-0.050060,-0.001637
0.001129,-0.050060,-0.001637
0.001129,-0.050060,-0.001637
0.001129,-0.050060,-0.001637
0.001129,-0.050060,-0.001637
0.001129,-0.050060,-0.001637
0.001129,-0.050060,-0.001637
0.001129,-0.050060,-0.001637
0.001129,-0.050060,-0.001637
0.001129,-0.050060,-0.001637
0.001129,-0.050060,-0.001637
0.001129,-0.050060,-0.001637
0.001129,-0.050060,-0.001637
0.001130,-0.050060,-0.001637
0.001130,-0.050060,-0.001637
0.001130,-0.050060,-0.001637
0.001130,-0.050060,-0.001637
0.001130,-0.050060,-0.001637
0.001130,-0.050060,-0.001637
0.001130,-0.050060,-0.001637
0.001130,-0.050060,-0.001637
0.001130,-0.050060,-0.001637
0.001130,-0.050060,-0.001637
0.001130,-0.050060,-0.001637
0.001130,-0.050060,-0.001637
0.001130,-0.050060,-0.001637
0.001130,-0.050060,-0.001637
0.001130,-0.050060,-0.001637
0.001130,-0.050060,-0.001637
0.001130,-0.050060,-0.001637
0.001130,-0.050060,-0.000833
0.001130,-0.050060,-0.000833
0.001130,-0.050060,-0.000833
0.001130,-0.050060,-0.000833
0.001130,-0.050060,-0.000833
0.001130,-0.050060,-0.000833
0.001130,-0.050060,-0.000833
0.001130,-0.050060,-0.000833
0.001130,-0.050060,-0.000833
0.001130,-0.050060,-0.000833
0.001130,-0.050060,-0.000833
0.001130,-0.050060,-0.001637
0.001130,-0.050060,-0.001637
0.001130,-0.050060,-0.001637
0.001130,-0.050060,-0.001637
0.001130,-0.050060,-0.001637
0.001130,-0.050060,-0.001637
0.001130,-0.050060,-0.001637
0.001130,-0.050060,-0.001637
0.001130,-0.050060,-0.001637
0.001130,-0.050060,-0.001637
0.001130,-0.050060,-0.001637
0.001131,-0.050060,-0.001637
0.001131,-0.050060,-0.001637
0.001131,-0.050060,-0.001637
0.001131,-0.050060,-0.001637
0.001131,-0.050060,-0.001637
0.001131,-0.050060,-0.001637
0.001131,-0.050060,-0.001637
0.001131,-0.050060,-0.001637
0.001131,-0.050060,-0.001637
0.001131,-0.050060,-0.001637
0.001131,-0.050060,-0.001637
0.001131,-0.050060,-0.001637
0.001131,-0.050060,-0.002441
0.001131,-0.050060,-0.002441
0.001131,-0.050060,-0.002441
0.001131,-0.050060,-0.002441
0.001131,-0.050060,-0.002441
0.001131,-0.050060,-0.002441
0.001131,-0.050060,-0.002441
0.001131,-0.050060,-0.002441
0.001131,-0.050060,-0.001637
0.001131,-0.050060,-0.001637
0.001131,-0.050060,-0.001637
0.001131,-0.050060,-0.001637
0.001131,-0.050060,-0.001637
0.001131,-0.050060,-0.001637
0.001131,-0.050060,-0.001637
0.001131,-0.050060,-0.001637
0.001131,-0.050060,-0.001637
0.001131,-0.050060,-0.001637
0.001131,-0.050060,-0.001637
0.001131,-0.050060,-0.001637
0.001131,-0.050060,-0.001637
0.001131,-0.050060,-0.001637
0.001131,-0.050060,-0.001637
0.001131,-0.050060,-0.000833
0.001131,-0.050060,-0.000833
0.001131,-0.050060,-0.000833
0.001132,-0.050060,-0.000833
0.001132,-0.050060,-0.000833
0.001132,-0.050060,-0.000833
0.001132,-0.050060,-0.000833
0.001132,-0.050060,-0.000833
0.001132,-0.050060,-0.000833
0.001132,-0.050060,-0.000833
0.001132,-0.050060,-0.000833
0.001132,-0.050060,-0.000833
0.001132,-0.050060,-0.000833
0.001132,-0.050060,-0.000833
0.001132,-0.050060,-0.000833
0.001132,-0.050060,-0.000833
0.001132,-0.050060,-0.000833
0.001132,-0.050060,-0.000833
0.001132,-0.050060,-0.000833
0.001132,-0.050060,-0.000833
0.001132,-0.050060,-0.000833
0.001132,-0.050060,-0.000833
0.001132,-0.050060,-0.000833
0.001132,-0.050060,-0.000833
0.001132,-0.050060,-0.000833
0.001132,-0.050060,-0.000833
0.001132,-0.050060,-0.001637
0.001132,-0.050060,-0.001637
0.001132,-0.050060,-0.001637
0.001132,-0.050060,-0.001637
0.001132,-0.050060,-0.001637
0.001132,-0.050060,-0.001637
0.001132,-0.050060,-0.001637
0.001132,-0.050060,-0.001637
0.001132,-0.050060,-0.001637
0.001132,-0.050060,-0.001637
0.001132,-0.050060,-0.001637
0.001132,-0.050060,-0.001637
0.001132,-0.050060,-0.001637
0.001132,-0.050060,-0.001637
0.001132,-0.050060,-0.001637
0.001132,-0.050060,-0.001637
0.001133,-0.050060,-0.001637
0.001133,-0.050060,-0.001637
0.001133,-0.050060,-0.001637
0.001133,-0.050060,-0.001637
0.001133,-0.050060,-0.001637
0.001133,-0.050060,-0.001637
0.001133,-0.050060,-0.001637
0.001133,-0.050060,-0.001637
0.001133,-0.050060,-0.001637
0.001133,-0.050060,-0.001637
0.001133,-0.050060,-0.001637
0.001133,-0.050060,-0.001637
0.001133,-0.050060,-0.001637
0.001133,-0.050060,-0.001637
0.001133,-0.050060,-0.001637
0.001133,-0.050060,-0.001637
0.001133,-0.050060,-0.001637
0.001133,-0.050060,-0.001637
0.001133,-0.050060,-0.001637
0.001133,-0.050060,-0.001637
0.001133,-0.050060,-0.001637
0.001133,-0.050060,-0.001637
0.001133,-0.050060,-0.001637
0.001133,-0.050060,-0.001637
0.001133,-0.050060,-0.001637
0.001133,-0.050060,-0.001637
0.001133,-0.050060,-0.001637
0.001133,-0.050060,-0.001637
0.001133,-0.050060,-0.001637
0.001133,-0.050060,-0.001637
0.001133,-0.050060,-0.001637
0.001133,-0.050060,-0.001637
0.001133,-0.050060,-0.002441
0.001133,-0.050060,-0.001637
0.001133,-0.050060,-0.001637
0.001133,-0.050060,-0.001637
0.001133,-0.050060,-0.002441
0.001133,-0.050060,-0.002441
0.001134,-0.050060,-0.002441
0.001134,-0.050060,-0.002441
0.001134,-0.050060,-0.002441
0.001134,-0.050060,-0.001637
0.001134,-0.050060,-0.001637
0.001134,-0.050060,-0.001637
0.001134,-0.050060,-0.001637
0.001134,-0.050060,-0.001637
0.001134,-0.050060,-0.001637
0.001134,-0.050060,-0.001637
0.001134,-0.050060,-0.001637
0.001134,-0.050060,-0.001637
0.001134,-0.050060,-0.001637
0.001134,-0.050060,-0.001637
0.001134,-0.050060,-0.001637
0.001134,-0.050060,-0.001637
0.001134,-0.050060,-0.001637
0.001134,-0.050060,-0.001637
0.001134,-0.050060,-0.001637
0.001134,-0.050060,-0.001637
0.001134,-0.050060,-0.000833
0.001134,-0.050060,-0.001637
0.001134,-0.050060,-0.001637
0.001134,-0.050060,-0.001637
0.001134,-0.050060,-0.001637
0.001134,-0.050060,-0.000833
0.001134,-0.050060,-0.000833
0.001134,-0.050060,-0.000833
0.001134,-0.050060,-0.000833
0.001134,-0.050060,-0.000833
0.001134,-0.050060,-0.000833
0.001134,-0.050060,-0.000833
0.001134,-0.050060,-0.000833
0.001134,-0.050060,-0.000833
0.001134,-0.050060,-0.000833
0.001134,-0.050060,-0.000833
0.001134,-0.050060,-0.000833
0.001134,-0.050060,-0.000833
0.001135,-0.050060,-0.000833
0.001135,-0.050060,-0.000833
0.001135,-0.050060,-0.000833
0.001135,-0.050060,-0.000833
0.001135,-0.050060,-0.001637
0.001135,-0.050060,-0.001637
0.001135,-0.050060,-0.001637
0.001135,-0.050060,-0.001637
0.001135,-0.050060,-0.001637
0.001135,-0.050060,-0.001637
0.001135,-0.050060,-0.001637
0.001135,-0.050060,-0.002441
0.001135,-0.050060,-0.002441
0.001135,-0.050060,-0.002441
0.001135,-0.050060,-0.002441
0.001135,-0.050060,-0.002441
0.001135,-0.050060,-0.002441
0.001135,-0.050060,-0.002441
0.001135,-0.050060,-0.001637
0.001135,-0.050060,-0.001637
0.001135,-0.050060,-0.001637
0.001135,-0.050060,-0.001637
0.001135,-0.050060,-0.001637
0.001135,-0.050060,-0.001637
0.001135,-0.050060,-0.001637
0.001135,-0.050060,-0.001637
0.001135,-0.050060,-0.001637
0.001135,-0.050060,-0.001637
0.001135,-0.050060,-0.001637
0.001135,-0.050060,-0.001637
0.001135,-0.050060,-0.001637
0.001135,-0.050060,-0.001637
0.001135,-0.050060,-0.001637
0.001135,-0.050060,-0.001637
0.001135,-0.050060,-0.001637
0.001135,-0.050060,-0.001637
0.001135,-0.050060,-0.001637
0.001135,-0.050060,-0.001637
0.001135,-0.050060,-0.001637
0.001136,-0.050060,-0.001637
0.001136,-0.050060,-0.001637
0.001136,-0.050060,-0.001637
0.001136,-0.050060,-0.001637
0.001136,-0.050060,-0.001637
0.001136,-0.050060,-0.001637
0.001136,-0.050060,-0.001637
0.001136,-0.050060,-0.001637
0.001136,-0.050060,-0.001637
0.001136,-0.050060,-0.001637
0.001136,-0.050060,-0.000833
0.001136,-0.050060,-0.000833
0.001136,-0.050060,-0.000833
0.001136,-0.050060,-0.000833
0.001136,-0.050060,-0.000833
0.001136,-0.050060,-0.000833
0.001136,-0.050060,-0.000833
0.001136,-0.050060,-0.000833
0.001136,-0.050060,-0.000833
0.001136,-0.050060,-0.000833
0.001136,-0.050060,-0.000833
0.001136,-0.050060,-0.000833
0.001136,-0.050060,-0.000833
0.001136,-0.050060,-0.000833
0.001136,-0.050060,-0.001637
0.001136,-0.050060,-0.001637
0.001136,-0.050060,-0.001637
0.001136,-0.050060,-0.001637
0.001136,-0.050060,-0.001637
0.001136,-0.050060,-0.001637
0.001136,-0.050060,-0.001637
0.001136,-0.050060,-0.001637
0.001136,-0.050060,-0.001637
0.001136,-0.050060,-0.001637
0.001136,-0.050060,-0.001637
0.001136,-0.050060,-0.001637
0.001136,-0.050060,-0.001637
0.001136,-0.050060,-0.001637
0.001137,-0.050060,-0.001637
0.001137,-0.050060,-0.001637
0.001137,-0.050060,-0.001637
0.001137,-0.050060,-0.001637
0.001137,-0.050060,-0.001637
0.001137,-0.050060,-0.001637
0.001137,-0.050060,-0.001637
0.001137,-0.050060,-0.001637
0.001137,-0.050060,-0.001637
0.001137,-0.050060,-0.001637
0.001137,-0.050060,-0.001637
0.001137,-0.050060,-0.001637
0.001137,-0.050060,-0.001637
0.001137,-0.050060,-0.001637
0.001137,-0.050060,-0.001637
0.001137,-0.050060,-0.001637
0.001137,-0.050060,-0.001637
0.001137,-0.050060,-0.001637
0.001137,-0.050060,-0.001637
0.001137,-0.050060,-0.001637
0.001137,-0.050060,-0.001637
0.001137,-0.050060,-0.001637
0.001137,-0.050060,-0.001637
0.001137,-0.050060,-0.001637
0.001137,-0.050060,-0.001637
0.001137,-0.050060,-0.001637
0.001137,-0.050060,-0.001637
0.001137,-0.050060,-0.001637
0.001137,-0.050060,-0.001637
0.001137,-0.050060,-0.001637
0.001137,-0.050060,-0.001637
0.001137,-0.050060,-0.001637
0.001137,-0.050060,-0.001637
0.001137,-0.050060,-0.001637
0.001137,-0.050060,-0.001637
0.001137,-0.050060,-0.001637
0.001137,-0.050060,-0.001637
0.001137,-0.050060,-0.001637
0.001137,-0.050060,-0.001637
0.001138,-0.050060,-0.001637
0.001138,-0.050060,-0.001637
0.001138,-0.050060,-0.001637
0.001138,-0.050060,-0.001637
0.001138,-0.050060,-0.001637
0.001138,-0.050060,-0.001637
0.001138,-0.050060,-0.001637
0.001138,-0.050060,-0.001637
0.001138,-0.050060,-0.001637
0.001138,-0.050060,-0.001637
0.001138,-0.050060,-0.001637
0.001138,-0.050060,-0.001637
0.001138,-0.050060,-0.001637
0.001138,-0.050060,-0.001637
0.001138,-0.050060,-0.001637
0.001138,-0.050060,-0.001637
0.001138,-0.050060,-0.001637
0.001138,-0.050060,-0.001637
0.001138,-0.050060,-0.001637
0.001138,-0.050060,-0.001637
0.001138,-0.050060,-0.001637
0.001138,-0.050060,-0.001637
0.001138,-0.050060,-0.001637
0.001138,-0.050060,-0.001637
0.001138,-0.050060,-0.001637
0.001138,-0.050060,-0.001637
0.001138,-0.050060,-0.001637
0.001138,-0.050060,-0.001637
0.001138,-0.050060,-0.001637
0.001138,-0.050060,-0.000833
0.001138,-0.050060,-0.000833
0.001138,-0.050060,-0.000833
0.001138,-0.050060,-0.000833
0.001138,-0.050060,-0.000833
0.001138,-0.050060,-0.000833
0.001138,-0.050060,-0.000833
0.001138,-0.050060,-0.000833
0.001138,-0.050060,-0.000833
0.001139,-0.050060,-0.000833
0.001139,-0.050060,-0.000833
0.001139,-0.050060,-0.000833
0.001139,-0.050060,-0.000833
0.001139,-0.050060,-0.000833
0.001139,-0.050060,-0.000833
0.001139,-0.050060,-0.000833
0.001139,-0.050060,-0.000833
0.001139,-0.050060,-0.000833
0.001139,-0.050060,-0.000833
0.001139,-0.050060,-0.000833
0.001139,-0.050060,-0.000833
0.001139,-0.050060,-0.000833
0.001139,-0.050060,-0.000833
0.001139,-0.050060,-0.000833
0.001139,-0.050060,-0.000833
0.001139,-0.050060,-0.000833
0.001139,-0.050060,-0.000833
0.001139,-0.050060,-0.000833
0.001139,-0.050060,-0.000833
0.001139,-0.050060,-0.000833
0.001139,-0.050060,-0.000833
0.001139,-0.050060,-0.000833
0.001139,-0.050060,-0.001637
0.001139,-0.050060,-0.001637
0.001139,-0.050060,-0.001637
0.001139,-0.050060,-0.001637
0.001139,-0.050060,-0.001637
0.001139,-0.050060,-0.001637
0.001139,-0.050060,-0.001637
0.001139,-0.050060,-0.001637
0.001139,-0.050060,-0.001637
0.001139,-0.050060,-0.001637
0.001139,-0.050060,-0.001637
0.001139,-0.050060,-0.001637
0.001139,-0.050060,-0.001637
0.001139,-0.050060,-0.001637
0.001139,-0.050060,-0.001637
0.001140,-0.050060,-0.001637
0.001140,-0.050060,-0.001637
0.001140,-0.050060,-0.001637
0.001140,-0.050060,-0.001637
0.001140,-0.050060,-0.001637
0.001140,-0.050060,-0.001637
0.001140,-0.050060,-0.001637
0.001140,-0.050060,-0.001637
0.001140,-0.050060,-0.001637
0.001140,-0.050060,-0.001637
0.001140,-0.050060,-0.002441
0.001140,-0.050060,-0.002441
0.001140,-0.050060,-0.002441
0.001140,-0.050060,-0.002441
0.001140,-0.050060,-0.002441
0.001140,-0.050060,-0.002441
0.001140,-0.050060,-0.002441
0.001140,-0.050060,-0.002441
0.001140,-0.050060,-0.002441
0.001140,-0.050060,-0.001637
0.001140,-0.050060,-0.001637
0.001140,-0.050060,-0.001637
0.001140,-0.050060,-0.001637
0.001140,-0.050060,-0.001637
0.001140,-0.050060,-0.001637
0.001140,-0.050060,-0.001637
0.001140,-0.050060,-0.001637
0.001140,-0.050060,-0.000833
0.001140,-0.050060,-0.000833
0.001140,-0.050060,-0.000833
0.001140,-0.050060,-0.000833
0.001140,-0.050060,-0.000833
0.001140,-0.050060,-0.000833
0.001140,-0.050060,-0.000833
0.001140,-0.050060,-0.000833
0.001140,-0.050060,-0.000833
0.001140,-0.050060,-0.000833
0.001140,-0.050060,-0.000833
0.001140,-0.050060,-0.000833
0.001141,-0.050060,-0.000833
0.001141,-0.050060,-0.000833
0.001141,-0.050060,-0.000833
0.001141,-0.050060,-0.000833
0.001141,-0.050060,-0.000833
0.001141,-0.050060,-0.000833
0.001141,-0.050060,-0.000833
0.001141,-0.050060,-0.000833
0.001141,-0.050060,-0.000833
0.001141,-0.050060,-0.000833
0.001141,-0.050060,-0.000833
0.001141,-0.050060,-0.000833
0.001141,-0.050060,-0.000029
0.001141,-0.050060,-0.000029
0.001141,-0.050060,-0.000833
0.001141,-0.050060,-0.000833
0.001141,-0.050060,-0.000833
0.001141,-0.050060,-0.000833
0.001141,-0.050060,-0.000833
0.001141,-0.050060,-0.000833
0.001141,-0.050060,-0.000833
0.001141,-0.050060,-0.000833
0.001141,-0.050060,-0.000833
0.001141,-0.050060,-0.000833
0.001141,-0.050060,-0.000833
0.001141,-0.050060,-0.000833
0.001141,-0.050060,-0.001637
0.001141,-0.050060,-0.001637
0.001141,-0.050060,-0.001637
0.001141,-0.050060,-0.001637
0.001141,-0.050060,-0.001637
0.001141,-0.050060,-0.001637
0.001141,-0.050060,-0.001637
0.001141,-0.050060,-0.001637
0.001141,-0.050060,-0.001637
0.001141,-0.050060,-0.001637
0.001141,-0.050060,-0.001637
0.001141,-0.050060,-0.001637
0.001142,-0.050060,-0.001637
0.001142,-0.050060,-0.001637
0.001142,-0.050060,-0.002441
0.001142,-0.050060,-0.002441
0.001142,-0.050060,-0.002441
0.001142,-0.050060,-0.002441
0.001142,-0.050060,-0.002441
0.001142,-0.050060,-0.002441
0.001142,-0.050060,-0.002441
0.001142,-0.050060,-0.002441
0.001142,-0.050060,-0.002441
0.001142,-0.050060,-0.002441
0.001142,-0.050060,-0.002441
0.001142,-0.050060,-0.002441
0.001142,-0.050060,-0.002441
0.001142,-0.050060,-0.002441
0.001142,-0.050060,-0.002441
0.001142,-0.050060,-0.002441
0.001142,-0.050060,-0.002441
0.001142,-0.050060,-0.001637
0.001142,-0.050060,-0.001637
0.001142,-0.050060,-0.001637
0.001142,-0.050060,-0.001637
0.001142,-0.050060,-0.001637
0.001142,-0.050060,-0.000833
0.001142,-0.050060,-0.000833
0.001142,-0.050060,-0.000833
0.001142,-0.050060,-0.000833
0.001142,-0.050060,-0.000833
0.001142,-0.050060,-0.000833
0.001142,-0.050060,-0.000833
0.001142,-0.050060,-0.000029
0.001142,-0.050060,-0.000029
0.001142,-0.050060,-0.000029
0.001142,-0.050060,-0.000029
0.001142,-0.050060,-0.000029
0.001142,-0.050060,-0.000029
0.001142,-0.050060,-0.000029
0.001142,-0.050060,-0.000833
0.001143,-0.050060,-0.000833
0.001143,-0.050060,-0.000833
0.001143,-0.050060,-0.000833
0.001143,-0.050060,-0.000833
0.001143,-0.050060,-0.000833
0.001143,-0.050060,-0.000833
0.001143,-0.050060,-0.000833
0.001143,-0.050060,-0.000833
0.001143,-0.050060,-0.001637
0.001143,-0.050060,-0.001637
0.001143,-0.050060,-0.001637
0.001143,-0.050060,-0.001637
0.001143,-0.050060,-0.001637
0.001143,-0.050060,-0.001637
0.001143,-0.050060,-0.001637
0.001143,-0.050060,-0.001637
0.001143,-0.050060,-0.002441
0.001143,-0.050060,-0.002441
0.001143,-0.050060,-0.002441
0.001143,-0.050060,-0.002441
0.001143,-0.050060,-0.002441
0.001143,-0.050060,-0.002441
0.001143,-0.050060,-0.002441
0.001143,-0.050060,-0.002441
0.001143,-0.050060,-0.002441
0.001143,-0.050060,-0.002441
0.001143,-0.050060,-0.002441
0.001143,-0.050060,-0.002441
0.001143,-0.050060,-0.002441
0.001143,-0.050060,-0.002441
0.001143,-0.050060,-0.002441
0.001143,-0.050060,-0.002441
0.001143,-0.050060,-0.001637
0.001143,-0.050060,-0.001637
0.001143,-0.050060,-0.001637
0.001143,-0.050060,-0.001637
0.001143,-0.050060,-0.001637
0.001143,-0.050060,-0.001637
0.001144,-0.050060,-0.001637
0.001144,-0.050060,-0.001637
0.001144,-0.050060,-0.001637
0.001144,-0.050060,-0.001637
0.001144,-0.050060,-0.001637
0.001144,-0.050060,-0.001637
0.001144,-0.050060,-0.001637
0.001144,-0.050060,-0.001637
0.001144,-0.050060,-0.001637
0.001144,-0.050060,-0.000833
0.001144,-0.050060,-0.000833
0.001144,-0.050060,-0.000833
0.001144,-0.050060,-0.000833
0.001144,-0.050060,-0.000833
0.001144,-0.050060,-0.000833
0.001144,-0.050060,-0.000833
0.001144,-0.050060,-0.000833
0.001144,-0.050060,-0.000833
0.001144,-0.050060,-0.000833
0.001144,-0.050060,-0.000833
0.001144,-0.050060,-0.000833
0.001144,-0.050060,-0.000833
0.001144,-0.050060,-0.000833
0.001144,-0.050060,-0.000833
0.001144,-0.050060,-0.001637
0.001144,-0.050060,-0.001637
0.001144,-0.050060,-0.001637
0.001144,-0.050060,-0.001637
0.001144,-0.050060,-0.001637
0.001144,-0.050060,-0.001637
0.001144,-0.050060,-0.001637
0.001144,-0.050060,-0.001637
0.001144,-0.050060,-0.001637
0.001144,-0.050060,-0.001637
0.001144,-0.050060,-0.001637
0.001144,-0.050060,-0.001637
0.001144,-0.050060,-0.001637
0.001144,-0.050060,-0.001637
0.001145,-0.050060,-0.001637
0.001145,-0.050060,-0.001637
0.001145,-0.050060,-0.001637
0.001145,-0.050060,-0.001637
0.001145,-0.050060,-0.001637
0.001145,-0.050060,-0.001637
0.001145,-0.050060,-0.001637
0.001145,-0.050060,-0.001637
0.001145,-0.050060,-0.001637
0.001145,-0.050060,-0.001637
0.001145,-0.050060,-0.001637
0.001145,-0.050060,-0.001637
0.001145,-0.050060,-0.001637
0.001145,-0.050060,-0.001637
0.001145,-0.050060,-0.001637
0.001145,-0.050060,-0.001637
0.001145,-0.050060,-0.001637
0.001145,-0.050060,-0.001637
0.001145,-0.050060,-0.001637
0.001145,-0.050060,-0.001637
0.001145,-0.050060,-0.001637
0.001145,-0.050060,-0.001637
0.001145,-0.050060,-0.001637
0.001145,-0.050060,-0.001637
0.001145,-0.050060,-0.001637
0.001145,-0.050060,-0.001637
0.001145,-0.050060,-0.001637
0.001145,-0.050060,-0.001637
0.001145,-0.050060,-0.000833
0.001145,-0.050060,-0.000833
0.001145,-0.050060,-0.000833
0.001145,-0.050060,-0.000833
0.001145,-0.050060,-0.000833
0.001145,-0.050060,-0.000833
0.001145,-0.050060,-0.000833
0.001145,-0.050060,-0.000833
0.001145,-0.050060,-0.000833
0.001145,-0.050060,-0.000833
0.001145,-0.050060,-0.000833
0.001146,-0.050060,-0.001637
0.001146,-0.050060,-0.001637
0.001146,-0.050060,-0.001637
0.001146,-0.050060,-0.001637
0.001146,-0.050060,-0.001637
0.001146,-0.050060,-0.001637
0.001146,-0.050060,-0.001637
0.001146,-0.050060,-0.002441
0.001146,-0.050060,-0.002441
0.001146,-0.050060,-0.002441
0.001146,-0.050060,-0.002441
0.001146,-0.050060,-0.002441
0.001146,-0.050060,-0.002441
0.001146,-0.050060,-0.002441
0.001146,-0.050060,-0.002441
0.001146,-0.050060,-0.002441
0.001146,-0.050060,-0.002441
0.001146,-0.050060,-0.002441
0.001146,-0.050060,-0.002441
0.001146,-0.050060,-0.002441
0.001146,-0.050060,-0.002441
0.001146,-0.050060,-0.002441
0.001146,-0.050060,-0.001637
0.001146,-0.050060,-0.001637
0.001146,-0.050060,-0.001637
0.001146,-0.050060,-0.001637
0.001146,-0.050060,-0.001637
0.001146,-0.050060,-0.001637
0.001146,-0.050060,-0.001637
0.001146,-0.050060,-0.001637
0.001146,-0.050060,-0.001637
0.001146,-0.050060,-0.001637
0.001146,-0.050060,-0.001637
0.001146,-0.050060,-0.001637
0.001146,-0.050060,-0.001637
0.001146,-0.050060,-0.001637
0.001146,-0.050060,-0.001637
0.001146,-0.050060,-0.001637
0.001147,-0.050060,-0.001637
0.001147,-0.050060,-0.000833
0.001147,-0.050060,-0.000833
0.001147,-0.050060,-0.000833
0.001147,-0.050060,-0.000833
0.001147,-0.050060,-0.000833
0.001147,-0.050060,-0.000833
0.001147,-0.050060,-0.000833
0.001147,-0.050060,-0.000833
0.001147,-0.050060,-0.000833
0.001147,-0.050060,-0.000833
0.001147,-0.050060,-0.000833
0.001147,-0.050060,-0.000833
0.001147,-0.050060,-0.000833
0.001147,-0.050060,-0.000833
0.001147,-0.050060,-0.000833
0.001147,-0.050060,-0.000833
0.001147,-0.050060,-0.000833
0.001147,-0.050060,-0.001637
0.001147,-0.050060,-0.001637
0.001147,-0.050060,-0.001637
0.001147,-0.050060,-0.001637
0.001147,-0.050060,-0.001637
0.001147,-0.050060,-0.001637
0.001147,-0.050060,-0.001637
0.001147,-0.050060,-0.001637
0.001147,-0.050060,-0.001637
0.001147,-0.050060,-0.001637
0.001147,-0.050060,-0.001637
0.001147,-0.050060,-0.001637
0.001147,-0.050060,-0.001637
0.001147,-0.050060,-0.001637
0.001147,-0.050060,-0.001637
0.001147,-0.050060,-0.001637
0.001147,-0.050060,-0.001637
0.001147,-0.050060,-0.001637
0.001147,-0.050060,-0.001637
0.001147,-0.050060,-0.001637
0.001147,-0.050060,-0.001637
0.001148,-0.050060,-0.001637
0.001148,-0.050060,-0.001637
0.001148,-0.050060,-0.001637
0.001148,-0.050060,-0.001637
0.001148,-0.050060,-0.001637
0.001148,-0.050060,-0.001637
0.001148,-0.050060,-0.001637
0.001148,-0.050060,-0.001637
0.001148,-0.050060,-0.001637
0.001148,-0.050060,-0.001637
0.001148,-0.050060,-0.001637
0.001148,-0.050060,-0.001637
0.001148,-0.050060,-0.001637
0.001148,-0.050060,-0.001637
0.001148,-0.050060,-0.001637
0.001148,-0.050060,-0.001637
0.001148,-0.050060,-0.001637
0.001148,-0.050060,-0.001637
0.001148,-0.050060,-0.001637
0.001148,-0.050060,-0.001637
0.001148,-0.050060,-0.001637
0.001148,-0.050060,-0.001637
0.001148,-0.050060,-0.001637
0.001148,-0.050060,-0.001637
0.001148,-0.050060,-0.001637
0.001148,-0.050060,-0.001637
0.001148,-0.050060,-0.001637
0.001148,-0.050060,-0.001637
0.001148,-0.050060,-0.001637
0.001148,-0.050060,-0.001637
0.001148,-0.050060,-0.001637
0.001148,-0.050060,-0.001637
0.001148,-0.050060,-0.001637
0.001148,-0.050060,-0.001637
0.001148,-0.050060,-0.001637
0.001148,-0.050060,-0.001637
0.001148,-0.050060,-0.001637
0.001148,-0.050060,-0.001637
0.001149,-0.050060,-0.001637
0.001149,-0.050060,-0.001637
0.001149,-0.050060,-0.001637
0.001149,-0.050060,-0.001637
0.001149,-0.050060,-0.001637
0.001149,-0.050060,-0.001637
0.001149,-0.050060,-0.001637
0.001149,-0.050060,-0.001637
0.001149,-0.050060,-0.000833
0.001149,-0.050060,-0.000833
0.001149,-0.050060,-0.001637
0.001149,-0.050060,-0.001637
0.001149,-0.050060,-0.001637
0.001149,-0.050060,-0.000833
0.001149,-0.050060,-0.000833
0.001149,-0.050060,-0.000833
0.001149,-0.050060,-0.000833
0.001149,-0.050060,-0.000833
0.001149,-0.050060,-0.000833
0.001149,-0.050060,-0.000833
0.001149,-0.050060,-0.000833
0.001149,-0.050060,-0.000833
0.001149,-0.050060,-0.000833
0.001149,-0.050060,-0.000833
0.001149,-0.050060,-0.000833
0.001149,-0.050060,-0.000833
0.001149,-0.050060,-0.000833
0.001149,-0.050060,-0.000833
0.001149,-0.050060,-0.000833
0.001149,-0.050060,-0.000833
0.001149,-0.050060,-0.000833
0.001149,-0.050060,-0.000833
0.001149,-0.050060,-0.000833
0.001149,-0.050060,-0.001637
0.001149,-0.050060,-0.001637
0.001149,-0.050060,-0.001637
0.001149,-0.050060,-0.001637
0.001149,-0.050060,-0.001637
0.001150,-0.050060,-0.001637
0.001150,-0.050060,-0.001637
0.001150,-0.050060,-0.001637
0.001150,-0.050060,-0.001637
0.001150,-0.050060,-0.001637
0.001150,-0.050060,-0.001637
0.001150,-0.050060,-0.001637
0.001150,-0.050060,-0.001637
0.001150,-0.050060,-0.001637
0.001150,-0.050060,-0.001637
0.001150,-0.050060,-0.001637
0.001150,-0.050060,-0.001637
0.001150,-0.050060,-0.001637
0.001150,-0.050060,-0.001637
0.001150,-0.050060,-0.001637
0.001150,-0.050060,-0.001637
0.001150,-0.050060,-0.001637
0.001150,-0.050060,-0.001637
0.001150,-0.050060,-0.001637
0.001150,-0.050060,-0.001637
0.001150,-0.050060,-0.001637
0.001150,-0.050060,-0.001637
0.001150,-0.050060,-0.001637
0.001150,-0.050060,-0.000833
0.001150,-0.050060,-0.000833
0.001150,-0.050060,-0.000833
0.001150,-0.050060,-0.000833
0.001150,-0.050060,-0.000833
0.001150,-0.050060,-0.000833
0.001150,-0.050060,-0.000833
0.001150,-0.050060,-0.000833
0.001150,-0.050060,-0.000833
0.001150,-0.050060,-0.000833
0.001150,-0.050060,-0.000833
0.001150,-0.050060,-0.000833
0.001150,-0.050060,-0.000833
0.001150,-0.050060,-0.000833
0.001150,-0.050060,-0.001637
0.001150,-0.050060,-0.001637
0.001151,-0.050060,-0.001637
0.001151,-0.050060,-0.001637
0.001151,-0.050060,-0.001637
0.001151,-0.050060,-0.001637
0.001151,-0.050060,-0.001637
0.001151,-0.050060,-0.001637
0.001151,-0.050060,-0.001637
0.001151,-0.050060,-0.001637
0.001151,-0.050060,-0.001637
0.001151,-0.050060,-0.002441
0.001151,-0.050060,-0.002441
0.001151,-0.050060,-0.001637
0.001151,-0.050060,-0.001637
0.001151,-0.050060,-0.001637
0.001151,-0.050060,-0.001637
0.001151,-0.050060,-0.001637
0.001151,-0.050060,-0.001637
0.001151,-0.050060,-0.001637
0.001151,-0.050060,-0.001637
0.001151,-0.050060,-0.001637
0.001151,-0.050060,-0.001637
0.001151,-0.050060,-0.001637
0.001151,-0.050060,-0.001637
0.001151,-0.050060,-0.001637
0.001151,-0.050060,-0.000833
0.001151,-0.050060,-0.000833
0.001151,-0.050060,-0.000833
0.001151,-0.050060,-0.000833
0.001151,-0.050060,-0.000833
0.001151,-0.050060,-0.000833
0.001151,-0.050060,-0.000833
0.001151,-0.050060,-0.000833
0.001151,-0.050060,-0.000833
0.001151,-0.050060,-0.000833
0.001151,-0.050060,-0.000833
0.001151,-0.050060,-0.000029
0.001151,-0.050060,-0.000029
0.001151,-0.050060,-0.000029
0.001152,-0.050060,-0.000029
0.001152,-0.050060,-0.000833
0.001152,-0.050060,-0.000833
0.001152,-0.050060,-0.000833
0.001152,-0.050060,-0.000833
0.001152,-0.050060,-0.000833
0.001152,-0.050060,-0.000833
0.001152,-0.050060,-0.000833
0.001152,-0.050060,-0.000833
0.001152,-0.050060,-0.000833
0.001152,-0.050060,-0.000833
0.001152,-0.050060,-0.000833
0.001152,-0.050060,-0.000833
0.001152,-0.050060,-0.000833
0.001152,-0.050060,-0.001637
0.001152,-0.050060,-0.001637
0.001152,-0.050060,-0.001637
0.001152,-0.050060,-0.001637
0.001152,-0.050060,-0.001637
0.001152,-0.050060,-0.001637
0.001152,-0.050060,-0.001637
0.001152,-0.050060,-0.001637
0.001152,-0.050060,-0.002441
0.001152,-0.050060,-0.002441
0.001152,-0.050060,-0.002441
0.001152,-0.050060,-0.002441
0.001152,-0.050060,-0.002441
0.001152,-0.050060,-0.002441
0.001152,-0.050060,-0.002441
0.001152,-0.050060,-0.002441
0.001152,-0.050060,-0.002441
0.001152,-0.050060,-0.002441
0.001152,-0.050060,-0.002441
0.001152,-0.050060,-0.002441
0.001152,-0.050060,-0.002441
0.001152,-0.050060,-0.002441
0.001152,-0.050060,-0.002441
0.001152,-0.050060,-0.002441
0.001152,-0.050060,-0.002441
0.001153,-0.050060,-0.002441
0.001153,-0.050060,-0.002441
0.001153,-0.050060,-0.001637
0.001153,-0.050060,-0.001637
0.001153,-0.050060,-0.001637
0.001153,-0.050060,-0.001637
0.001153,-0.050060,-0.001637
0.001153,-0.050060,-0.001637
0.001153,-0.050060,-0.001637
0.001153,-0.050060,-0.001637
0.001153,-0.050060,-0.001637
0.001153,-0.050060,-0.001637
0.001153,-0.050060,-0.000833
0.001153,-0.050060,-0.000833
0.001153,-0.050060,-0.000833
0.001153,-0.050060,-0.000833
0.001153,-0.050060,-0.000833
0.001153,-0.050060,-0.000833
0.001153,-0.050060,-0.000833
0.001153,-0.050060,-0.000833
0.001153,-0.050060,-0.000833
0.001153,-0.050060,-0.000833
0.001153,-0.050060,-0.000833
0.001153,-0.050060,-0.000029
0.001153,-0.050060,-0.000029
0.001153,-0.050060,-0.000029
0.001153,-0.050060,-0.000029
0.001153,-0.050060,-0.000833
0.001153,-0.050060,-0.000833
0.001153,-0.050060,-0.000833
0.001153,-0.050060,-0.000833
0.001153,-0.050060,-0.000833
0.001153,-0.050060,-0.000833
0.001153,-0.050060,-0.000833
0.001153,-0.050060,-0.000833
0.001153,-0.050060,-0.000833
0.001153,-0.050060,-0.000833
0.001153,-0.050060,-0.000833
0.001154,-0.050060,-0.000833
0.001154,-0.050060,-0.000833
0.001154,-0.050060,-0.000833
0.001154,-0.050060,-0.000833
0.001154,-0.050060,-0.000833
0.001154,-0.050060,-0.000833
0.001154,-0.050060,-0.000833
0.001154,-0.050060,-0.000833
0.001154,-0.050060,-0.000833
0.001154,-0.050060,-0.000833
0.001154,-0.050060,-0.001637
0.001154,-0.050060,-0.001637
0.001154,-0.050060,-0.001637
0.001154,-0.050060,-0.001637
0.001154,-0.050060,-0.001637
0.001154,-0.050060,-0.001637
0.001154,-0.050060,-0.001637
0.001154,-0.050060,-0.001637
0.001154,-0.050060,-0.001637
0.001154,-0.050060,-0.001637
0.001154,-0.050060,-0.001637
0.001154,-0.050060,-0.001637
0.001154,-0.050060,-0.001637
0.001154,-0.050060,-0.001637
0.001154,-0.050060,-0.001637
0.001154,-0.050060,-0.001637
0.001154,-0.050060,-0.001637
0.001154,-0.050060,-0.001637
0.001154,-0.050060,-0.001637
0.001154,-0.050060,-0.001637
0.001154,-0.050060,-0.001637
0.001154,-0.050060,-0.001637
0.001154,-0.050060,-0.001637
0.001154,-0.050060,-0.001637
0.001154,-0.050060,-0.001637
0.001154,-0.050060,-0.001637
0.001154,-0.050060,-0.001637
0.001154,-0.050060,-0.001637
0.001155,-0.050060,-0.001637
0.001155,-0.050060,-0.001637
0.001155,-0.050060,-0.001637
0.001155,-0.050060,-0.001637
0.001155,-0.050060,-0.001637
0.001155,-0.050060,-0.001637
0.001155,-0.050060,-0.001637
0.001155,-0.050060,-0.001637
0.001155,-0.050060,-0.001637
0.001155,-0.050060,-0.001637
0.001155,-0.050060,-0.001637
0.001155,-0.050060,-0.001637
0.001155,-0.050060,-0.001637
0.001155,-0.050060,-0.000833
0.001155,-0.050060,-0.000833
0.001155,-0.050060,-0.000833
0.001155,-0.050060,-0.000833
0.001155,-0.050060,-0.000833
0.001155,-0.050060,-0.000833
0.001155,-0.050060,-0.000833
0.001155,-0.050060,-0.000833
0.001155,-0.050060,-0.000833
0.001155,-0.050060,-0.000833
0.001155,-0.050060,-0.000833
0.001155,-0.050060,-0.000833
0.001155,-0.050060,-0.000833
0.001155,-0.050060,-0.000833
0.001155,-0.050060,-0.000833
0.001155,-0.050060,-0.000833
0.001155,-0.050060,-0.000833
0.001155,-0.050060,-0.000833
0.001155,-0.050060,-0.000833
0.001155,-0.050060,-0.000833
0.001155,-0.050060,-0.000833
0.001155,-0.050060,-0.000833
0.001155,-0.050060,-0.000833
0.001155,-0.050060,-0.000833
0.001155,-0.050060,-0.000833
0.001155,-0.050060,-0.001637
0.001156,-0.050060,-0.001637
0.001156,-0.050060,-0.001637
0.001156,-0.050060,-0.001637
0.001156,-0.050060,-0.001637
0.001156,-0.050060,-0.001637
0.001156,-0.050060,-0.001637
0.001156,-0.050060,-0.001637
0.001156,-0.050060,-0.001637
0.001156,-0.050060,-0.001637
0.001156,-0.050060,-0.001637
0.001156,-0.050060,-0.001637
0.001156,-0.050060,-0.001637
0.001156,-0.050060,-0.001637
0.001156,-0.050060,-0.001637
0.001156,-0.050060,-0.001637
0.001156,-0.050060,-0.001637
0.001156,-0.050060,-0.001637
0.001156,-0.050060,-0.001637
0.001156,-0.050060,-0.001637
0.001156,-0.050060,-0.001637
0.001156,-0.050060,-0.001637
0.001156,-0.050060,-0.001637
0.001156,-0.050060,-0.001637
0.001156,-0.050060,-0.001637
0.001156,-0.050060,-0.001637
0.001156,-0.050060,-0.001637
0.001156,-0.050060,-0.001637
0.001156,-0.050060,-0.001637
0.001156,-0.050060,-0.000833
0.001156,-0.050060,-0.000833
0.001156,-0.050060,-0.000833
0.001156,-0.050060,-0.000833
0.001156,-0.050060,-0.000833
0.001156,-0.050060,-0.000833
0.001156,-0.050060,-0.000833
0.001156,-0.050060,-0.000833
0.001156,-0.050060,-0.000833
0.001156,-0.050060,-0.000833
0.001157,-0.050060,-0.000833
0.001157,-0.050060,-0.000833
0.001157,-0.050060,-0.000833
0.001157,-0.050060,-0.000833
0.001157,-0.050060,-0.000833
0.001157,-0.050060,-0.000833
0.001157,-0.050060,-0.000833
0.001157,-0.050060,-0.000833
0.001157,-0.050060,-0.000833
0.001157,-0.050060,-0.000833
0.001157,-0.050060,-0.000833
0.001157,-0.050060,-0.000833
0.001157,-0.050060,-0.000833
0.001157,-0.050060,-0.000833
0.001157,-0.050060,-0.001637
0.001157,-0.050060,-0.001637
0.001157,-0.050060,-0.001637
0.001157,-0.050060,-0.001637
0.001157,-0.050060,-0.001637
0.001157,-0.050060,-0.001637
0.001157,-0.050060,-0.001637
0.001157,-0.050060,-0.001637
0.001157,-0.050060,-0.001637
0.001157,-0.050060,-0.001637
0.001157,-0.050060,-0.001637
0.001157,-0.050060,-0.001637
0.001157,-0.050060,-0.001637
0.001157,-0.050060,-0.001637
0.001157,-0.050060,-0.001637
0.001157,-0.050060,-0.001637
0.001157,-0.050060,-0.001637
0.001157,-0.050060,-0.001637
0.001157,-0.050060,-0.001637
0.001157,-0.050060,-0.001637
0.001157,-0.050060,-0.000833
0.001157,-0.050060,-0.000833
0.001157,-0.050060,-0.000833
