Time(s),CHAN1(V)
-0.011328,0.000151
-0.011322,0.000151
-0.011315,0.000151
-0.011309,0.000151
-0.011302,0.000151
-0.011296,0.000151
-0.011289,0.000151
-0.011283,0.000151
-0.011276,0.000151
-0.011270,0.000151
-0.011263,0.000151
-0.011257,0.000151
-0.011250,0.000151
-0.011243,0.000151
-0.011237,0.000151
-0.011230,0.000151
-0.011224,0.000151
-0.011217,0.000151
-0.011211,0.000151
-0.011204,0.000151
-0.011198,0.000151
-0.011191,0.000151
-0.011185,0.000151
-0.011178,0.000151
-0.011172,0.000151
-0.011165,0.000151
-0.011159,0.000151
-0.011152,0.000151
-0.011146,0.000151
-0.011139,0.000151
-0.011133,0.000151
-0.011126,0.000151
-0.011120,0.000151
-0.011113,0.000151
-0.011107,0.000151
-0.011100,0.000151
-0.011094,0.000151
-0.011087,0.000151
-0.011081,0.000151
-0.011074,0.000151
-0.011068,0.000151
-0.011061,0.000151
-0.011055,0.000151
-0.011048,0.000151
-0.011042,0.000151
-0.011035,0.000151
-0.011029,0.000151
-0.011022,0.000151
-0.011016,0.000151
-0.011009,0.000151
-0.011003,0.000151
-0.010996,0.000151
-0.010990,0.000151
-0.010983,0.000151
-0.010977,0.000151
-0.010970,0.000151
-0.010964,0.000151
-0.010957,0.000151
-0.010951,0.000151
-0.010944,0.000151
-0.010938,0.000151
-0.010931,0.000151
-0.010924,0.000151
-0.010918,0.000151
-0.010911,0.000151
-0.010905,0.000151
-0.010898,0.000151
-0.010892,0.000151
-0.010885,0.000151
-0.010879,0.000151
-0.010872,0.000151
-0.010866,0.000151
-0.010859,0.000151
-0.010853,0.000151
-0.010846,0.000151
-0.010840,0.000151
-0.010833,0.000151
-0.010827,0.000151
-0.010820,0.000151
-0.010814,0.000151
-0.010807,0.000151
-0.010801,0.000151
-0.010794,0.000151
-0.010788,0.000151
-0.010781,0.000151
-0.010775,0.000151
-0.010768,0.000151
-0.010762,0.000151
-0.010755,0.000151
-0.010749,0.000151
-0.010742,0.000151
-0.010736,0.000151
-0.010729,0.000151
-0.010723,0.000151
-0.010716,0.000151
-0.010710,0.000151
-0.010703,0.000151
-0.010697,0.000151
-0.010690,0.000151
-0.010684,0.000151
-0.010677,0.000151
-0.010671,0.000151
-0.010664,0.000151
-0.010658,0.000151
-0.010651,0.000151
-0.010645,0.000151
-0.010638,0.000151
-0.010632,0.000151
-0.010625,0.000151
-0.010618,0.000151
-0.010612,0.000151
-0.010605,0.000151
-0.010599,0.000151
-0.010592,0.000151
-0.010586,0.000151
-0.010579,0.000151
-0.010573,0.000151
-0.010566,0.000151
-0.010560,0.000151
-0.010553,0.000151
-0.010547,0.000151
-0.010540,0.000151
-0.010534,0.000151
-0.010527,0.000151
-0.010521,0.000151
-0.010514,0.000151
-0.010508,0.000151
-0.010501,0.000151
-0.010495,0.000151
-0.010488,0.000151
-0.010482,0.000151
-0.010475,0.000151
-0.010469,0.000151
-0.010462,0.000151
-0.010456,0.000151
-0.010449,0.000151
-0.010443,0.000151
-0.010436,0.000151
-0.010430,0.000151
-0.010423,0.000151
-0.010417,0.000151
-0.010410,0.000151
-0.010404,0.000151
-0.010397,0.000151
-0.010391,0.000151
-0.010384,0.000151
-0.010378,0.000151
-0.010371,0.000151
-0.010365,0.000151
-0.010358,0.000151
-0.010352,0.000151
-0.010345,0.000151
-0.010339,0.000151
-0.010332,0.000151
-0.010326,0.000151
-0.010319,0.000151
-0.010313,0.000151
-0.010306,0.000151
-0.010299,0.000151
-0.010293,0.000151
-0.010286,0.000151
-0.010280,0.000151
-0.010273,0.000151
-0.010267,0.000151
-0.010260,0.000151
-0.010254,0.000151
-0.010247,0.000151
-0.010241,0.000151
-0.010234,0.000151
-0.010228,0.000151
-0.010221,0.000151
-0.010215,0.000151
-0.010208,0.000151
-0.010202,0.000151
-0.010195,0.000151
-0.010189,0.000151
-0.010182,0.000151
-0.010176,0.000151
-0.010169,0.000151
-0.010163,0.000151
-0.010156,0.000151
-0.010150,0.000151
-0.010143,0.000151
-0.010137,0.000151
-0.010130,0.000151
-0.010124,0.000151
-0.010117,0.000151
-0.010111,0.000151
-0.010104,0.000151
-0.010098,0.000151
-0.010091,0.000151
-0.010085,0.000151
-0.010078,0.000151
-0.010072,0.000151
-0.010065,0.000151
-0.010059,0.000151
-0.010052,0.000151
-0.010046,0.000151
-0.010039,0.000151
-0.010033,0.000151
-0.010026,0.000151
-0.010020,0.000151
-0.010013,0.000151
-0.010007,0.000151
-0.010000,0.000151
-0.009993,0.000151
-0.009987,0.000151
-0.009980,0.000151
-0.009974,0.000151
-0.009967,0.000151
-0.009961,0.000151
-0.009954,0.000151
-0.009948,0.000151
-0.009941,0.000151
-0.009935,0.000151
-0.009928,0.000151
-0.009922,0.000151
-0.009915,0.000151
-0.009909,0.000151
-0.009902,0.000151
-0.009896,0.000151
-0.009889,0.000151
-0.009883,0.000151
-0.009876,0.000151
-0.009870,0.000151
-0.009863,0.000151
-0.009857,0.000151
-0.009850,0.000151
-0.009844,0.000151
-0.009837,0.000151
-0.009831,0.000151
-0.009824,0.000151
-0.009818,0.000151
-0.009811,0.000151
-0.009805,0.000151
-0.009798,0.000151
-0.009792,0.000151
-0.009785,0.000151
-0.009779,0.000151
-0.009772,0.000151
-0.009766,0.000151
-0.009759,0.000151
-0.009753,0.000151
-0.009746,0.000151
-0.009740,0.000151
-0.009733,0.000151
-0.009727,0.000151
-0.009720,0.000151
-0.009714,0.000151
-0.009707,0.000151
-0.009701,0.000151
-0.009694,0.000151
-0.009688,0.000151
-0.009681,0.000151
-0.009674,0.000151
-0.009668,0.000151
-0.009661,0.000151
-0.009655,0.000151
-0.009648,0.000151
-0.009642,0.000151
-0.009635,0.000151
-0.009629,0.000151
-0.009622,0.000151
-0.009616,0.000151
-0.009609,0.000151
-0.009603,0.000151
-0.009596,0.000151
-0.009590,0.000151
-0.009583,0.000151
-0.009577,0.000151
-0.009570,0.000151
-0.009564,0.000151
-0.009557,0.000151
-0.009551,0.000151
-0.009544,0.000151
-0.009538,0.000151
-0.009531,0.000151
-0.009525,0.000151
-0.009518,0.000151
-0.009512,0.000151
-0.009505,0.000151
-0.009499,0.000151
-0.009492,0.000151
-0.009486,0.000151
-0.009479,0.000151
-0.009473,0.000151
-0.009466,0.000151
-0.009460,0.000151
-0.009453,0.000151
-0.009447,0.000151
-0.009440,0.000151
-0.009434,0.000151
-0.009427,0.000151
-0.009421,0.000151
-0.009414,0.000151
-0.009408,0.000151
-0.009401,0.000151
-0.009395,0.000151
-0.009388,0.000151
-0.009382,0.000151
-0.009375,0.000151
-0.009368,0.000151
-0.009362,0.000151
-0.009355,0.000151
-0.009349,0.000151
-0.009342,0.000151
-0.009336,0.000151
-0.009329,0.000151
-0.009323,0.000151
-0.009316,0.000151
-0.009310,0.000151
-0.009303,0.000151
-0.009297,0.000151
-0.009290,0.000151
-0.009284,0.000151
-0.009277,0.000151
-0.009271,0.000151
-0.009264,0.000151
-0.009258,0.000151
-0.009251,0.000151
-0.009245,0.000151
-0.009238,0.000151
-0.009232,0.000151
-0.009225,0.000151
-0.009219,0.000151
-0.009212,0.000151
-0.009206,0.000151
-0.009199,0.000151
-0.009193,0.000151
-0.009186,0.000151
-0.009180,0.000151
-0.009173,0.000151
-0.009167,0.000151
-0.009160,0.000151
-0.009154,0.000151
-0.009147,0.000151
-0.009141,0.000151
-0.009134,0.000151
-0.009128,0.000151
-0.009121,0.000151
-0.009115,0.000151
-0.009108,0.000151
-0.009102,0.000151
-0.009095,0.000151
-0.009089,0.000151
-0.009082,0.000151
-0.009076,0.000151
-0.009069,0.000151
-0.009063,0.000151
-0.009056,0.000151
-0.009049,0.000151
-0.009043,0.000151
-0.009036,0.000151
-0.009030,0.000151
-0.009023,0.000151
-0.009017,0.000151
-0.009010,0.000151
-0.009004,0.000151
-0.008997,0.000151
-0.008991,0.000151
-0.008984,0.000151
-0.008978,0.000151
-0.008971,0.000151
-0.008965,0.000151
-0.008958,0.000151
-0.008952,0.000151
-0.008945,0.000151
-0.008939,0.000151
-0.008932,0.000151
-0.008926,0.000151
-0.008919,0.000151
-0.008913,0.000151
-0.008906,0.000151
-0.008900,0.000151
-0.008893,0.000151
-0.008887,0.000151
-0.008880,0.000151
-0.008874,0.000151
-0.008867,0.000151
-0.008861,0.000151
-0.008854,0.000151
-0.008848,0.000151
-0.008841,0.000151
-0.008835,0.000151
-0.008828,0.000151
-0.008822,0.000151
-0.008815,0.000151
-0.008809,0.000151
-0.008802,0.000151
-0.008796,0.000151
-0.008789,0.000151
-0.008783,0.000151
-0.008776,0.000151
-0.008770,0.000151
-0.008763,0.000151
-0.008757,0.000151
-0.008750,0.000151
-0.008743,0.000151
-0.008737,0.000151
-0.008730,0.000151
-0.008724,0.000151
-0.008717,0.000151
-0.008711,0.000151
-0.008704,0.000151
-0.008698,0.000151
-0.008691,0.000151
-0.008685,0.000151
-0.008678,0.000151
-0.008672,0.000151
-0.008665,0.000151
-0.008659,0.000151
-0.008652,0.000151
-0.008646,0.000151
-0.008639,0.000151
-0.008633,0.000151
-0.008626,0.000151
-0.008620,0.000151
-0.008613,0.000151
-0.008607,0.000151
-0.008600,0.000151
-0.008594,0.000151
-0.008587,0.000151
-0.008581,0.000151
-0.008574,0.000151
-0.008568,0.000151
-0.008561,0.000151
-0.008555,0.000151
-0.008548,0.000151
-0.008542,0.000151
-0.008535,0.000151
-0.008529,0.000151
-0.008522,0.000151
-0.008516,0.000151
-0.008509,0.000151
-0.008503,0.000151
-0.008496,0.000151
-0.008490,0.000151
-0.008483,0.000151
-0.008477,0.000151
-0.008470,0.000151
-0.008464,0.000151
-0.008457,0.000151
-0.008451,0.000151
-0.008444,0.000151
-0.008438,0.000151
-0.008431,0.000151
-0.008424,0.000151
-0.008418,0.000151
-0.008411,0.000151
-0.008405,0.000151
-0.008398,0.000151
-0.008392,0.000151
-0.008385,0.000151
-0.008379,0.000151
-0.008372,0.000151
-0.008366,0.000151
-0.008359,0.000151
-0.008353,0.000151
-0.008346,0.000151
-0.008340,0.000151
-0.008333,0.000151
-0.008327,0.000151
-0.008320,0.000151
-0.008314,0.000151
-0.008307,0.000151
-0.008301,0.000151
-0.008294,0.000151
-0.008288,0.000151
-0.008281,0.000151
-0.008275,0.000151
-0.008268,0.000151
-0.008262,0.000151
-0.008255,0.000151
-0.008249,0.000151
-0.008242,0.000151
-0.008236,0.000151
-0.008229,0.000151
-0.008223,0.000151
-0.008216,0.000151
-0.008210,0.000151
-0.008203,0.000151
-0.008197,0.000151
-0.008190,0.000151
-0.008184,0.000151
-0.008177,0.000151
-0.008171,0.000151
-0.008164,0.000151
-0.008158,0.000151
-0.008151,0.000151
-0.008145,0.000151
-0.008138,0.000151
-0.008132,0.000151
-0.008125,0.000151
-0.008118,0.000151
-0.008112,0.000151
-0.008105,0.000151
-0.008099,0.000151
-0.008092,0.000151
-0.008086,0.000151
-0.008079,0.000151
-0.008073,0.000151
-0.008066,0.000151
-0.008060,0.000151
-0.008053,0.000151
-0.008047,0.000151
-0.008040,0.000151
-0.008034,0.000151
-0.008027,0.000151
-0.008021,0.000151
-0.008014,0.000151
-0.008008,0.000151
-0.008001,0.000151
-0.007995,0.000151
-0.007988,0.000151
-0.007982,0.000151
-0.007975,0.000151
-0.007969,0.000151
-0.007962,0.000151
-0.007956,0.000151
-0.007949,0.000151
-0.007943,0.000151
-0.007936,0.000151
-0.007930,0.000151
-0.007923,0.000151
-0.007917,0.000151
-0.007910,0.000151
-0.007904,0.000151
-0.007897,0.000151
-0.007891,0.000151
-0.007884,0.000151
-0.007878,0.000151
-0.007871,0.000151
-0.007865,0.000151
-0.007858,0.000151
-0.007852,0.000151
-0.007845,0.000151
-0.007839,0.000151
-0.007832,0.000151
-0.007826,0.000151
-0.007819,0.000151
-0.007813,0.000151
-0.007806,0.000151
-0.007799,0.000151
-0.007793,0.000151
-0.007786,0.000151
-0.007780,0.000151
-0.007773,0.000151
-0.007767,0.000151
-0.007760,0.000151
-0.007754,0.000151
-0.007747,0.000151
-0.007741,0.000151
-0.007734,0.000151
-0.007728,0.000151
-0.007721,0.000151
-0.007715,0.000151
-0.007708,0.000151
-0.007702,0.000151
-0.007695,0.000151
-0.007689,0.000151
-0.007682,0.000151
-0.007676,0.000151
-0.007669,0.000151
-0.007663,0.000151
-0.007656,0.000151
-0.007650,0.000151
-0.007643,0.000151
-0.007637,0.000151
-0.007630,0.000151
-0.007624,0.000151
-0.007617,0.000151
-0.007611,0.000151
-0.007604,0.000151
-0.007598,0.000151
-0.007591,0.000151
-0.007585,0.000151
-0.007578,0.000151
-0.007572,0.000151
-0.007565,0.000151
-0.007559,0.000151
-0.007552,0.000151
-0.007546,0.000151
-0.007539,0.000151
-0.007533,0.000151
-0.007526,0.000151
-0.007520,0.000151
-0.007513,0.000151
-0.007507,0.000151
-0.007500,0.000151
-0.007493,0.000151
-0.007487,0.000151
-0.007480,0.000151
-0.007474,0.000151
-0.007467,0.000151
-0.007461,0.000151
-0.007454,0.000151
-0.007448,0.000151
-0.007441,0.000151
-0.007435,0.000151
-0.007428,0.000151
-0.007422,0.000151
-0.007415,0.000151
-0.007409,0.000151
-0.007402,0.000151
-0.007396,0.000151
-0.007389,0.000151
-0.007383,0.000151
-0.007376,0.000151
-0.007370,0.000151
-0.007363,0.000151
-0.007357,0.000151
-0.007350,0.000151
-0.007344,0.000151
-0.007337,0.000151
-0.007331,0.000151
-0.007324,0.000151
-0.007318,0.000151
-0.007311,0.000151
-0.007305,0.000151
-0.007298,0.000151
-0.007292,0.000151
-0.007285,0.000151
-0.007279,0.000151
-0.007272,0.000151
-0.007266,0.000151
-0.007259,0.000151
-0.007253,0.000151
-0.007246,0.000151
-0.007240,0.000151
-0.007233,0.000151
-0.007227,0.000151
-0.007220,0.000151
-0.007214,0.000151
-0.007207,0.000151
-0.007201,0.000151
-0.007194,0.000151
-0.007188,0.000151
-0.007181,0.000151
-0.007174,0.000151
-0.007168,0.000151
-0.007161,0.000151
-0.007155,0.000151
-0.007148,0.000151
-0.007142,0.000151
-0.007135,0.000151
-0.007129,0.000151
-0.007122,0.000151
-0.007116,0.000151
-0.007109,0.000151
-0.007103,0.000151
-0.007096,0.000151
-0.007090,0.000151
-0.007083,0.000151
-0.007077,0.000151
-0.007070,0.000151
-0.007064,0.000151
-0.007057,0.000151
-0.007051,0.000151
-0.007044,0.000151
-0.007038,0.000151
-0.007031,0.000151
-0.007025,0.000151
-0.007018,0.000151
-0.007012,0.000151
-0.007005,0.000151
-0.006999,0.000151
-0.006992,0.000151
-0.006986,0.000151
-0.006979,0.000151
-0.006973,0.000151
-0.006966,0.000151
-0.006960,0.000151
-0.006953,0.000151
-0.006947,0.000151
-0.006940,0.000151
-0.006934,0.000151
-0.006927,0.000151
-0.006921,0.000151
-0.006914,0.000151
-0.006908,0.000151
-0.006901,0.000151
-0.006895,0.000151
-0.006888,0.000151
-0.006882,0.000151
-0.006875,0.000151
-0.006868,0.000151
-0.006862,0.000151
-0.006855,0.000151
-0.006849,0.000151
-0.006842,0.000151
-0.006836,0.000151
-0.006829,0.000151
-0.006823,0.000151
-0.006816,0.000151
-0.006810,0.000151
-0.006803,0.000151
-0.006797,0.000151
-0.006790,0.000151
-0.006784,0.000151
-0.006777,0.000151
-0.006771,0.000151
-0.006764,0.000151
-0.006758,0.000151
-0.006751,0.000151
-0.006745,0.000151
-0.006738,0.000151
-0.006732,0.000151
-0.006725,0.000151
-0.006719,0.000151
-0.006712,0.000151
-0.006706,0.000151
-0.006699,0.000151
-0.006693,0.000151
-0.006686,0.000151
-0.006680,0.000151
-0.006673,0.000151
-0.006667,0.000151
-0.006660,0.000151
-0.006654,0.000151
-0.006647,0.000151
-0.006641,0.000151
-0.006634,0.000151
-0.006628,0.000151
-0.006621,0.000151
-0.006615,0.000151
-0.006608,0.000151
-0.006602,0.000151
-0.006595,0.000151
-0.006589,0.000151
-0.006582,0.000151
-0.006576,0.000151
-0.006569,0.000151
-0.006563,0.000151
-0.006556,0.000151
-0.006549,0.000151
-0.006543,0.000151
-0.006536,0.000151
-0.006530,0.000151
-0.006523,0.000151
-0.006517,0.000151
-0.006510,0.000151
-0.006504,0.000151
-0.006497,0.000151
-0.006491,0.000151
-0.006484,0.000151
-0.006478,0.000151
-0.006471,0.000151
-0.006465,0.000151
-0.006458,0.000151
-0.006452,0.000151
-0.006445,0.000151
-0.006439,0.000151
-0.006432,0.000151
-0.006426,0.000151
-0.006419,0.000151
-0.006413,0.000151
-0.006406,0.000151
-0.006400,0.000151
-0.006393,0.000151
-0.006387,0.000151
-0.006380,0.000151
-0.006374,0.000151
-0.006367,0.000151
-0.006361,0.000151
-0.006354,0.000151
-0.006348,0.000151
-0.006341,0.000151
-0.006335,0.000151
-0.006328,0.000151
-0.006322,0.000151
-0.006315,0.000151
-0.006309,0.000151
-0.006302,0.000151
-0.006296,0.000151
-0.006289,0.000151
-0.006283,0.000151
-0.006276,0.000151
-0.006270,0.000151
-0.006263,0.000151
-0.006257,0.000151
-0.006250,0.000151
-0.006243,0.000151
-0.006237,0.000151
-0.006230,0.000151
-0.006224,0.000151
-0.006217,0.000151
-0.006211,0.000151
-0.006204,0.000151
-0.006198,0.000151
-0.006191,0.000151
-0.006185,0.000151
-0.006178,0.000151
-0.006172,0.000151
-0.006165,0.000151
-0.006159,0.000151
-0.006152,0.000151
-0.006146,0.000151
-0.006139,0.000151
-0.006133,0.000151
-0.006126,0.000151
-0.006120,0.000151
-0.006113,0.000151
-0.006107,0.000151
-0.006100,0.000151
-0.006094,0.000151
-0.006087,0.000151
-0.006081,0.000151
-0.006074,0.000151
-0.006068,0.000151
-0.006061,0.000151
-0.006055,0.000151
-0.006048,0.000151
-0.006042,0.000151
-0.006035,0.000151
-0.006029,0.000151
-0.006022,0.000151
-0.006016,0.000151
-0.006009,0.000151
-0.006003,0.000151
-0.005996,0.000151
-0.005990,0.000151
-0.005983,0.000151
-0.005977,0.000151
-0.005970,0.000151
-0.005964,0.000151
-0.005957,0.000151
-0.005951,0.000151
-0.005944,0.000151
-0.005938,0.000151
-0.005931,0.000151
-0.005924,0.000151
-0.005918,0.000151
-0.005911,0.000151
-0.005905,0.000151
-0.005898,0.000151
-0.005892,0.000151
-0.005885,0.000151
-0.005879,0.000151
-0.005872,0.000151
-0.005866,0.000151
-0.005859,0.000151
-0.005853,0.000151
-0.005846,0.000151
-0.005840,0.000151
-0.005833,0.000151
-0.005827,0.000151
-0.005820,0.000151
-0.005814,0.000151
-0.005807,0.000151
-0.005801,0.000151
-0.005794,0.000151
-0.005788,0.000151
-0.005781,0.000151
-0.005775,0.000151
-0.005768,0.000151
-0.005762,0.000151
-0.005755,0.000151
-0.005749,0.000151
-0.005742,0.000151
-0.005736,0.000151
-0.005729,0.000151
-0.005723,0.000151
-0.005716,0.000151
-0.005710,0.000151
-0.005703,0.000151
-0.005697,0.000151
-0.005690,0.000151
-0.005684,0.000151
-0.005677,0.000151
-0.005671,0.000151
-0.005664,0.000151
-0.005658,0.000151
-0.005651,0.000151
-0.005645,0.000151
-0.005638,0.000151
-0.005632,0.000151
-0.005625,0.000151
-0.005618,0.000151
-0.005612,0.000151
-0.005605,0.000151
-0.005599,0.000151
-0.005592,0.000151
-0.005586,0.000151
-0.005579,0.000151
-0.005573,0.000151
-0.005566,0.000151
-0.005560,0.000151
-0.005553,0.000151
-0.005547,0.000151
-0.005540,0.000151
-0.005534,0.000151
-0.005527,0.000151
-0.005521,0.000151
-0.005514,0.000151
-0.005508,0.000151
-0.005501,0.000151
-0.005495,0.000151
-0.005488,0.000151
-0.005482,0.000151
-0.005475,0.000151
-0.005469,0.000151
-0.005462,0.000151
-0.005456,0.000151
-0.005449,0.000151
-0.005443,0.000151
-0.005436,0.000151
-0.005430,0.000151
-0.005423,0.000151
-0.005417,0.000151
-0.005410,0.000151
-0.005404,0.000151
-0.005397,0.000151
-0.005391,0.000151
-0.005384,0.000151
-0.005378,0.000151
-0.005371,0.000151
-0.005365,0.000151
-0.005358,0.000151
-0.005352,0.000151
-0.005345,0.000151
-0.005339,0.000151
-0.005332,0.000151
-0.005326,0.000151
-0.005319,0.000151
-0.005313,0.000151
-0.005306,0.000151
-0.005299,0.000151
-0.005293,0.000151
-0.005286,0.000151
-0.005280,0.000151
-0.005273,0.000151
-0.005267,0.000151
-0.005260,0.000151
-0.005254,0.000151
-0.005247,0.000151
-0.005241,0.000151
-0.005234,0.000151
-0.005228,0.000151
-0.005221,0.000151
-0.005215,0.000151
-0.005208,0.000151
-0.005202,0.000151
-0.005195,0.000151
-0.005189,0.000151
-0.005182,0.000151
-0.005176,0.000151
-0.005169,0.000151
-0.005163,0.000151
-0.005156,0.000151
-0.005150,0.000151
-0.005143,0.000151
-0.005137,0.000151
-0.005130,0.000151
-0.005124,0.000151
-0.005117,0.000151
-0.005111,0.000151
-0.005104,0.000151
-0.005098,0.000151
-0.005091,0.000151
-0.005085,0.000151
-0.005078,0.000151
-0.005072,0.000151
-0.005065,0.000151
-0.005059,0.000151
-0.005052,0.000151
-0.005046,0.000151
-0.005039,0.000151
-0.005033,0.000151
-0.005026,0.000151
-0.005020,0.000151
-0.005013,0.000151
-0.005007,0.000151
-0.005000,0.000151
-0.004993,0.000151
-0.004987,0.000151
-0.004980,0.000151
-0.004974,0.000151
-0.004967,0.000151
-0.004961,0.000151
-0.004954,0.000151
-0.004948,0.000151
-0.004941,0.000151
-0.004935,0.000151
-0.004928,0.000151
-0.004922,0.000151
-0.004915,0.000151
-0.004909,0.000151
-0.004902,0.000151
-0.004896,0.000151
-0.004889,0.000151
-0.004883,0.000151
-0.004876,0.000151
-0.004870,0.000151
-0.004863,0.000151
-0.004857,0.000151
-0.004850,0.000151
-0.004844,0.000151
-0.004837,0.000151
-0.004831,0.000151
-0.004824,0.000151
-0.004818,0.000151
-0.004811,0.000151
-0.004805,0.000151
-0.004798,0.000151
-0.004792,0.000151
-0.004785,0.000151
-0.004779,0.000151
-0.004772,0.000151
-0.004766,0.000151
-0.004759,0.000151
-0.004753,0.000151
-0.004746,0.000151
-0.004740,0.000151
-0.004733,0.000151
-0.004727,0.000151
-0.004720,0.000151
-0.004714,0.000151
-0.004707,0.000151
-0.004701,0.000151
-0.004694,0.000151
-0.004688,0.000151
-0.004681,0.000151
-0.004674,0.000151
-0.004668,0.000151
-0.004661,0.000151
-0.004655,0.000151
-0.004648,0.000151
-0.004642,0.000151
-0.004635,0.000151
-0.004629,0.000151
-0.004622,0.000151
-0.004616,0.000151
-0.004609,0.000151
-0.004603,0.000151
-0.004596,0.000151
-0.004590,0.000151
-0.004583,0.000151
-0.004577,0.000151
-0.004570,0.000151
-0.004564,0.000151
-0.004557,0.000151
-0.004551,0.000151
-0.004544,0.000151
-0.004538,0.000151
-0.004531,0.000151
-0.004525,0.000151
-0.004518,0.000151
-0.004512,0.000151
-0.004505,0.000151
-0.004499,0.000151
-0.004492,0.000151
-0.004486,0.000151
-0.004479,0.000151
-0.004473,0.000151
-0.004466,0.000151
-0.004460,0.000151
-0.004453,0.000151
-0.004447,0.000151
-0.004440,0.000151
-0.004434,0.000151
-0.004427,0.000151
-0.004421,0.000151
-0.004414,0.000151
-0.004408,0.000151
-0.004401,0.000151
-0.004395,0.000151
-0.004388,0.000151
-0.004382,0.000151
-0.004375,0.000151
-0.004368,0.000151
-0.004362,0.000151
-0.004355,0.000151
-0.004349,0.000151
-0.004342,0.000151
-0.004336,0.000151
-0.004329,0.000151
-0.004323,0.000151
-0.004316,0.000151
-0.004310,0.000151
-0.004303,0.000151
-0.004297,0.000151
-0.004290,0.000151
-0.004284,0.000151
-0.004277,0.000151
-0.004271,0.000151
-0.004264,0.000151
-0.004258,0.000151
-0.004251,0.000151
-0.004245,0.000151
-0.004238,0.000151
-0.004232,0.000151
-0.004225,0.000151
-0.004219,0.000151
-0.004212,0.000151
-0.004206,0.000151
-0.004199,0.000151
-0.004193,0.000151
-0.004186,0.000151
-0.004180,0.000151
-0.004173,0.000151
-0.004167,0.000151
-0.004160,0.000151
-0.004154,0.000151
-0.004147,0.000151
-0.004141,0.000151
-0.004134,0.000151
-0.004128,0.000151
-0.004121,0.000151
-0.004115,0.000151
-0.004108,0.000151
-0.004102,0.000151
-0.004095,0.000151
-0.004089,0.000151
-0.004082,0.000151
-0.004076,0.000151
-0.004069,0.000151
-0.004063,0.000151
-0.004056,0.000151
-0.004049,0.000151
-0.004043,0.000151
-0.004036,0.000151
-0.004030,0.000151
-0.004023,0.000151
-0.004017,0.000151
-0.004010,0.000151
-0.004004,0.000151
-0.003997,0.000151
-0.003991,0.000151
-0.003984,0.000151
-0.003978,0.000151
-0.003971,0.000151
-0.003965,0.000151
-0.003958,0.000151
-0.003952,0.000151
-0.003945,0.000151
-0.003939,0.000151
-0.003932,0.000151
-0.003926,0.000151
-0.003919,0.000151
-0.003913,0.000151
-0.003906,0.000151
-0.003900,0.000151
-0.003893,0.000151
-0.003887,0.000151
-0.003880,0.000151
-0.003874,0.000151
-0.003867,0.000151
-0.003861,0.000151
-0.003854,0.000151
-0.003848,0.000151
-0.003841,0.000151
-0.003835,0.000151
-0.003828,0.000151
-0.003822,0.000151
-0.003815,0.000151
-0.003809,0.000151
-0.003802,0.000151
-0.003796,0.000151
-0.003789,0.000151
-0.003783,0.000151
-0.003776,0.000151
-0.003770,0.000151
-0.003763,0.000151
-0.003757,0.000151
-0.003750,0.000151
-0.003743,0.000151
-0.003737,0.000151
-0.003730,0.000151
-0.003724,0.000151
-0.003717,0.000151
-0.003711,0.000151
-0.003704,0.000151
-0.003698,0.000151
-0.003691,0.000151
-0.003685,0.000151
-0.003678,0.000151
-0.003672,0.000151
-0.003665,0.000151
-0.003659,0.000151
-0.003652,0.000151
-0.003646,0.000151
-0.003639,0.000151
-0.003633,0.000151
-0.003626,0.000151
-0.003620,0.000151
-0.003613,0.000151
-0.003607,0.000151
-0.003600,0.000151
-0.003594,0.000151
-0.003587,0.000151
-0.003581,0.000151
-0.003574,0.000151
-0.003568,0.000151
-0.003561,0.000151
-0.003555,0.000151
-0.003548,0.000151
-0.003542,0.000151
-0.003535,0.000151
-0.003529,0.000151
-0.003522,0.000151
-0.003516,0.000151
-0.003509,0.000151
-0.003503,0.000151
-0.003496,0.000151
-0.003490,0.000151
-0.003483,0.000151
-0.003477,0.000151
-0.003470,0.000151
-0.003464,0.000151
-0.003457,0.000151
-0.003451,0.000151
-0.003444,0.000151
-0.003438,0.000151
-0.003431,0.000151
-0.003424,0.000151
-0.003418,0.000151
-0.003411,0.000151
-0.003405,0.000151
-0.003398,0.000151
-0.003392,0.000151
-0.003385,0.000151
-0.003379,0.000151
-0.003372,0.000151
-0.003366,0.000151
-0.003359,0.000151
-0.003353,0.000151
-0.003346,0.000151
-0.003340,0.000151
-0.003333,0.000151
-0.003327,0.000151
-0.003320,0.000151
-0.003314,0.000151
-0.003307,0.000151
-0.003301,0.000151
-0.003294,0.000151
-0.003288,0.000151
-0.003281,0.000151
-0.003275,0.000151
-0.003268,0.000151
-0.003262,0.000151
-0.003255,0.000151
-0.003249,0.000151
-0.003242,0.000151
-0.003236,0.000151
-0.003229,0.000151
-0.003223,0.000151
-0.003216,0.000151
-0.003210,0.000151
-0.003203,0.000151
-0.003197,0.000151
-0.003190,0.000151
-0.003184,0.000151
-0.003177,0.000151
-0.003171,0.000151
-0.003164,0.000151
-0.003158,0.000151
-0.003151,0.000151
-0.003145,0.000151
-0.003138,0.000151
-0.003132,0.000151
-0.003125,0.000151
-0.003118,0.000151
-0.003112,0.000151
-0.003105,0.000151
-0.003099,0.000151
-0.003092,0.000151
-0.003086,0.000151
-0.003079,0.000151
-0.003073,0.000151
-0.003066,0.000151
-0.003060,0.000151
-0.003053,0.000151
-0.003047,0.000151
-0.003040,0.000151
-0.003034,0.000151
-0.003027,0.000151
-0.003021,0.000151
-0.003014,0.000151
-0.003008,0.000151
-0.003001,0.000151
-0.002995,0.000151
-0.002988,0.000151
-0.002982,0.000151
-0.002975,0.000151
-0.002969,0.000151
-0.002962,0.000151
-0.002956,0.000151
-0.002949,0.000151
-0.002943,0.000151
-0.002936,0.000151
-0.002930,0.000151
-0.002923,0.000151
-0.002917,0.000151
-0.002910,0.000151
-0.002904,0.000151
-0.002897,0.000151
-0.002891,0.000151
-0.002884,0.000151
-0.002878,0.000151
-0.002871,0.000151
-0.002865,0.000151
-0.002858,0.000151
-0.002852,0.000151
-0.002845,0.000151
-0.002839,0.000151
-0.002832,0.000151
-0.002826,0.000151
-0.002819,0.000151
-0.002813,0.000151
-0.002806,0.000151
-0.002799,0.000151
-0.002793,0.000151
-0.002786,0.000151
-0.002780,0.000151
-0.002773,0.000151
-0.002767,0.000151
-0.002760,0.000151
-0.002754,0.000151
-0.002747,0.000151
-0.002741,0.000151
-0.002734,0.000151
-0.002728,0.000151
-0.002721,0.000151
-0.002715,0.000151
-0.002708,0.000151
-0.002702,0.000151
-0.002695,0.000151
-0.002689,0.000151
-0.002682,0.000151
-0.002676,0.000151
-0.002669,0.000151
-0.002663,0.000151
-0.002656,0.000151
-0.002650,0.000151
-0.002643,0.000151
-0.002637,0.000151
-0.002630,0.000151
-0.002624,0.000151
-0.002617,0.000151
-0.002611,0.000151
-0.002604,0.000151
-0.002598,0.000151
-0.002591,0.000151
-0.002585,0.000151
-0.002578,0.000151
-0.002572,0.000151
-0.002565,0.000151
-0.002559,0.000151
-0.002552,0.000151
-0.002546,0.000151
-0.002539,0.000151
-0.002533,0.000151
-0.002526,0.000151
-0.002520,0.000151
-0.002513,0.000151
-0.002507,0.000151
-0.002500,0.000151
-0.002493,0.000151
-0.002487,0.000151
-0.002480,0.000151
-0.002474,0.000151
-0.002467,0.000151
-0.002461,0.000151
-0.002454,0.000151
-0.002448,0.000151
-0.002441,0.000151
-0.002435,0.000151
-0.002428,0.000151
-0.002422,0.000151
-0.002415,0.000151
-0.002409,0.000151
-0.002402,0.000151
-0.002396,0.000151
-0.002389,0.000151
-0.002383,0.000151
-0.002376,0.000151
-0.002370,0.000151
-0.002363,0.000151
-0.002357,0.000151
-0.002350,0.000151
-0.002344,0.000151
-0.002337,0.000151
-0.002331,0.000151
-0.002324,0.000151
-0.002318,0.000151
-0.002311,0.000151
-0.002305,0.000151
-0.002298,0.000151
-0.002292,0.000151
-0.002285,0.000151
-0.002279,0.000151
-0.002272,0.000151
-0.002266,0.000151
-0.002259,0.000151
-0.002253,0.000151
-0.002246,0.000151
-0.002240,0.000151
-0.002233,0.000151
-0.002227,0.000151
-0.002220,0.000151
-0.002214,0.000151
-0.002207,0.000151
-0.002201,0.000151
-0.002194,0.000151
-0.002188,0.000151
-0.002181,0.000151
-0.002174,0.000151
-0.002168,0.000151
-0.002161,0.000151
-0.002155,0.000151
-0.002148,0.000151
-0.002142,0.000151
-0.002135,0.000151
-0.002129,0.000151
-0.002122,0.000151
-0.002116,0.000151
-0.002109,0.000151
-0.002103,0.000151
-0.002096,0.000151
-0.002090,0.000151
-0.002083,0.000151
-0.002077,0.000151
-0.002070,0.000151
-0.002064,0.000151
-0.002057,0.000151
-0.002051,0.000151
-0.002044,0.000151
-0.002038,0.000151
-0.002031,0.000151
-0.002025,0.000151
-0.002018,0.000151
-0.002012,0.000151
-0.002005,0.000151
-0.001999,0.000151
-0.001992,0.000151
-0.001986,0.000151
-0.001979,0.000151
-0.001973,0.000151
-0.001966,0.000151
-0.001960,0.000151
-0.001953,0.000151
-0.001947,0.000151
-0.001940,0.000151
-0.001934,0.000151
-0.001927,0.000151
-0.001921,0.000151
-0.001914,0.000151
-0.001908,0.000151
-0.001901,0.000151
-0.001895,0.000151
-0.001888,0.000151
-0.001882,0.000151
-0.001875,0.000151
-0.001868,0.000151
-0.001862,0.000151
-0.001855,0.000151
-0.001849,0.000151
-0.001842,0.000151
-0.001836,0.000151
-0.001829,0.000151
-0.001823,0.000151
-0.001816,0.000151
-0.001810,0.000151
-0.001803,0.000151
-0.001797,0.000151
-0.001790,0.000151
-0.001784,0.000151
-0.001777,0.000151
-0.001771,0.000151
-0.001764,0.000151
-0.001758,0.000151
-0.001751,0.000151
-0.001745,0.000151
-0.001738,0.000151
-0.001732,0.000151
-0.001725,0.000151
-0.001719,0.000151
-0.001712,0.000151
-0.001706,0.000151
-0.001699,0.000151
-0.001693,0.000151
-0.001686,0.000151
-0.001680,0.000151
-0.001673,0.000151
-0.001667,0.000151
-0.001660,0.000151
-0.001654,0.000151
-0.001647,0.000151
-0.001641,0.000151
-0.001634,0.000151
-0.001628,0.000151
-0.001621,0.000151
-0.001615,0.000151
-0.001608,0.000151
-0.001602,0.000151
-0.001595,0.000151
-0.001589,0.000151
-0.001582,0.000151
-0.001576,0.000151
-0.001569,0.000151
-0.001563,0.000151
-0.001556,0.000151
-0.001549,0.000151
-0.001543,0.000151
-0.001536,0.000151
-0.001530,0.000151
-0.001523,0.000151
-0.001517,0.000151
-0.001510,0.000151
-0.001504,0.000151
-0.001497,0.000151
-0.001491,0.000151
-0.001484,0.000151
-0.001478,0.000151
-0.001471,0.000151
-0.001465,0.000151
-0.001458,0.000151
-0.001452,0.000151
-0.001445,0.000151
-0.001439,0.000151
-0.001432,0.000151
-0.001426,0.000151
-0.001419,0.000151
-0.001413,0.000151
-0.001406,0.000151
-0.001400,0.000151
-0.001393,0.000151
-0.001387,0.000151
-0.001380,0.000151
-0.001374,0.000151
-0.001367,0.000151
-0.001361,0.000151
-0.001354,0.000151
-0.001348,0.000151
-0.001341,0.000151
-0.001335,0.000151
-0.001328,0.000151
-0.001322,0.000151
-0.001315,0.000151
-0.001309,0.000151
-0.001302,0.000151
-0.001296,0.000151
-0.001289,0.000151
-0.001283,0.000151
-0.001276,0.000151
-0.001270,0.000151
-0.001263,0.000151
-0.001257,0.000151
-0.001250,0.000151
-0.001243,0.000151
-0.001237,0.000151
-0.001230,0.000151
-0.001224,0.000151
-0.001217,0.000151
-0.001211,0.000151
-0.001204,0.000151
-0.001198,0.000151
-0.001191,0.000151
-0.001185,0.000151
-0.001178,0.000151
-0.001172,0.000151
-0.001165,0.000151
-0.001159,0.000151
-0.001152,0.000151
-0.001146,0.000151
-0.001139,0.000151
-0.001133,0.000151
-0.001126,0.000151
-0.001120,0.000151
-0.001113,0.000151
-0.001107,0.000151
-0.001100,0.000151
-0.001094,0.000151
-0.001087,0.000151
-0.001081,0.000151
-0.001074,0.000151
-0.001068,0.000151
-0.001061,0.000151
-0.001055,0.000151
-0.001048,0.000151
-0.001042,0.000151
-0.001035,0.000151
-0.001029,0.000151
-0.001022,0.000151
-0.001016,0.000151
-0.001009,0.000151
-0.001003,0.000151
-0.000996,0.000151
-0.000990,0.000151
-0.000983,0.000151
-0.000977,0.000151
-0.000970,0.000151
-0.000964,0.000151
-0.000957,0.000151
-0.000951,0.000151
-0.000944,0.000151
-0.000938,0.000151
-0.000931,0.000151
-0.000924,0.000151
-0.000918,0.000151
-0.000911,0.000151
-0.000905,0.000151
-0.000898,0.000151
-0.000892,0.000151
-0.000885,0.000151
-0.000879,0.000151
-0.000872,0.000151
-0.000866,0.000151
-0.000859,0.000151
-0.000853,0.000151
-0.000846,0.000151
-0.000840,0.000151
-0.000833,0.000151
-0.000827,0.000151
-0.000820,0.000151
-0.000814,0.000151
-0.000807,0.000151
-0.000801,0.000151
-0.000794,0.000151
-0.000788,0.000151
-0.000781,0.000151
-0.000775,0.000151
-0.000768,0.000151
-0.000762,0.000151
-0.000755,0.000151
-0.000749,0.000151
-0.000742,0.000151
-0.000736,0.000151
-0.000729,0.000151
-0.000723,0.000151
-0.000716,0.000151
-0.000710,0.000151
-0.000703,0.000151
-0.000697,0.000151
-0.000690,0.000151
-0.000684,0.000151
-0.000677,0.000151
-0.000671,0.000151
-0.000664,0.000151
-0.000658,0.000151
-0.000651,0.000151
-0.000645,0.000151
-0.000638,0.000151
-0.000632,0.000151
-0.000625,0.000151
-0.000618,0.000151
-0.000612,0.000151
-0.000605,0.000151
-0.000599,0.000151
-0.000592,0.000151
-0.000586,0.000151
-0.000579,0.000151
-0.000573,0.000151
-0.000566,0.000151
-0.000560,0.000151
-0.000553,0.000151
-0.000547,0.000151
-0.000540,0.000151
-0.000534,0.000151
-0.000527,0.000151
-0.000521,0.000151
-0.000514,0.000151
-0.000508,0.000151
-0.000501,0.000151
-0.000495,0.000151
-0.000488,0.000151
-0.000482,0.000151
-0.000475,0.000151
-0.000469,0.000151
-0.000462,0.000151
-0.000456,0.000151
-0.000449,0.000151
-0.000443,0.000151
-0.000436,0.000151
-0.000430,0.000151
-0.000423,0.000151
-0.000417,0.000151
-0.000410,0.000151
-0.000404,0.000151
-0.000397,0.000151
-0.000391,0.000151
-0.000384,0.000151
-0.000378,0.000151
-0.000371,0.000151
-0.000365,0.000151
-0.000358,0.000151
-0.000352,0.000151
-0.000345,0.000151
-0.000339,0.000151
-0.000332,0.000151
-0.000326,0.000151
-0.000319,0.000151
-0.000313,0.000151
-0.000306,0.000151
-0.000299,0.000151
-0.000293,0.000151
-0.000286,0.000151
-0.000280,0.000151
-0.000273,0.000151
-0.000267,0.000151
-0.000260,0.000151
-0.000254,0.000151
-0.000247,0.000151
-0.000241,0.000151
-0.000234,0.000151
-0.000228,0.000151
-0.000221,0.000151
-0.000215,0.000151
-0.000208,0.000151
-0.000202,0.000151
-0.000195,0.000151
-0.000189,0.000151
-0.000182,0.000151
-0.000176,0.000151
-0.000169,0.000151
-0.000163,0.000151
-0.000156,0.000151
-0.000150,0.000151
-0.000143,0.000151
-0.000137,0.000151
-0.000130,0.000151
-0.000124,0.000151
-0.000117,0.000151
-0.000111,0.000151
-0.000104,0.000151
-0.000098,0.000151
-0.000091,0.000151
-0.000085,0.000151
-0.000078,0.000151
-0.000072,0.000151
-0.000065,0.000151
-0.000059,0.000151
-0.000052,0.000151
-0.000046,0.000151
-0.000039,0.000151
-0.000033,0.000151
-0.000026,0.000151
-0.000020,0.000151
-0.000013,0.000151
-0.000007,0.000151
-0.000000,0.820251
0.000007,0.788090
0.000013,0.788090
0.000020,0.788090
0.000026,0.788090
0.000033,0.796131
0.000039,0.796131
0.000046,0.796131
0.000052,0.796131
0.000059,0.804171
0.000065,0.804171
0.000072,0.804171
0.000078,0.804171
0.000085,0.804171
0.000091,0.804171
0.000098,0.812211
0.000104,0.812211
0.000111,0.812211
0.000117,0.812211
0.000124,0.812211
0.000130,0.812211
0.000137,0.812211
0.000143,0.820251
0.000150,0.820251
0.000156,0.820251
0.000163,0.820251
0.000169,0.820251
0.000176,0.820251
0.000182,0.820251
0.000189,0.820251
0.000195,0.820251
0.000202,0.828291
0.000208,0.828291
0.000215,0.828291
0.000221,0.828291
0.000228,0.828291
0.000234,0.828291
0.000241,0.828291
0.000247,0.828291
0.000254,0.828291
0.000260,0.836332
0.000267,0.836332
0.000273,0.836332
0.000280,0.836332
0.000286,0.836332
0.000293,0.836332
0.000299,0.836332
0.000306,0.836332
0.000312,0.836332
0.000319,0.836332
0.000326,0.836332
0.000332,0.844372
0.000339,0.844372
0.000345,0.844372
0.000352,0.844372
0.000358,0.844372
0.000365,0.844372
0.000371,0.844372
0.000378,0.844372
0.000384,0.844372
0.000391,0.844372
0.000397,0.844372
0.000404,0.844372
0.000410,0.844372
0.000417,0.844372
0.000423,0.844372
0.000430,0.852412
0.000436,0.852412
0.000443,0.852412
0.000449,0.852412
0.000456,0.852412
0.000462,0.852412
0.000469,0.852412
0.000475,0.852412
0.000482,0.852412
0.000488,0.852412
0.000495,0.852412
0.000501,0.852412
0.000508,0.852412
0.000514,0.852412
0.000521,0.852412
0.000527,0.852412
0.000534,0.852412
0.000540,0.852412
0.000547,0.852412
0.000553,0.852412
0.000560,0.860452
0.000566,0.860452
0.000573,0.860452
0.000579,0.860452
0.000586,0.860452
0.000592,0.860452
0.000599,0.860452
0.000605,0.860452
0.000612,0.860452
0.000618,0.860452
0.000625,0.860452
0.000632,0.860452
0.000638,0.860452
0.000645,0.860452
0.000651,0.860452
0.000658,0.860452
0.000664,0.860452
0.000671,0.860452
0.000677,0.860452
0.000684,0.860452
0.000690,0.860452
0.000697,0.860452
0.000703,0.860452
0.000710,0.860452
0.000716,0.860452
0.000723,0.860452
0.000729,0.860452
0.000736,0.860452
0.000742,0.860452
0.000749,0.860452
0.000755,0.860452
0.000762,0.860452
0.000768,0.860452
0.000775,0.860452
0.000781,0.868492
0.000788,0.868492
0.000794,0.868492
0.000801,0.868492
0.000807,0.868492
0.000814,0.868492
0.000820,0.868492
0.000827,0.868492
0.000833,0.868492
0.000840,0.868492
0.000846,0.868492
0.000853,0.868492
0.000859,0.868492
0.000866,0.868492
0.000872,0.868492
0.000879,0.868492
0.000885,0.868492
0.000892,0.868492
0.000898,0.868492
0.000905,0.868492
0.000911,0.868492
0.000918,0.868492
0.000924,0.868492
0.000931,0.868492
0.000937,0.868492
0.000944,0.868492
0.000951,0.868492
0.000957,0.868492
0.000964,0.868492
0.000970,0.868492
0.000977,0.868492
0.000983,0.868492
0.000990,0.868492
0.000996,0.868492
0.001003,0.868492
0.001009,0.868492
0.001016,0.868492
0.001022,0.868492
0.001029,0.868492
0.001035,0.868492
0.001042,0.868492
0.001048,0.868492
0.001055,0.868492
0.001061,0.868492
0.001068,0.868492
0.001074,0.868492
0.001081,0.868492
0.001087,0.868492
0.001094,0.868492
0.001100,0.868492
0.001107,0.868492
0.001113,0.868492
0.001120,0.868492
0.001126,0.868492
0.001133,0.868492
0.001139,0.868492
0.001146,0.868492
0.001152,0.868492
0.001159,0.868492
0.001165,0.868492
0.001172,0.868492
0.001178,0.868492
0.001185,0.868492
0.001191,0.868492
0.001198,0.868492
0.001204,0.868492
0.001211,0.868492
0.001217,0.868492
0.001224,0.868492
0.001230,0.868492
0.001237,0.868492
0.001243,0.868492
0.001250,0.868492
0.001257,0.868492
0.001263,0.868492
0.001270,0.868492
0.001276,0.868492
0.001283,0.868492
0.001289,0.868492
0.001296,0.868492
0.001302,0.868492
0.001309,0.868492
0.001315,0.868492
0.001322,0.868492
0.001328,0.868492
0.001335,0.868492
0.001341,0.868492
0.001348,0.868492
0.001354,0.868492
0.001361,0.868492
0.001367,0.868492
0.001374,0.868492
0.001380,0.868492
0.001387,0.868492
0.001393,0.868492
0.001400,0.868492
0.001406,0.868492
0.001413,0.868492
0.001419,0.868492
0.001426,0.868492
0.001432,0.868492
0.001439,0.868492
0.001445,0.868492
0.001452,0.868492
0.001458,0.868492
0.001465,0.868492
0.001471,0.868492
0.001478,0.868492
0.001484,0.868492
0.001491,0.868492
0.001497,0.868492
0.001504,0.868492
0.001510,0.868492
0.001517,0.868492
0.001523,0.868492
0.001530,0.868492
0.001536,0.868492
0.001543,0.868492
0.001549,0.868492
0.001556,0.868492
0.001562,0.868492
0.001569,0.868492
0.001576,0.868492
0.001582,0.868492
0.001589,0.868492
0.001595,0.868492
0.001602,0.868492
0.001608,0.868492
0.001615,0.868492
0.001621,0.868492
0.001628,0.868492
0.001634,0.868492
0.001641,0.868492
0.001647,0.868492
0.001654,0.868492
0.001660,0.868492
0.001667,0.868492
0.001673,0.868492
0.001680,0.868492
0.001686,0.868492
0.001693,0.868492
0.001699,0.868492
0.001706,0.868492
0.001712,0.868492
0.001719,0.868492
0.001725,0.868492
0.001732,0.868492
0.001738,0.868492
0.001745,0.868492
0.001751,0.868492
0.001758,0.868492
0.001764,0.868492
0.001771,0.868492
0.001777,0.868492
0.001784,0.868492
0.001790,0.868492
0.001797,0.868492
0.001803,0.868492
0.001810,0.868492
0.001816,0.868492
0.001823,0.868492
0.001829,0.868492
0.001836,0.868492
0.001842,0.868492
0.001849,0.868492
0.001855,0.868492
0.001862,0.868492
0.001868,0.868492
0.001875,0.868492
0.001882,0.868492
0.001888,0.868492
0.001895,0.868492
0.001901,0.868492
0.001908,0.868492
0.001914,0.868492
0.001921,0.868492
0.001927,0.868492
0.001934,0.868492
0.001940,0.868492
0.001947,0.868492
0.001953,0.868492
0.001960,0.868492
0.001966,0.868492
0.001973,0.868492
0.001979,0.868492
0.001986,0.868492
0.001992,0.868492
0.001999,0.868492
0.002005,0.868492
0.002012,0.868492
0.002018,0.868492
0.002025,0.868492
0.002031,0.868492
0.002038,0.868492
0.002044,0.868492
0.002051,0.868492
0.002057,0.868492
0.002064,0.868492
0.002070,0.868492
0.002077,0.868492
0.002083,0.868492
0.002090,0.868492
0.002096,0.868492
0.002103,0.868492
0.002109,0.868492
0.002116,0.868492
0.002122,0.868492
0.002129,0.868492
0.002135,0.868492
0.002142,0.868492
0.002148,0.868492
0.002155,0.868492
0.002161,0.868492
0.002168,0.868492
0.002174,0.868492
0.002181,0.868492
0.002187,0.868492
0.002194,0.868492
0.002201,0.868492
0.002207,0.868492
0.002214,0.868492
0.002220,0.868492
0.002227,0.868492
0.002233,0.868492
0.002240,0.868492
0.002246,0.868492
0.002253,0.868492
0.002259,0.868492
0.002266,0.868492
0.002272,0.868492
0.002279,0.868492
0.002285,0.868492
0.002292,0.868492
0.002298,0.868492
0.002305,0.868492
0.002311,0.868492
0.002318,0.868492
0.002324,0.868492
0.002331,0.868492
0.002337,0.868492
0.002344,0.868492
0.002350,0.868492
0.002357,0.868492
0.002363,0.868492
0.002370,0.868492
0.002376,0.868492
0.002383,0.868492
0.002389,0.868492
0.002396,0.868492
0.002402,0.868492
0.002409,0.868492
0.002415,0.868492
0.002422,0.868492
0.002428,0.868492
0.002435,0.868492
0.002441,0.868492
0.002448,0.868492
0.002454,0.868492
0.002461,0.868492
0.002467,0.868492
0.002474,0.868492
0.002480,0.868492
0.002487,0.868492
0.002493,0.868492
0.002500,0.868492
0.002507,0.868492
0.002513,0.868492
0.002520,0.868492
0.002526,0.868492
0.002533,0.868492
0.002539,0.868492
0.002546,0.868492
0.002552,0.868492
0.002559,0.868492
0.002565,0.868492
0.002572,0.868492
0.002578,0.868492
0.002585,0.868492
0.002591,0.868492
0.002598,0.868492
0.002604,0.868492
0.002611,0.868492
0.002617,0.868492
0.002624,0.868492
0.002630,0.868492
0.002637,0.868492
0.002643,0.868492
0.002650,0.868492
0.002656,0.868492
0.002663,0.868492
0.002669,0.868492
0.002676,0.868492
0.002682,0.868492
0.002689,0.868492
0.002695,0.868492
0.002702,0.868492
0.002708,0.868492
0.002715,0.868492
0.002721,0.868492
0.002728,0.868492
0.002734,0.868492
0.002741,0.868492
0.002747,0.868492
0.002754,0.868492
0.002760,0.868492
0.002767,0.868492
0.002773,0.868492
0.002780,0.868492
0.002786,0.868492
0.002793,0.868492
0.002799,0.868492
0.002806,0.868492
0.002812,0.868492
0.002819,0.868492
0.002826,0.868492
0.002832,0.868492
0.002839,0.868492
0.002845,0.868492
0.002852,0.868492
0.002858,0.868492
0.002865,0.868492
0.002871,0.868492
0.002878,0.868492
0.002884,0.868492
0.002891,0.868492
0.002897,0.868492
0.002904,0.868492
0.002910,0.868492
0.002917,0.868492
0.002923,0.868492
0.002930,0.868492
0.002936,0.868492
0.002943,0.868492
0.002949,0.868492
0.002956,0.876533
0.002962,0.868492
0.002969,0.876533
0.002975,0.868492
0.002982,0.868492
0.002988,0.868492
0.002995,0.868492
0.003001,0.868492
0.003008,0.868492
0.003014,0.876533
0.003021,0.868492
0.003027,0.868492
0.003034,0.868492
0.003040,0.868492
0.003047,0.868492
0.003053,0.868492
0.003060,0.868492
0.003066,0.868492
0.003073,0.868492
0.003079,0.868492
0.003086,0.868492
0.003092,0.868492
0.003099,0.876533
0.003105,0.876533
0.003112,0.868492
0.003118,0.876533
0.003125,0.868492
0.003132,0.876533
0.003138,0.876533
0.003145,0.868492
0.003151,0.876533
0.003158,0.876533
0.003164,0.876533
0.003171,0.876533
0.003177,0.876533
0.003184,0.876533
0.003190,0.876533
0.003197,0.876533
0.003203,0.876533
0.003210,0.868492
0.003216,0.876533
0.003223,0.876533
0.003229,0.876533
0.003236,0.876533
0.003242,0.868492
0.003249,0.876533
0.003255,0.876533
0.003262,0.876533
0.003268,0.876533
0.003275,0.876533
0.003281,0.876533
0.003288,0.876533
0.003294,0.876533
0.003301,0.876533
0.003307,0.876533
0.003314,0.876533
0.003320,0.876533
0.003327,0.876533
0.003333,0.876533
0.003340,0.876533
0.003346,0.876533
0.003353,0.876533
0.003359,0.876533
0.003366,0.876533
0.003372,0.876533
0.003379,0.876533
0.003385,0.876533
0.003392,0.876533
0.003398,0.876533
0.003405,0.876533
0.003411,0.876533
0.003418,0.876533
0.003424,0.876533
0.003431,0.876533
0.003437,0.876533
0.003444,0.876533
0.003451,0.876533
0.003457,0.876533
0.003464,0.876533
0.003470,0.876533
0.003477,0.876533
0.003483,0.876533
0.003490,0.876533
0.003496,0.876533
0.003503,0.876533
0.003509,0.876533
0.003516,0.876533
0.003522,0.876533
0.003529,0.876533
0.003535,0.876533
0.003542,0.876533
0.003548,0.876533
0.003555,0.876533
0.003561,0.876533
0.003568,0.876533
0.003574,0.876533
0.003581,0.876533
0.003587,0.876533
0.003594,0.876533
0.003600,0.876533
0.003607,0.876533
0.003613,0.876533
0.003620,0.876533
0.003626,0.876533
0.003633,0.876533
0.003639,0.876533
0.003646,0.876533
0.003652,0.876533
0.003659,0.876533
0.003665,0.876533
0.003672,0.876533
0.003678,0.876533
0.003685,0.876533
0.003691,0.876533
0.003698,0.876533
0.003704,0.876533
0.003711,0.876533
0.003717,0.876533
0.003724,0.876533
0.003730,0.876533
0.003737,0.876533
0.003743,0.876533
0.003750,0.876533
0.003757,0.876533
0.003763,0.876533
0.003770,0.876533
0.003776,0.876533
0.003783,0.876533
0.003789,0.876533
0.003796,0.876533
0.003802,0.876533
0.003809,0.876533
0.003815,0.876533
0.003822,0.876533
0.003828,0.876533
0.003835,0.876533
0.003841,0.876533
0.003848,0.876533
0.003854,0.876533
0.003861,0.876533
0.003867,0.876533
0.003874,0.876533
0.003880,0.876533
0.003887,0.876533
0.003893,0.876533
0.003900,0.876533
0.003906,0.876533
0.003913,0.876533
0.003919,0.876533
0.003926,0.876533
0.003932,0.876533
0.003939,0.876533
0.003945,0.876533
0.003952,0.876533
0.003958,0.876533
0.003965,0.876533
0.003971,0.876533
0.003978,0.876533
0.003984,0.876533
0.003991,0.876533
0.003997,0.876533
0.004004,0.876533
0.004010,0.876533
0.004017,0.876533
0.004023,0.876533
0.004030,0.876533
0.004036,0.876533
0.004043,0.876533
0.004049,0.876533
0.004056,0.876533
0.004062,0.876533
0.004069,0.876533
0.004076,0.876533
0.004082,0.876533
0.004089,0.876533
0.004095,0.876533
0.004102,0.876533
0.004108,0.876533
0.004115,0.876533
0.004121,0.876533
0.004128,0.876533
0.004134,0.876533
0.004141,0.876533
0.004147,0.876533
0.004154,0.876533
0.004160,0.876533
0.004167,0.876533
0.004173,0.876533
0.004180,0.876533
0.004186,0.876533
0.004193,0.876533
0.004199,0.876533
0.004206,0.876533
0.004212,0.876533
0.004219,0.876533
0.004225,0.876533
0.004232,0.876533
0.004238,0.876533
0.004245,0.876533
0.004251,0.876533
0.004258,0.876533
0.004264,0.876533
0.004271,0.876533
0.004277,0.876533
0.004284,0.876533
0.004290,0.876533
0.004297,0.876533
0.004303,0.876533
0.004310,0.876533
0.004316,0.876533
0.004323,0.876533
0.004329,0.876533
0.004336,0.876533
0.004342,0.876533
0.004349,0.876533
0.004355,0.876533
0.004362,0.876533
0.004368,0.876533
0.004375,0.876533
0.004382,0.876533
0.004388,0.876533
0.004395,0.876533
0.004401,0.876533
0.004408,0.876533
0.004414,0.876533
0.004421,0.876533
0.004427,0.876533
0.004434,0.876533
0.004440,0.876533
0.004447,0.876533
0.004453,0.876533
0.004460,0.876533
0.004466,0.876533
0.004473,0.876533
0.004479,0.876533
0.004486,0.876533
0.004492,0.876533
0.004499,0.876533
0.004505,0.876533
0.004512,0.876533
0.004518,0.876533
0.004525,0.876533
0.004531,0.876533
0.004538,0.876533
0.004544,0.876533
0.004551,0.876533
0.004557,0.876533
0.004564,0.876533
0.004570,0.876533
0.004577,0.876533
0.004583,0.876533
0.004590,0.876533
0.004596,0.876533
0.004603,0.876533
0.004609,0.876533
0.004616,0.876533
0.004622,0.876533
0.004629,0.876533
0.004635,0.876533
0.004642,0.876533
0.004648,0.876533
0.004655,0.876533
0.004661,0.876533
0.004668,0.876533
0.004674,0.876533
0.004681,0.876533
0.004687,0.876533
0.004694,0.876533
0.004701,0.876533
0.004707,0.876533
0.004714,0.876533
0.004720,0.876533
0.004727,0.876533
0.004733,0.876533
0.004740,0.876533
0.004746,0.876533
0.004753,0.876533
0.004759,0.876533
0.004766,0.876533
0.004772,0.876533
0.004779,0.876533
0.004785,0.876533
0.004792,0.876533
0.004798,0.876533
0.004805,0.876533
0.004811,0.876533
0.004818,0.876533
0.004824,0.876533
0.004831,0.876533
0.004837,0.876533
0.004844,0.876533
0.004850,0.876533
0.004857,0.876533
0.004863,0.876533
0.004870,0.876533
0.004876,0.876533
0.004883,0.876533
0.004889,0.876533
0.004896,0.876533
0.004902,0.876533
0.004909,0.876533
0.004915,0.876533
0.004922,0.876533
0.004928,0.876533
0.004935,0.876533
0.004941,0.876533
0.004948,0.876533
0.004954,0.876533
0.004961,0.876533
0.004967,0.876533
0.004974,0.876533
0.004980,0.876533
0.004987,0.876533
0.004993,0.876533
0.005000,0.876533
0.005007,0.876533
0.005013,0.876533
0.005020,0.876533
0.005026,0.876533
0.005033,0.876533
0.005039,0.876533
0.005046,0.876533
0.005052,0.876533
0.005059,0.876533
0.005065,0.876533
0.005072,0.876533
0.005078,0.876533
0.005085,0.876533
0.005091,0.876533
0.005098,0.876533
0.005104,0.876533
0.005111,0.876533
0.005117,0.876533
0.005124,0.876533
0.005130,0.876533
0.005137,0.876533
0.005143,0.876533
0.005150,0.876533
0.005156,0.876533
0.005163,0.876533
0.005169,0.876533
0.005176,0.876533
0.005182,0.876533
0.005189,0.876533
0.005195,0.876533
0.005202,0.876533
0.005208,0.876533
0.005215,0.876533
0.005221,0.876533
0.005228,0.876533
0.005234,0.876533
0.005241,0.876533
0.005247,0.876533
0.005254,0.876533
0.005260,0.876533
0.005267,0.876533
0.005273,0.876533
0.005280,0.876533
0.005286,0.876533
0.005293,0.876533
0.005299,0.876533
0.005306,0.876533
0.005312,0.876533
0.005319,0.876533
0.005326,0.876533
0.005332,0.876533
0.005339,0.876533
0.005345,0.876533
0.005352,0.876533
0.005358,0.876533
0.005365,0.876533
0.005371,0.876533
0.005378,0.876533
0.005384,0.876533
0.005391,0.876533
0.005397,0.876533
0.005404,0.876533
0.005410,0.876533
0.005417,0.876533
0.005423,0.876533
0.005430,0.876533
0.005436,0.876533
0.005443,0.876533
0.005449,0.876533
0.005456,0.876533
0.005462,0.876533
0.005469,0.876533
0.005475,0.876533
0.005482,0.876533
0.005488,0.876533
0.005495,0.876533
0.005501,0.876533
0.005508,0.876533
0.005514,0.876533
0.005521,0.876533
0.005527,0.876533
0.005534,0.876533
0.005540,0.876533
0.005547,0.876533
0.005553,0.876533
0.005560,0.876533
0.005566,0.876533
0.005573,0.876533
0.005579,0.876533
0.005586,0.876533
0.005592,0.876533
0.005599,0.876533
0.005605,0.876533
0.005612,0.876533
0.005618,0.876533
0.005625,0.876533
0.005632,0.876533
0.005638,0.876533
0.005645,0.876533
0.005651,0.876533
0.005658,0.876533
0.005664,0.876533
0.005671,0.876533
0.005677,0.876533
0.005684,0.876533
0.005690,0.876533
0.005697,0.876533
0.005703,0.876533
0.005710,0.876533
0.005716,0.876533
0.005723,0.876533
0.005729,0.876533
0.005736,0.876533
0.005742,0.876533
0.005749,0.876533
0.005755,0.876533
0.005762,0.876533
0.005768,0.876533
0.005775,0.876533
0.005781,0.876533
0.005788,0.876533
0.005794,0.876533
0.005801,0.876533
0.005807,0.876533
0.005814,0.876533
0.005820,0.876533
0.005827,0.876533
0.005833,0.876533
0.005840,0.876533
0.005846,0.876533
0.005853,0.876533
0.005859,0.876533
0.005866,0.876533
0.005872,0.876533
0.005879,0.876533
0.005885,0.876533
0.005892,0.876533
0.005898,0.876533
0.005905,0.876533
0.005911,0.876533
0.005918,0.876533
0.005924,0.876533
0.005931,0.876533
0.005937,0.876533
0.005944,0.876533
0.005951,0.876533
0.005957,0.876533
0.005964,0.876533
0.005970,0.876533
0.005977,0.876533
0.005983,0.876533
0.005990,0.876533
0.005996,0.876533
0.006003,0.876533
0.006009,0.876533
0.006016,0.876533
0.006022,0.876533
0.006029,0.876533
0.006035,0.876533
0.006042,0.876533
0.006048,0.876533
0.006055,0.876533
0.006061,0.876533
0.006068,0.876533
0.006074,0.876533
0.006081,0.876533
0.006087,0.876533
0.006094,0.876533
0.006100,0.876533
0.006107,0.876533
0.006113,0.876533
0.006120,0.876533
0.006126,0.876533
0.006133,0.876533
0.006139,0.876533
0.006146,0.876533
0.006152,0.876533
0.006159,0.876533
0.006165,0.876533
0.006172,0.876533
0.006178,0.876533
0.006185,0.876533
0.006191,0.876533
0.006198,0.876533
0.006204,0.876533
0.006211,0.876533
0.006217,0.876533
0.006224,0.876533
0.006230,0.876533
0.006237,0.876533
0.006243,0.876533
0.006250,0.876533
0.006257,0.876533
0.006263,0.876533
0.006270,0.876533
0.006276,0.876533
0.006283,0.876533
0.006289,0.876533
0.006296,0.876533
0.006302,0.876533
0.006309,0.876533
0.006315,0.876533
0.006322,0.876533
0.006328,0.876533
0.006335,0.876533
0.006341,0.876533
0.006348,0.876533
0.006354,0.876533
0.006361,0.876533
0.006367,0.876533
0.006374,0.876533
0.006380,0.876533
0.006387,0.876533
0.006393,0.876533
0.006400,0.876533
0.006406,0.876533
0.006413,0.876533
0.006419,0.876533
0.006426,0.876533
0.006432,0.876533
0.006439,0.876533
0.006445,0.876533
0.006452,0.876533
0.006458,0.876533
0.006465,0.876533
0.006471,0.876533
0.006478,0.876533
0.006484,0.876533
0.006491,0.876533
0.006497,0.876533
0.006504,0.876533
0.006510,0.876533
0.006517,0.876533
0.006523,0.876533
0.006530,0.876533
0.006536,0.876533
0.006543,0.876533
0.006549,0.876533
0.006556,0.876533
0.006562,0.876533
0.006569,0.876533
0.006576,0.876533
0.006582,0.876533
0.006589,0.876533
0.006595,0.876533
0.006602,0.876533
0.006608,0.876533
0.006615,0.876533
0.006621,0.876533
0.006628,0.876533
0.006634,0.876533
0.006641,0.876533
0.006647,0.876533
0.006654,0.876533
0.006660,0.876533
0.006667,0.876533
0.006673,0.876533
0.006680,0.876533
0.006686,0.876533
0.006693,0.876533
0.006699,0.876533
0.006706,0.876533
0.006712,0.876533
0.006719,0.876533
0.006725,0.876533
0.006732,0.876533
0.006738,0.876533
0.006745,0.876533
0.006751,0.876533
0.006758,0.876533
0.006764,0.876533
0.006771,0.876533
0.006777,0.876533
0.006784,0.876533
0.006790,0.876533
0.006797,0.876533
0.006803,0.876533
0.006810,0.876533
0.006816,0.876533
0.006823,0.876533
0.006829,0.876533
0.006836,0.876533
0.006842,0.876533
0.006849,0.876533
0.006855,0.876533
0.006862,0.876533
0.006868,0.876533
0.006875,0.876533
0.006882,0.876533
0.006888,0.876533
0.006895,0.876533
0.006901,0.876533
0.006908,0.876533
0.006914,0.876533
0.006921,0.876533
0.006927,0.876533
0.006934,0.876533
0.006940,0.876533
0.006947,0.876533
0.006953,0.876533
0.006960,0.876533
0.006966,0.876533
0.006973,0.876533
0.006979,0.876533
0.006986,0.876533
0.006992,0.876533
0.006999,0.876533
0.007005,0.876533
0.007012,0.876533
0.007018,0.876533
0.007025,0.876533
0.007031,0.876533
0.007038,0.876533
0.007044,0.876533
0.007051,0.876533
0.007057,0.876533
0.007064,0.876533
0.007070,0.876533
0.007077,0.876533
0.007083,0.876533
0.007090,0.876533
0.007096,0.876533
0.007103,0.876533
0.007109,0.876533
0.007116,0.876533
0.007122,0.876533
0.007129,0.876533
0.007135,0.876533
0.007142,0.876533
0.007148,0.876533
0.007155,0.876533
0.007161,0.876533
0.007168,0.876533
0.007174,0.876533
0.007181,0.876533
0.007187,0.876533
0.007194,0.876533
0.007201,0.876533
0.007207,0.876533
0.007214,0.876533
0.007220,0.876533
0.007227,0.876533
0.007233,0.876533
0.007240,0.876533
0.007246,0.876533
0.007253,0.876533
0.007259,0.876533
0.007266,0.876533
0.007272,0.876533
0.007279,0.876533
0.007285,0.876533
0.007292,0.876533
0.007298,0.876533
0.007305,0.876533
0.007311,0.876533
0.007318,0.876533
0.007324,0.876533
0.007331,0.876533
0.007337,0.876533
0.007344,0.876533
0.007350,0.876533
0.007357,0.876533
0.007363,0.876533
0.007370,0.876533
0.007376,0.876533
0.007383,0.876533
0.007389,0.876533
0.007396,0.876533
0.007402,0.876533
0.007409,0.876533
0.007415,0.876533
0.007422,0.876533
0.007428,0.876533
0.007435,0.876533
0.007441,0.876533
0.007448,0.876533
0.007454,0.876533
0.007461,0.876533
0.007467,0.876533
0.007474,0.876533
0.007480,0.876533
0.007487,0.876533
0.007493,0.876533
0.007500,0.876533
0.007507,0.876533
0.007513,0.876533
0.007520,0.876533
0.007526,0.876533
0.007533,0.876533
0.007539,0.876533
0.007546,0.876533
0.007552,0.876533
0.007559,0.876533
0.007565,0.876533
0.007572,0.876533
0.007578,0.876533
0.007585,0.884573
0.007591,0.876533
0.007598,0.884573
0.007604,0.876533
0.007611,0.884573
0.007617,0.876533
0.007624,0.884573
0.007630,0.876533
0.007637,0.884573
0.007643,0.876533
0.007650,0.884573
0.007656,0.876533
0.007663,0.876533
0.007669,0.876533
0.007676,0.876533
0.007682,0.876533
0.007689,0.876533
0.007695,0.876533
0.007702,0.876533
0.007708,0.876533
0.007715,0.876533
0.007721,0.876533
0.007728,0.876533
0.007734,0.876533
0.007741,0.876533
0.007747,0.876533
0.007754,0.876533
0.007760,0.876533
0.007767,0.876533
0.007773,0.876533
0.007780,0.876533
0.007786,0.876533
0.007793,0.876533
0.007799,0.884573
0.007806,0.876533
0.007812,0.876533
0.007819,0.876533
0.007826,0.884573
0.007832,0.876533
0.007839,0.876533
0.007845,0.876533
0.007852,0.876533
0.007858,0.876533
0.007865,0.876533
0.007871,0.884573
0.007878,0.876533
0.007884,0.876533
0.007891,0.876533
0.007897,0.876533
0.007904,0.876533
0.007910,0.876533
0.007917,0.876533
0.007923,0.876533
0.007930,0.884573
0.007936,0.884573
0.007943,0.876533
0.007949,0.884573
0.007956,0.876533
0.007962,0.884573
0.007969,0.884573
0.007975,0.884573
0.007982,0.876533
0.007988,0.876533
0.007995,0.884573
0.008001,0.876533
0.008008,0.884573
0.008014,0.876533
0.008021,0.876533
0.008027,0.884573
0.008034,0.884573
0.008040,0.876533
0.008047,0.884573
0.008053,0.876533
0.008060,0.876533
0.008066,0.884573
0.008073,0.876533
0.008079,0.884573
0.008086,0.876533
0.008092,0.884573
0.008099,0.876533
0.008105,0.876533
0.008112,0.884573
0.008118,0.876533
0.008125,0.884573
0.008132,0.876533
0.008138,0.884573
0.008145,0.884573
0.008151,0.884573
0.008158,0.884573
0.008164,0.884573
0.008171,0.884573
0.008177,0.884573
0.008184,0.884573
0.008190,0.884573
0.008197,0.884573
0.008203,0.884573
0.008210,0.884573
0.008216,0.884573
0.008223,0.876533
0.008229,0.884573
0.008236,0.884573
0.008242,0.884573
0.008249,0.884573
0.008255,0.884573
0.008262,0.884573
0.008268,0.884573
0.008275,0.884573
0.008281,0.884573
0.008288,0.884573
0.008294,0.884573
0.008301,0.884573
0.008307,0.884573
0.008314,0.884573
0.008320,0.884573
0.008327,0.884573
0.008333,0.884573
0.008340,0.884573
0.008346,0.884573
0.008353,0.884573
0.008359,0.884573
0.008366,0.884573
0.008372,0.876533
0.008379,0.884573
0.008385,0.884573
0.008392,0.884573
0.008398,0.884573
0.008405,0.884573
0.008411,0.884573
0.008418,0.884573
0.008424,0.876533
0.008431,0.884573
0.008437,0.884573
0.008444,0.884573
0.008451,0.884573
0.008457,0.876533
0.008464,0.884573
0.008470,0.884573
0.008477,0.884573
0.008483,0.884573
0.008490,0.884573
0.008496,0.884573
0.008503,0.884573
0.008509,0.884573
0.008516,0.884573
0.008522,0.884573
0.008529,0.884573
0.008535,0.884573
0.008542,0.884573
0.008548,0.884573
0.008555,0.884573
0.008561,0.884573
0.008568,0.884573
0.008574,0.884573
0.008581,0.884573
0.008587,0.884573
0.008594,0.884573
0.008600,0.884573
0.008607,0.884573
0.008613,0.884573
0.008620,0.884573
0.008626,0.884573
0.008633,0.884573
0.008639,0.884573
0.008646,0.884573
0.008652,0.884573
0.008659,0.884573
0.008665,0.884573
0.008672,0.884573
0.008678,0.884573
0.008685,0.884573
0.008691,0.884573
0.008698,0.876533
0.008704,0.884573
0.008711,0.884573
0.008717,0.884573
0.008724,0.884573
0.008730,0.884573
0.008737,0.884573
0.008743,0.884573
0.008750,0.884573
0.008757,0.884573
0.008763,0.884573
0.008770,0.884573
0.008776,0.884573
0.008783,0.884573
0.008789,0.884573
0.008796,0.884573
0.008802,0.884573
0.008809,0.884573
0.008815,0.884573
0.008822,0.884573
0.008828,0.884573
0.008835,0.884573
0.008841,0.884573
0.008848,0.884573
0.008854,0.884573
0.008861,0.884573
0.008867,0.884573
0.008874,0.884573
0.008880,0.884573
0.008887,0.884573
0.008893,0.884573
0.008900,0.884573
0.008906,0.884573
0.008913,0.884573
0.008919,0.884573
0.008926,0.884573
0.008932,0.884573
0.008939,0.884573
0.008945,0.884573
0.008952,0.884573
0.008958,0.884573
0.008965,0.884573
0.008971,0.884573
0.008978,0.884573
0.008984,0.884573
0.008991,0.884573
0.008997,0.884573
0.009004,0.884573
0.009010,0.884573
0.009017,0.884573
0.009023,0.884573
0.009030,0.884573
0.009036,0.884573
0.009043,0.884573
0.009049,0.884573
0.009056,0.884573
0.009062,0.884573
0.009069,0.884573
0.009076,0.884573
0.009082,0.884573
0.009089,0.884573
0.009095,0.884573
0.009102,0.884573
0.009108,0.884573
0.009115,0.884573
0.009121,0.884573
0.009128,0.884573
0.009134,0.884573
0.009141,0.884573
0.009147,0.884573
0.009154,0.884573
0.009160,0.884573
0.009167,0.884573
0.009173,0.884573
0.009180,0.884573
0.009186,0.884573
0.009193,0.884573
0.009199,0.884573
0.009206,0.884573
0.009212,0.884573
0.009219,0.884573
0.009225,0.884573
0.009232,0.884573
0.009238,0.884573
0.009245,0.884573
0.009251,0.884573
0.009258,0.884573
0.009264,0.884573
0.009271,0.884573
0.009277,0.884573
0.009284,0.884573
0.009290,0.884573
0.009297,0.884573
0.009303,0.884573
0.009310,0.884573
0.009316,0.884573
0.009323,0.884573
0.009329,0.884573
0.009336,0.884573
0.009342,0.884573
0.009349,0.884573
0.009355,0.884573
0.009362,0.884573
0.009368,0.884573
0.009375,0.884573
0.009382,0.884573
0.009388,0.884573
0.009395,0.884573
0.009401,0.884573
0.009408,0.884573
0.009414,0.884573
0.009421,0.884573
0.009427,0.884573
0.009434,0.884573
0.009440,0.884573
0.009447,0.884573
0.009453,0.884573
0.009460,0.884573
0.009466,0.884573
0.009473,0.884573
0.009479,0.884573
0.009486,0.884573
0.009492,0.884573
0.009499,0.884573
0.009505,0.884573
0.009512,0.884573
0.009518,0.884573
0.009525,0.884573
0.009531,0.884573
0.009538,0.884573
0.009544,0.884573
0.009551,0.884573
0.009557,0.884573
0.009564,0.884573
0.009570,0.884573
0.009577,0.884573
0.009583,0.884573
0.009590,0.884573
0.009596,0.884573
0.009603,0.884573
0.009609,0.884573
0.009616,0.884573
0.009622,0.884573
0.009629,0.884573
0.009635,0.884573
0.009642,0.884573
0.009648,0.884573
0.009655,0.884573
0.009661,0.884573
0.009668,0.884573
0.009674,0.884573
0.009681,0.884573
0.009687,0.884573
0.009694,0.884573
0.009701,0.884573
0.009707,0.884573
0.009714,0.884573
0.009720,0.884573
0.009727,0.884573
0.009733,0.884573
0.009740,0.884573
0.009746,0.884573
0.009753,0.884573
0.009759,0.884573
0.009766,0.884573
0.009772,0.884573
0.009779,0.884573
0.009785,0.884573
0.009792,0.884573
0.009798,0.884573
0.009805,0.884573
0.009811,0.884573
0.009818,0.884573
0.009824,0.884573
0.009831,0.884573
0.009837,0.884573
0.009844,0.884573
0.009850,0.884573
0.009857,0.884573
0.009863,0.884573
0.009870,0.884573
0.009876,0.884573
0.009883,0.884573
0.009889,0.884573
0.009896,0.884573
0.009902,0.884573
0.009909,0.884573
0.009915,0.884573
0.009922,0.884573
0.009928,0.884573
0.009935,0.884573
0.009941,0.884573
0.009948,0.884573
0.009954,0.884573
0.009961,0.884573
0.009967,0.884573
0.009974,0.884573
0.009980,0.884573
0.009987,0.884573
0.009993,0.884573
0.010000,0.884573
0.010007,0.884573
0.010013,0.884573
0.010020,0.884573
0.010026,0.884573
0.010033,0.884573
0.010039,0.884573
0.010046,0.884573
0.010052,0.884573
0.010059,0.884573
0.010065,0.884573
0.010072,0.884573
0.010078,0.884573
0.010085,0.884573
0.010091,0.884573
0.010098,0.884573
0.010104,0.884573
0.010111,0.884573
0.010117,0.884573
0.010124,0.884573
0.010130,0.884573
0.010137,0.884573
0.010143,0.884573
0.010150,0.884573
0.010156,0.884573
0.010163,0.884573
0.010169,0.884573
0.010176,0.884573
0.010182,0.884573
0.010189,0.884573
0.010195,0.884573
0.010202,0.884573
0.010208,0.884573
0.010215,0.884573
0.010221,0.884573
0.010228,0.884573
0.010234,0.884573
0.010241,0.884573
0.010247,0.884573
0.010254,0.884573
0.010260,0.884573
0.010267,0.884573
0.010273,0.884573
0.010280,0.884573
0.010286,0.884573
0.010293,0.884573
0.010299,0.884573
0.010306,0.884573
0.010312,0.884573
0.010319,0.884573
0.010326,0.884573
0.010332,0.884573
0.010339,0.884573
0.010345,0.884573
0.010352,0.884573
0.010358,0.884573
0.010365,0.884573
0.010371,0.884573
0.010378,0.884573
0.010384,0.884573
0.010391,0.884573
0.010397,0.884573
0.010404,0.884573
0.010410,0.884573
0.010417,0.884573
0.010423,0.884573
0.010430,0.884573
0.010436,0.884573
0.010443,0.884573
0.010449,0.884573
0.010456,0.884573
0.010462,0.884573
0.010469,0.884573
0.010475,0.884573
0.010482,0.884573
0.010488,0.884573
0.010495,0.884573
0.010501,0.884573
0.010508,0.884573
0.010514,0.884573
0.010521,0.884573
0.010527,0.884573
0.010534,0.884573
0.010540,0.884573
0.010547,0.884573
0.010553,0.884573
0.010560,0.884573
0.010566,0.884573
0.010573,0.884573
0.010579,0.884573
0.010586,0.884573
0.010592,0.884573
0.010599,0.884573
0.010605,0.884573
0.010612,0.884573
0.010618,0.884573
0.010625,0.884573
0.010632,0.884573
0.010638,0.884573
0.010645,0.884573
0.010651,0.884573
0.010658,0.884573
0.010664,0.884573
0.010671,0.884573
0.010677,0.884573
0.010684,0.884573
0.010690,0.884573
0.010697,0.884573
0.010703,0.884573
0.010710,0.884573
0.010716,0.884573
0.010723,0.884573
0.010729,0.884573
0.010736,0.884573
0.010742,0.884573
0.010749,0.884573
0.010755,0.884573
0.010762,0.884573
0.010768,0.884573
0.010775,0.884573
0.010781,0.884573
0.010788,0.884573
0.010794,0.884573
0.010801,0.884573
0.010807,0.884573
0.010814,0.884573
0.010820,0.884573
0.010827,0.884573
0.010833,0.884573
0.010840,0.884573
0.010846,0.884573
0.010853,0.884573
0.010859,0.884573
0.010866,0.884573
0.010872,0.884573
0.010879,0.884573
0.010885,0.884573
0.010892,0.884573
0.010898,0.884573
0.010905,0.884573
0.010911,0.884573
0.010918,0.884573
0.010924,0.884573
0.010931,0.884573
0.010937,0.884573
0.010944,0.884573
0.010951,0.884573
0.010957,0.884573
0.010964,0.884573
0.010970,0.884573
0.010977,0.884573
0.010983,0.884573
0.010990,0.884573
0.010996,0.884573
0.011003,0.884573
0.011009,0.884573
0.011016,0.884573
0.011022,0.884573
0.011029,0.884573
0.011035,0.884573
0.011042,0.884573
0.011048,0.884573
0.011055,0.884573
0.011061,0.884573
0.011068,0.884573
0.011074,0.884573
0.011081,0.884573
0.011087,0.884573
0.011094,0.884573
0.011100,0.884573
0.011107,0.884573
0.011113,0.884573
0.011120,0.884573
0.011126,0.884573
0.011133,0.884573
0.011139,0.884573
0.011146,0.884573
0.011152,0.884573
0.011159,0.884573
0.011165,0.884573
0.011172,0.884573
0.011178,0.884573
0.011185,0.884573
0.011191,0.884573
0.011198,0.884573
0.011204,0.884573
0.011211,0.884573
0.011217,0.884573
0.011224,0.884573
0.011230,0.884573
0.011237,0.884573
0.011243,0.884573
0.011250,0.884573
0.011257,0.884573
0.011263,0.884573
0.011270,0.884573
0.011276,0.884573
0.011283,0.884573
0.011289,0.884573
0.011296,0.884573
0.011302,0.884573
0.011309,0.884573
0.011315,0.884573
0.011322,0.884573
0.011328,0.884573
0.011335,0.884573
0.011341,0.884573
0.011348,0.884573
0.011354,0.884573
0.011361,0.884573
0.011367,0.884573
0.011374,0.884573
0.011380,0.884573
0.011387,0.884573
0.011393,0.884573
0.011400,0.884573
0.011406,0.884573
0.011413,0.884573
0.011419,0.884573
0.011426,0.884573
0.011432,0.884573
0.011439,0.884573
0.011445,0.884573
0.011452,0.884573
0.011458,0.884573
0.011465,0.884573
0.011471,0.884573
0.011478,0.884573
0.011484,0.884573
0.011491,0.884573
0.011497,0.884573
0.011504,0.884573
0.011510,0.884573
0.011517,0.884573
0.011523,0.884573
0.011530,0.884573
0.011536,0.884573
0.011543,0.884573
0.011549,0.884573
0.011556,0.884573
0.011562,0.884573
0.011569,0.884573
0.011576,0.884573
0.011582,0.884573
0.011589,0.884573
0.011595,0.884573
0.011602,0.884573
0.011608,0.884573
0.011615,0.884573
0.011621,0.884573
0.011628,0.884573
0.011634,0.884573
0.011641,0.884573
0.011647,0.884573
0.011654,0.884573
0.011660,0.884573
0.011667,0.884573
0.011673,0.884573
0.011680,0.884573
0.011686,0.884573
0.011693,0.884573
0.011699,0.884573
0.011706,0.884573
0.011712,0.884573
0.011719,0.884573
0.011725,0.884573
0.011732,0.884573
0.011738,0.884573
0.011745,0.884573
0.011751,0.884573
0.011758,0.884573
0.011764,0.884573
0.011771,0.884573
0.011777,0.884573
0.011784,0.884573
0.011790,0.884573
0.011797,0.884573
0.011803,0.884573
0.011810,0.884573
0.011816,0.884573
0.011823,0.884573
0.011829,0.884573
0.011836,0.884573
0.011842,0.884573
0.011849,0.884573
0.011855,0.884573
0.011862,0.884573
0.011868,0.884573
0.011875,0.884573
0.011882,0.884573
0.011888,0.884573
0.011895,0.884573
0.011901,0.884573
0.011908,0.884573
0.011914,0.884573
0.011921,0.884573
0.011927,0.884573
0.011934,0.884573
0.011940,0.884573
0.011947,0.884573
0.011953,0.884573
0.011960,0.884573
0.011966,0.884573
0.011973,0.884573
0.011979,0.884573
0.011986,0.884573
0.011992,0.884573
0.011999,0.884573
0.012005,0.884573
0.012012,0.884573
0.012018,0.884573
0.012025,0.884573
0.012031,0.884573
0.012038,0.884573
0.012044,0.884573
0.012051,0.884573
0.012057,0.884573
0.012064,0.884573
0.012070,0.884573
0.012077,0.884573
0.012083,0.884573
0.012090,0.884573
0.012096,0.884573
0.012103,0.884573
0.012109,0.884573
0.012116,0.884573
0.012122,0.884573
0.012129,0.884573
0.012135,0.884573
0.012142,0.884573
0.012148,0.884573
0.012155,0.884573
0.012161,0.884573
0.012168,0.884573
0.012174,0.884573
0.012181,0.884573
0.012187,0.884573
0.012194,0.884573
0.012201,0.884573
0.012207,0.884573
0.012214,0.884573
0.012220,0.884573
0.012227,0.884573
0.012233,0.884573
0.012240,0.884573
0.012246,0.884573
0.012253,0.884573
0.012259,0.884573
0.012266,0.884573
0.012272,0.884573
0.012279,0.884573
0.012285,0.884573
0.012292,0.884573
0.012298,0.884573
0.012305,0.884573
0.012311,0.884573
0.012318,0.884573
0.012324,0.884573
0.012331,0.884573
0.012337,0.884573
0.012344,0.884573
0.012350,0.884573
0.012357,0.884573
0.012363,0.884573
0.012370,0.884573
0.012376,0.884573
0.012383,0.884573
0.012389,0.884573
0.012396,0.884573
0.012402,0.884573
0.012409,0.884573
0.012415,0.884573
0.012422,0.884573
0.012428,0.884573
0.012435,0.884573
0.012441,0.884573
0.012448,0.884573
0.012454,0.884573
0.012461,0.884573
0.012467,0.884573
0.012474,0.884573
0.012480,0.884573
0.012487,0.884573
0.012493,0.884573
0.012500,0.884573
0.012507,0.884573
0.012513,0.884573
0.012520,0.884573
0.012526,0.884573
0.012533,0.884573
0.012539,0.884573
0.012546,0.884573
0.012552,0.884573
0.012559,0.884573
0.012565,0.884573
0.012572,0.884573
0.012578,0.884573
0.012585,0.884573
0.012591,0.884573
0.012598,0.884573
0.012604,0.884573
0.012611,0.884573
0.012617,0.884573
0.012624,0.884573
0.012630,0.884573
0.012637,0.884573
0.012643,0.884573
0.012650,0.884573
0.012656,0.884573
0.012663,0.884573
0.012669,0.884573
0.012676,0.884573
0.012682,0.884573
0.012689,0.884573
0.012695,0.884573
0.012702,0.884573
0.012708,0.884573
0.012715,0.884573
0.012721,0.884573
0.012728,0.884573
0.012734,0.884573
0.012741,0.884573
0.012747,0.884573
0.012754,0.884573
0.012760,0.884573
0.012767,0.884573
0.012773,0.884573
0.012780,0.884573
0.012786,0.884573
0.012793,0.884573
0.012799,0.884573
0.012806,0.884573
0.012812,0.884573
0.012819,0.884573
0.012826,0.884573
0.012832,0.884573
0.012839,0.884573
0.012845,0.884573
0.012852,0.884573
0.012858,0.884573
0.012865,0.884573
0.012871,0.884573
0.012878,0.884573
0.012884,0.884573
0.012891,0.884573
0.012897,0.884573
0.012904,0.884573
0.012910,0.884573
0.012917,0.884573
0.012923,0.884573
0.012930,0.884573
0.012936,0.884573
0.012943,0.884573
0.012949,0.884573
0.012956,0.884573
0.012962,0.884573
0.012969,0.884573
0.012975,0.884573
0.012982,0.884573
0.012988,0.884573
0.012995,0.884573
0.013001,0.884573
0.013008,0.884573
0.013014,0.884573
0.013021,0.884573
0.013027,0.884573
0.013034,0.884573
0.013040,0.884573
0.013047,0.884573
0.013053,0.884573
0.013060,0.884573
0.013066,0.884573
0.013073,0.884573
0.013079,0.884573
0.013086,0.884573
0.013092,0.884573
0.013099,0.884573
0.013105,0.884573
0.013112,0.884573
0.013118,0.884573
0.013125,0.884573
0.013132,0.884573
0.013138,0.884573
0.013145,0.884573
0.013151,0.884573
0.013158,0.884573
0.013164,0.884573
0.013171,0.884573
0.013177,0.884573
0.013184,0.884573
0.013190,0.884573
0.013197,0.884573
0.013203,0.884573
0.013210,0.884573
0.013216,0.884573
0.013223,0.884573
0.013229,0.884573
0.013236,0.884573
0.013242,0.884573
0.013249,0.884573
0.013255,0.884573
0.013262,0.884573
0.013268,0.884573
0.013275,0.884573
0.013281,0.884573
0.013288,0.884573
0.013294,0.884573
0.013301,0.884573
0.013307,0.884573
0.013314,0.884573
0.013320,0.884573
0.013327,0.884573
0.013333,0.884573
0.013340,0.884573
0.013346,0.884573
0.013353,0.884573
0.013359,0.884573
0.013366,0.884573
0.013372,0.884573
0.013379,0.884573
0.013385,0.884573
0.013392,0.884573
0.013398,0.884573
0.013405,0.884573
0.013411,0.884573
0.013418,0.884573
0.013424,0.884573
0.013431,0.884573
0.013437,0.884573
0.013444,0.884573
0.013451,0.884573
0.013457,0.884573
0.013464,0.884573
0.013470,0.884573
0.013477,0.884573
0.013483,0.884573
0.013490,0.884573
0.013496,0.884573
0.013503,0.884573
0.013509,0.884573
0.013516,0.884573
0.013522,0.884573
0.013529,0.884573
0.013535,0.884573
0.013542,0.884573
0.013548,0.884573
0.013555,0.884573
0.013561,0.884573
0.013568,0.884573
0.013574,0.884573
0.013581,0.884573
0.013587,0.884573
0.013594,0.884573
0.013600,0.884573
0.013607,0.884573
0.013613,0.884573
0.013620,0.884573
0.013626,0.884573
0.013633,0.884573
0.013639,0.884573
0.013646,0.884573
0.013652,0.884573
0.013659,0.884573
0.013665,0.884573
0.013672,0.884573
0.013678,0.884573
0.013685,0.884573
0.013691,0.884573
0.013698,0.884573
0.013704,0.884573
0.013711,0.884573
0.013717,0.884573
0.013724,0.884573
0.013730,0.884573
0.013737,0.884573
0.013743,0.884573
0.013750,0.884573
0.013757,0.884573
0.013763,0.884573
0.013770,0.884573
0.013776,0.884573
0.013783,0.884573
0.013789,0.884573
0.013796,0.884573
0.013802,0.884573
0.013809,0.884573
0.013815,0.884573
0.013822,0.884573
0.013828,0.884573
0.013835,0.884573
0.013841,0.884573
0.013848,0.884573
0.013854,0.884573
0.013861,0.884573
0.013867,0.884573
0.013874,0.884573
0.013880,0.884573
0.013887,0.884573
0.013893,0.884573
0.013900,0.884573
0.013906,0.884573
0.013913,0.884573
0.013919,0.884573
0.013926,0.884573
0.013932,0.884573
0.013939,0.884573
0.013945,0.884573
0.013952,0.884573
0.013958,0.884573
0.013965,0.884573
0.013971,0.884573
0.013978,0.884573
0.013984,0.884573
0.013991,0.884573
0.013997,0.884573
0.014004,0.884573
0.014010,0.884573
0.014017,0.884573
0.014023,0.884573
0.014030,0.884573
0.014036,0.884573
0.014043,0.884573
0.014049,0.884573
0.014056,0.884573
0.014062,0.884573
0.014069,0.884573
0.014076,0.884573
0.014082,0.884573
0.014089,0.884573
0.014095,0.884573
0.014102,0.884573
0.014108,0.884573
0.014115,0.884573
0.014121,0.884573
0.014128,0.884573
0.014134,0.884573
0.014141,0.884573
0.014147,0.884573
0.014154,0.884573
0.014160,0.884573
0.014167,0.884573
0.014173,0.884573
0.014180,0.884573
0.014186,0.884573
0.014193,0.884573
0.014199,0.884573
0.014206,0.884573
0.014212,0.884573
0.014219,0.884573
0.014225,0.884573
0.014232,0.884573
0.014238,0.884573
0.014245,0.884573
0.014251,0.884573
0.014258,0.884573
0.014264,0.884573
0.014271,0.884573
0.014277,0.884573
0.014284,0.884573
0.014290,0.884573
0.014297,0.884573
0.014303,0.884573
0.014310,0.884573
0.014316,0.884573
0.014323,0.884573
0.014329,0.884573
0.014336,0.884573
0.014342,0.884573
0.014349,0.884573
0.014355,0.884573
0.014362,0.884573
0.014368,0.884573
0.014375,0.884573
0.014382,0.884573
0.014388,0.884573
0.014395,0.884573
0.014401,0.884573
0.014408,0.884573
0.014414,0.884573
0.014421,0.884573
0.014427,0.884573
0.014434,0.884573
0.014440,0.884573
0.014447,0.884573
0.014453,0.884573
0.014460,0.884573
0.014466,0.884573
0.014473,0.884573
0.014479,0.884573
0.014486,0.884573
0.014492,0.884573
0.014499,0.884573
0.014505,0.884573
0.014512,0.884573
0.014518,0.884573
0.014525,0.884573
0.014531,0.884573
0.014538,0.884573
0.014544,0.884573
0.014551,0.884573
0.014557,0.884573
0.014564,0.884573
0.014570,0.884573
0.014577,0.884573
0.014583,0.884573
0.014590,0.884573
0.014596,0.884573
0.014603,0.884573
0.014609,0.884573
0.014616,0.884573
0.014622,0.884573
0.014629,0.884573
0.014635,0.884573
0.014642,0.884573
0.014648,0.884573
0.014655,0.884573
0.014661,0.884573
0.014668,0.884573
0.014674,0.884573
0.014681,0.884573
0.014687,0.884573
0.014694,0.884573
0.014701,0.884573
0.014707,0.884573
0.014714,0.884573
0.014720,0.884573
0.014727,0.884573
0.014733,0.884573
0.014740,0.884573
0.014746,0.884573
0.014753,0.884573
0.014759,0.884573
0.014766,0.884573
0.014772,0.884573
0.014779,0.884573
0.014785,0.884573
0.014792,0.884573
0.014798,0.884573
0.014805,0.884573
0.014811,0.884573
0.014818,0.884573
0.014824,0.884573
0.014831,0.884573
0.014837,0.884573
0.014844,0.884573
0.014850,0.884573
0.014857,0.884573
0.014863,0.884573
0.014870,0.884573
0.014876,0.884573
0.014883,0.884573
0.014889,0.884573
0.014896,0.884573
0.014902,0.884573
0.014909,0.884573
0.014915,0.884573
0.014922,0.884573
0.014928,0.884573
0.014935,0.884573
0.014941,0.884573
0.014948,0.884573
0.014954,0.884573
0.014961,0.884573
0.014967,0.884573
0.014974,0.884573
0.014980,0.884573
0.014987,0.884573
0.014993,0.884573
0.015000,0.884573
0.015007,0.884573
0.015013,0.884573
0.015020,0.884573
0.015026,0.884573
0.015033,0.884573
0.015039,0.884573
0.015046,0.884573
0.015052,0.884573
0.015059,0.884573
0.015065,0.884573
0.015072,0.884573
0.015078,0.884573
0.015085,0.884573
0.015091,0.884573
0.015098,0.884573
0.015104,0.884573
0.015111,0.884573
0.015117,0.884573
0.015124,0.884573
0.015130,0.884573
0.015137,0.884573
0.015143,0.884573
0.015150,0.884573
0.015156,0.884573
0.015163,0.884573
0.015169,0.884573
0.015176,0.884573
0.015182,0.884573
0.015189,0.884573
0.015195,0.884573
0.015202,0.884573
0.015208,0.884573
0.015215,0.884573
0.015221,0.884573
0.015228,0.884573
0.015234,0.884573
0.015241,0.884573
0.015247,0.884573
0.015254,0.884573
0.015260,0.884573
0.015267,0.884573
0.015273,0.884573
0.015280,0.884573
0.015286,0.884573
0.015293,0.884573
0.015299,0.884573
0.015306,0.884573
0.015312,0.884573
0.015319,0.884573
0.015326,0.884573
0.015332,0.884573
0.015339,0.884573
0.015345,0.884573
0.015352,0.884573
0.015358,0.884573
0.015365,0.884573
0.015371,0.884573
0.015378,0.884573
0.015384,0.884573
0.015391,0.884573
0.015397,0.884573
0.015404,0.884573
0.015410,0.884573
0.015417,0.884573
0.015423,0.884573
0.015430,0.884573
0.015436,0.884573
0.015443,0.884573
0.015449,0.884573
0.015456,0.884573
0.015462,0.884573
0.015469,0.884573
0.015475,0.884573
0.015482,0.884573
0.015488,0.884573
0.015495,0.884573
0.015501,0.884573
0.015508,0.884573
0.015514,0.884573
0.015521,0.884573
0.015527,0.884573
0.015534,0.884573
0.015540,0.884573
0.015547,0.884573
0.015553,0.884573
0.015560,0.884573
0.015566,0.884573
0.015573,0.884573
0.015579,0.884573
0.015586,0.884573
0.015592,0.884573
0.015599,0.884573
0.015605,0.884573
0.015612,0.884573
0.015618,0.884573
0.015625,0.884573
0.015632,0.884573
0.015638,0.884573
0.015645,0.884573
0.015651,0.884573
0.015658,0.884573
0.015664,0.884573
0.015671,0.884573
0.015677,0.884573
0.015684,0.884573
0.015690,0.884573
0.015697,0.884573
0.015703,0.884573
0.015710,0.884573
0.015716,0.884573
0.015723,0.884573
0.015729,0.884573
0.015736,0.884573
0.015742,0.884573
0.015749,0.884573
0.015755,0.884573
0.015762,0.884573
0.015768,0.884573
0.015775,0.884573
0.015781,0.884573
0.015788,0.884573
0.015794,0.884573
0.015801,0.884573
0.015807,0.884573
0.015814,0.884573
0.015820,0.884573
0.015827,0.884573
0.015833,0.884573
0.015840,0.884573
0.015846,0.884573
0.015853,0.884573
0.015859,0.884573
0.015866,0.884573
0.015872,0.884573
0.015879,0.884573
0.015885,0.884573
0.015892,0.884573
0.015898,0.884573
0.015905,0.884573
0.015911,0.884573
0.015918,0.884573
0.015924,0.884573
0.015931,0.884573
0.015937,0.884573
0.015944,0.884573
0.015951,0.884573
0.015957,0.884573
0.015964,0.884573
0.015970,0.884573
0.015977,0.884573
0.015983,0.884573
0.015990,0.884573
0.015996,0.884573
0.016003,0.884573
0.016009,0.884573
0.016016,0.884573
0.016022,0.884573
0.016029,0.884573
0.016035,0.884573
0.016042,0.884573
0.016048,0.884573
0.016055,0.884573
0.016061,0.884573
0.016068,0.884573
0.016074,0.884573
0.016081,0.884573
0.016087,0.884573
0.016094,0.884573
0.016100,0.884573
0.016107,0.884573
0.016113,0.884573
0.016120,0.884573
0.016126,0.884573
0.016133,0.884573
0.016139,0.884573
0.016146,0.884573
0.016152,0.884573
0.016159,0.884573
0.016165,0.884573
0.016172,0.884573
0.016178,0.884573
0.016185,0.884573
0.016191,0.884573
0.016198,0.884573
0.016204,0.884573
0.016211,0.884573
0.016217,0.884573
0.016224,0.884573
0.016230,0.884573
0.016237,0.884573
0.016243,0.884573
0.016250,0.884573
0.016257,0.884573
0.016263,0.884573
0.016270,0.884573
0.016276,0.884573
0.016283,0.884573
0.016289,0.884573
0.016296,0.884573
0.016302,0.884573
0.016309,0.884573
0.016315,0.884573
0.016322,0.884573
0.016328,0.884573
0.016335,0.884573
0.016341,0.884573
0.016348,0.884573
0.016354,0.884573
0.016361,0.884573
0.016367,0.884573
0.016374,0.884573
0.016380,0.884573
0.016387,0.884573
0.016393,0.884573
0.016400,0.884573
0.016406,0.884573
0.016413,0.884573
0.016419,0.884573
0.016426,0.884573
0.016432,0.884573
0.016439,0.884573
0.016445,0.884573
0.016452,0.884573
0.016458,0.884573
0.016465,0.884573
0.016471,0.884573
0.016478,0.884573
0.016484,0.884573
0.016491,0.884573
0.016497,0.884573
0.016504,0.884573
0.016510,0.884573
0.016517,0.884573
0.016523,0.884573
0.016530,0.884573
0.016536,0.884573
0.016543,0.884573
0.016549,0.884573
0.016556,0.884573
0.016562,0.884573
0.016569,0.884573
0.016576,0.884573
0.016582,0.884573
0.016589,0.884573
0.016595,0.884573
0.016602,0.884573
0.016608,0.884573
0.016615,0.884573
0.016621,0.884573
0.016628,0.884573
0.016634,0.884573
0.016641,0.884573
0.016647,0.884573
0.016654,0.884573
0.016660,0.884573
0.016667,0.884573
0.016673,0.884573
0.016680,0.884573
0.016686,0.884573
0.016693,0.884573
0.016699,0.884573
0.016706,0.884573
0.016712,0.884573
0.016719,0.884573
0.016725,0.884573
0.016732,0.884573
0.016738,0.884573
0.016745,0.884573
0.016751,0.884573
0.016758,0.884573
0.016764,0.884573
0.016771,0.884573
0.016777,0.884573
0.016784,0.884573
0.016790,0.884573
0.016797,0.884573
0.016803,0.884573
0.016810,0.884573
0.016816,0.884573
0.016823,0.884573
0.016829,0.884573
0.016836,0.884573
0.016842,0.884573
0.016849,0.884573
0.016855,0.884573
0.016862,0.884573
0.016868,0.884573
0.016875,0.884573
0.016882,0.884573
0.016888,0.884573
0.016895,0.884573
0.016901,0.884573
0.016908,0.884573
0.016914,0.884573
0.016921,0.884573
0.016927,0.884573
0.016934,0.884573
0.016940,0.884573
0.016947,0.884573
0.016953,0.884573
0.016960,0.884573
0.016966,0.884573
0.016973,0.884573
0.016979,0.884573
0.016986,0.884573
0.016992,0.884573
0.016999,0.884573
0.017005,0.884573
0.017012,0.884573
0.017018,0.884573
0.017025,0.884573
0.017031,0.884573
0.017038,0.884573
0.017044,0.884573
0.017051,0.884573
0.017057,0.884573
0.017064,0.884573
0.017070,0.884573
0.017077,0.884573
0.017083,0.884573
0.017090,0.884573
0.017096,0.884573
0.017103,0.884573
0.017109,0.884573
0.017116,0.884573
0.017122,0.884573
0.017129,0.884573
0.017135,0.884573
0.017142,0.884573
0.017148,0.884573
0.017155,0.884573
0.017161,0.884573
0.017168,0.884573
0.017174,0.884573
0.017181,0.884573
0.017187,0.884573
0.017194,0.884573
0.017201,0.884573
0.017207,0.884573
0.017214,0.884573
0.017220,0.884573
0.017227,0.884573
0.017233,0.884573
0.017240,0.884573
0.017246,0.884573
0.017253,0.884573
0.017259,0.884573
0.017266,0.884573
0.017272,0.884573
0.017279,0.884573
0.017285,0.884573
0.017292,0.884573
0.017298,0.884573
0.017305,0.884573
0.017311,0.884573
0.017318,0.884573
0.017324,0.884573
0.017331,0.884573
0.017337,0.884573
0.017344,0.884573
0.017350,0.884573
0.017357,0.884573
0.017363,0.884573
0.017370,0.884573
0.017376,0.884573
0.017383,0.884573
0.017389,0.884573
0.017396,0.884573
0.017402,0.884573
0.017409,0.884573
0.017415,0.884573
0.017422,0.884573
0.017428,0.884573
0.017435,0.884573
0.017441,0.884573
0.017448,0.884573
0.017454,0.884573
0.017461,0.884573
0.017467,0.884573
0.017474,0.884573
0.017480,0.884573
0.017487,0.884573
0.017493,0.884573
0.017500,0.884573
0.017507,0.884573
0.017513,0.884573
0.017520,0.884573
0.017526,0.884573
0.017533,0.884573
0.017539,0.884573
0.017546,0.884573
0.017552,0.884573
0.017559,0.884573
0.017565,0.884573
0.017572,0.884573
0.017578,0.884573
0.017585,0.884573
0.017591,0.884573
0.017598,0.884573
0.017604,0.884573
0.017611,0.884573
0.017617,0.884573
0.017624,0.884573
0.017630,0.884573
0.017637,0.884573
0.017643,0.884573
0.017650,0.884573
0.017656,0.884573
0.017663,0.884573
0.017669,0.884573
0.017676,0.884573
0.017682,0.884573
0.017689,0.884573
0.017695,0.884573
0.017702,0.884573
0.017708,0.884573
0.017715,0.884573
0.017721,0.884573
0.017728,0.884573
0.017734,0.884573
0.017741,0.884573
0.017747,0.884573
0.017754,0.884573
0.017760,0.884573
0.017767,0.884573
0.017773,0.884573
0.017780,0.884573
0.017786,0.884573
0.017793,0.884573
0.017799,0.884573
0.017806,0.884573
0.017812,0.884573
0.017819,0.884573
0.017826,0.884573
0.017832,0.884573
0.017839,0.884573
0.017845,0.884573
0.017852,0.884573
0.017858,0.884573
0.017865,0.884573
0.017871,0.884573
0.017878,0.884573
0.017884,0.884573
0.017891,0.884573
0.017897,0.884573
0.017904,0.884573
0.017910,0.884573
0.017917,0.884573
0.017923,0.884573
0.017930,0.884573
0.017936,0.884573
0.017943,0.884573
0.017949,0.884573
0.017956,0.884573
0.017962,0.884573
0.017969,0.884573
0.017975,0.884573
0.017982,0.884573
0.017988,0.884573
0.017995,0.884573
0.018001,0.884573
0.018008,0.884573
0.018014,0.884573
0.018021,0.884573
0.018027,0.884573
0.018034,0.884573
0.018040,0.884573
0.018047,0.884573
0.018053,0.884573
0.018060,0.884573
0.018066,0.884573
0.018073,0.884573
0.018079,0.884573
0.018086,0.884573
0.018092,0.884573
0.018099,0.884573
0.018105,0.884573
0.018112,0.884573
0.018118,0.884573
0.018125,0.884573
0.018132,0.884573
0.018138,0.884573
0.018145,0.884573
0.018151,0.884573
0.018158,0.884573
0.018164,0.884573
0.018171,0.884573
0.018177,0.884573
0.018184,0.884573
0.018190,0.884573
0.018197,0.884573
0.018203,0.884573
0.018210,0.884573
0.018216,0.884573
0.018223,0.884573
0.018229,0.884573
0.018236,0.884573
0.018242,0.884573
0.018249,0.884573
0.018255,0.884573
0.018262,0.884573
0.018268,0.884573
0.018275,0.884573
0.018281,0.884573
0.018288,0.884573
0.018294,0.884573
0.018301,0.884573
0.018307,0.884573
0.018314,0.884573
0.018320,0.884573
0.018327,0.884573
0.018333,0.884573
0.018340,0.884573
0.018346,0.884573
0.018353,0.884573
0.018359,0.884573
0.018366,0.884573
0.018372,0.884573
0.018379,0.884573
0.018385,0.884573
0.018392,0.884573
0.018398,0.884573
0.018405,0.884573
0.018411,0.884573
0.018418,0.884573
0.018424,0.884573
0.018431,0.884573
0.018437,0.884573
0.018444,0.884573
0.018451,0.884573
0.018457,0.884573
0.018464,0.884573
0.018470,0.884573
0.018477,0.884573
0.018483,0.884573
0.018490,0.884573
0.018496,0.884573
0.018503,0.884573
0.018509,0.884573
0.018516,0.884573
0.018522,0.884573
0.018529,0.884573
0.018535,0.884573
0.018542,0.884573
0.018548,0.884573
0.018555,0.884573
0.018561,0.884573
0.018568,0.884573
0.018574,0.884573
0.018581,0.884573
0.018587,0.884573
0.018594,0.884573
0.018600,0.884573
0.018607,0.884573
0.018613,0.884573
0.018620,0.884573
0.018626,0.884573
0.018633,0.884573
0.018639,0.884573
0.018646,0.884573
0.018652,0.884573
0.018659,0.884573
0.018665,0.884573
0.018672,0.884573
0.018678,0.884573
0.018685,0.884573
0.018691,0.884573
0.018698,0.884573
0.018704,0.884573
0.018711,0.884573
0.018717,0.884573
0.018724,0.884573
0.018730,0.884573
0.018737,0.884573
0.018743,0.884573
0.018750,0.884573
0.018757,0.884573
0.018763,0.884573
0.018770,0.884573
0.018776,0.884573
0.018783,0.884573
0.018789,0.884573
0.018796,0.884573
0.018802,0.884573
0.018809,0.884573
0.018815,0.884573
0.018822,0.884573
0.018828,0.884573
0.018835,0.884573
0.018841,0.884573
0.018848,0.884573
0.018854,0.884573
0.018861,0.884573
0.018867,0.884573
0.018874,0.884573
0.018880,0.884573
0.018887,0.884573
0.018893,0.884573
0.018900,0.884573
0.018906,0.884573
0.018913,0.884573
0.018919,0.884573
0.018926,0.884573
0.018932,0.884573
0.018939,0.884573
0.018945,0.884573
0.018952,0.884573
0.018958,0.884573
0.018965,0.884573
0.018971,0.884573
0.018978,0.884573
0.018984,0.884573
0.018991,0.884573
0.018997,0.884573
0.019004,0.884573
0.019010,0.884573
0.019017,0.884573
0.019023,0.884573
0.019030,0.884573
0.019036,0.884573
0.019043,0.884573
0.019049,0.884573
0.019056,0.884573
0.019062,0.884573
0.019069,0.884573
0.019076,0.884573
0.019082,0.884573
0.019089,0.884573
0.019095,0.884573
0.019102,0.884573
0.019108,0.884573
0.019115,0.884573
0.019121,0.884573
0.019128,0.884573
0.019134,0.884573
0.019141,0.884573
0.019147,0.884573
0.019154,0.884573
0.019160,0.884573
0.019167,0.884573
0.019173,0.884573
0.019180,0.884573
0.019186,0.884573
0.019193,0.884573
0.019199,0.884573
0.019206,0.884573
0.019212,0.884573
0.019219,0.884573
0.019225,0.884573
0.019232,0.884573
0.019238,0.884573
0.019245,0.884573
0.019251,0.884573
0.019258,0.884573
0.019264,0.884573
0.019271,0.884573
0.019277,0.884573
0.019284,0.884573
0.019290,0.884573
0.019297,0.884573
0.019303,0.884573
0.019310,0.884573
0.019316,0.884573
0.019323,0.884573
0.019329,0.884573
0.019336,0.884573
0.019342,0.884573
0.019349,0.884573
0.019355,0.884573
0.019362,0.884573
0.019368,0.884573
0.019375,0.884573
0.019382,0.884573
0.019388,0.884573
0.019395,0.884573
0.019401,0.884573
0.019408,0.884573
0.019414,0.884573
0.019421,0.884573
0.019427,0.884573
0.019434,0.884573
0.019440,0.884573
0.019447,0.884573
0.019453,0.884573
0.019460,0.884573
0.019466,0.884573
0.019473,0.884573
0.019479,0.884573
0.019486,0.884573
0.019492,0.884573
0.019499,0.884573
0.019505,0.884573
0.019512,0.884573
0.019518,0.884573
0.019525,0.884573
0.019531,0.884573
0.019538,0.884573
0.019544,0.884573
0.019551,0.884573
0.019557,0.884573
0.019564,0.884573
0.019570,0.884573
0.019577,0.884573
0.019583,0.884573
0.019590,0.884573
0.019596,0.884573
0.019603,0.884573
0.019609,0.884573
0.019616,0.884573
0.019622,0.884573
0.019629,0.884573
0.019635,0.884573
0.019642,0.884573
0.019648,0.884573
0.019655,0.884573
0.019661,0.884573
0.019668,0.884573
0.019674,0.884573
0.019681,0.884573
0.019687,0.884573
0.019694,0.884573
0.019701,0.884573
0.019707,0.884573
0.019714,0.884573
0.019720,0.884573
0.019727,0.884573
0.019733,0.884573
0.019740,0.884573
0.019746,0.884573
0.019753,0.884573
0.019759,0.884573
0.019766,0.884573
0.019772,0.884573
0.019779,0.884573
0.019785,0.884573
0.019792,0.884573
0.019798,0.884573
0.019805,0.884573
0.019811,0.884573
0.019818,0.884573
0.019824,0.884573
0.019831,0.884573
0.019837,0.884573
0.019844,0.884573
0.019850,0.884573
0.019857,0.884573
0.019863,0.884573
0.019870,0.884573
0.019876,0.884573
0.019883,0.884573
0.019889,0.884573
0.019896,0.884573
0.019902,0.884573
0.019909,0.884573
0.019915,0.884573
0.019922,0.884573
0.019928,0.884573
0.019935,0.884573
0.019941,0.884573
0.019948,0.884573
0.019954,0.884573
0.019961,0.884573
0.019967,0.884573
0.019974,0.884573
0.019980,0.884573
0.019987,0.884573
0.019993,0.884573
0.020000,0.884573
0.020007,0.884573
0.020013,0.884573
0.020020,0.884573
0.020026,0.884573
0.020033,0.884573
0.020039,0.884573
0.020046,0.884573
0.020052,0.884573
0.020059,0.884573
0.020065,0.884573
0.020072,0.884573
0.020078,0.884573
0.020085,0.884573
0.020091,0.884573
0.020098,0.884573
0.020104,0.884573
0.020111,0.884573
0.020117,0.884573
0.020124,0.884573
0.020130,0.884573
0.020137,0.884573
0.020143,0.884573
0.020150,0.884573
0.020156,0.884573
0.020163,0.884573
0.020169,0.884573
0.020176,0.884573
0.020182,0.884573
0.020189,0.884573
0.020195,0.884573
0.020202,0.884573
0.020208,0.884573
0.020215,0.884573
0.020221,0.884573
0.020228,0.884573
0.020234,0.884573
0.020241,0.884573
0.020247,0.884573
0.020254,0.884573
0.020260,0.884573
0.020267,0.884573
0.020273,0.884573
0.020280,0.884573
0.020286,0.884573
0.020293,0.884573
0.020299,0.884573
0.020306,0.884573
0.020312,0.884573
0.020319,0.884573
0.020326,0.884573
0.020332,0.884573
0.020339,0.884573
0.020345,0.884573
0.020352,0.884573
0.020358,0.884573
0.020365,0.884573
0.020371,0.884573
0.020378,0.884573
0.020384,0.884573
0.020391,0.884573
0.020397,0.884573
0.020404,0.884573
0.020410,0.884573
0.020417,0.884573
0.020423,0.884573
0.020430,0.884573
0.020436,0.884573
0.020443,0.884573
0.020449,0.884573
0.020456,0.884573
0.020462,0.884573
0.020469,0.884573
0.020475,0.884573
0.020482,0.884573
0.020488,0.884573
0.020495,0.884573
0.020501,0.884573
0.020508,0.884573
0.020514,0.884573
0.020521,0.884573
0.020527,0.884573
0.020534,0.884573
0.020540,0.884573
0.020547,0.884573
0.020553,0.884573
0.020560,0.884573
0.020566,0.884573
0.020573,0.884573
0.020579,0.884573
0.020586,0.884573
0.020592,0.884573
0.020599,0.884573
0.020605,0.884573
0.020612,0.884573
0.020618,0.884573
0.020625,0.884573
0.020632,0.884573
0.020638,0.884573
0.020645,0.884573
0.020651,0.884573
0.020658,0.884573
0.020664,0.884573
0.020671,0.884573
0.020677,0.884573
0.020684,0.884573
0.020690,0.884573
0.020697,0.884573
0.020703,0.884573
0.020710,0.884573
0.020716,0.884573
0.020723,0.884573
0.020729,0.884573
0.020736,0.884573
0.020742,0.884573
0.020749,0.884573
0.020755,0.884573
0.020762,0.884573
0.020768,0.884573
0.020775,0.884573
0.020781,0.884573
0.020788,0.884573
0.020794,0.884573
0.020801,0.884573
0.020807,0.884573
0.020814,0.884573
0.020820,0.884573
0.020827,0.884573
0.020833,0.884573
0.020840,0.884573
0.020846,0.884573
0.020853,0.884573
0.020859,0.884573
0.020866,0.884573
0.020872,0.884573
0.020879,0.884573
0.020885,0.884573
0.020892,0.884573
0.020898,0.884573
0.020905,0.884573
0.020911,0.884573
0.020918,0.884573
0.020924,0.884573
0.020931,0.884573
0.020937,0.884573
0.020944,0.884573
0.020951,0.884573
0.020957,0.884573
0.020964,0.884573
0.020970,0.884573
0.020977,0.884573
0.020983,0.884573
0.020990,0.884573
0.020996,0.884573
0.021003,0.884573
0.021009,0.884573
0.021016,0.884573
0.021022,0.884573
0.021029,0.884573
0.021035,0.884573
0.021042,0.884573
0.021048,0.884573
0.021055,0.884573
0.021061,0.884573
0.021068,0.884573
0.021074,0.884573
0.021081,0.884573
0.021087,0.884573
0.021094,0.884573
0.021100,0.884573
0.021107,0.884573
0.021113,0.884573
0.021120,0.884573
0.021126,0.884573
0.021133,0.884573
0.021139,0.884573
0.021146,0.884573
0.021152,0.884573
0.021159,0.884573
0.021165,0.884573
0.021172,0.884573
0.021178,0.884573
0.021185,0.884573
0.021191,0.884573
0.021198,0.884573
0.021204,0.884573
0.021211,0.884573
0.021217,0.884573
0.021224,0.884573
0.021230,0.884573
0.021237,0.884573
0.021243,0.884573
0.021250,0.884573
0.021257,0.884573
0.021263,0.884573
0.021270,0.884573
0.021276,0.884573
0.021283,0.884573
0.021289,0.884573
0.021296,0.884573
0.021302,0.884573
0.021309,0.884573
0.021315,0.884573
0.021322,0.884573
0.021328,0.884573
0.021335,0.884573
0.021341,0.884573
0.021348,0.884573
0.021354,0.884573
0.021361,0.884573
0.021367,0.884573
0.021374,0.884573
0.021380,0.884573
0.021387,0.884573
0.021393,0.884573
0.021400,0.884573
0.021406,0.884573
0.021413,0.884573
0.021419,0.884573
0.021426,0.884573
0.021432,0.884573
0.021439,0.884573
0.021445,0.884573
0.021452,0.884573
0.021458,0.884573
0.021465,0.884573
0.021471,0.884573
0.021478,0.884573
0.021484,0.884573
0.021491,0.884573
0.021497,0.884573
0.021504,0.884573
0.021510,0.884573
0.021517,0.884573
0.021523,0.884573
0.021530,0.884573
0.021536,0.884573
0.021543,0.884573
0.021549,0.884573
0.021556,0.884573
0.021562,0.884573
0.021569,0.884573
0.021576,0.884573
0.021582,0.884573
0.021589,0.884573
0.021595,0.884573
0.021602,0.884573
0.021608,0.884573
0.021615,0.884573
0.021621,0.884573
0.021628,0.884573
0.021634,0.884573
0.021641,0.884573
0.021647,0.884573
0.021654,0.884573
0.021660,0.884573
0.021667,0.884573
0.021673,0.884573
0.021680,0.884573
0.021686,0.884573
0.021693,0.884573
0.021699,0.884573
0.021706,0.884573
0.021712,0.884573
0.021719,0.884573
0.021725,0.884573
0.021732,0.884573
0.021738,0.884573
0.021745,0.884573
0.021751,0.884573
0.021758,0.884573
0.021764,0.884573
0.021771,0.884573
0.021777,0.884573
0.021784,0.884573
0.021790,0.884573
0.021797,0.884573
0.021803,0.884573
0.021810,0.884573
0.021816,0.884573
0.021823,0.884573
0.021829,0.884573
0.021836,0.884573
0.021842,0.884573
0.021849,0.884573
0.021855,0.884573
0.021862,0.884573
0.021868,0.884573
0.021875,0.884573
0.021882,0.884573
0.021888,0.884573
0.021895,0.884573
0.021901,0.884573
0.021908,0.884573
0.021914,0.884573
0.021921,0.884573
0.021927,0.884573
0.021934,0.884573
0.021940,0.884573
0.021947,0.884573
0.021953,0.884573
0.021960,0.884573
0.021966,0.884573
0.021973,0.884573
0.021979,0.884573
0.021986,0.884573
0.021992,0.884573
0.021999,0.884573
0.022005,0.884573
0.022012,0.884573
0.022018,0.884573
0.022025,0.884573
0.022031,0.884573
0.022038,0.884573
0.022044,0.884573
0.022051,0.884573
0.022057,0.884573
0.022064,0.884573
0.022070,0.884573
0.022077,0.884573
0.022083,0.884573
0.022090,0.884573
0.022096,0.884573
0.022103,0.884573
0.022109,0.884573
0.022116,0.884573
0.022122,0.884573
0.022129,0.884573
0.022135,0.884573
0.022142,0.884573
0.022148,0.884573
0.022155,0.884573
0.022161,0.884573
0.022168,0.884573
0.022174,0.884573
0.022181,0.884573
0.022187,0.884573
0.022194,0.884573
0.022201,0.884573
0.022207,0.884573
0.022214,0.884573
0.022220,0.884573
0.022227,0.884573
0.022233,0.884573
0.022240,0.884573
0.022246,0.884573
0.022253,0.884573
0.022259,0.884573
0.022266,0.884573
0.022272,0.884573
0.022279,0.884573
0.022285,0.884573
0.022292,0.884573
0.022298,0.884573
0.022305,0.884573
0.022311,0.884573
0.022318,0.884573
0.022324,0.884573
0.022331,0.884573
0.022337,0.884573
0.022344,0.884573
0.022350,0.884573
0.022357,0.884573
0.022363,0.884573
0.022370,0.884573
0.022376,0.884573
0.022383,0.884573
0.022389,0.884573
0.022396,0.884573
0.022402,0.884573
0.022409,0.884573
0.022415,0.884573
0.022422,0.884573
0.022428,0.884573
0.022435,0.884573
0.022441,0.884573
0.022448,0.884573
0.022454,0.884573
0.022461,0.884573
0.022467,0.884573
0.022474,0.884573
0.022480,0.884573
0.022487,0.884573
0.022493,0.884573
0.022500,0.884573
0.022507,0.884573
0.022513,0.884573
0.022520,0.884573
0.022526,0.884573
0.022533,0.884573
0.022539,0.884573
0.022546,0.884573
0.022552,0.884573
0.022559,0.884573
0.022565,0.884573
0.022572,0.884573
0.022578,0.884573
0.022585,0.884573
0.022591,0.884573
0.022598,0.884573
0.022604,0.884573
0.022611,0.884573
0.022617,0.884573
0.022624,0.884573
0.022630,0.884573
0.022637,0.884573
0.022643,0.884573
0.022650,0.884573
0.022656,0.884573
0.022663,0.884573
0.022669,0.884573
0.022676,0.884573
0.022682,0.884573
0.022689,0.884573
0.022695,0.884573
0.022702,0.884573
0.022708,0.884573
0.022715,0.884573
0.022721,0.884573
0.022728,0.884573
0.022734,0.884573
0.022741,0.884573
0.022747,0.884573
0.022754,0.884573
0.022760,0.884573
0.022767,0.884573
0.022773,0.884573
0.022780,0.884573
0.022786,0.884573
0.022793,0.884573
0.022799,0.884573
0.022806,0.884573
0.022812,0.884573
0.022819,0.884573
0.022826,0.884573
0.022832,0.884573
0.022839,0.884573
0.022845,0.884573
0.022852,0.884573
0.022858,0.884573
0.022865,0.884573
0.022871,0.884573
0.022878,0.884573
0.022884,0.884573
0.022891,0.884573
0.022897,0.884573
0.022904,0.884573
0.022910,0.884573
0.022917,0.884573
0.022923,0.884573
0.022930,0.884573
0.022936,0.884573
0.022943,0.884573
0.022949,0.884573
0.022956,0.884573
0.022962,0.884573
0.022969,0.884573
0.022975,0.884573
0.022982,0.884573
0.022988,0.884573
0.022995,0.884573
0.023001,0.884573
0.023008,0.884573
0.023014,0.884573
0.023021,0.884573
0.023027,0.884573
0.023034,0.884573
0.023040,0.884573
0.023047,0.884573
0.023053,0.884573
0.023060,0.884573
0.023066,0.884573
0.023073,0.884573
0.023079,0.884573
0.023086,0.884573
0.023092,0.884573
0.023099,0.884573
0.023105,0.884573
0.023112,0.884573
0.023118,0.884573
0.023125,0.884573
0.023132,0.884573
0.023138,0.884573
0.023145,0.884573
0.023151,0.884573
0.023158,0.884573
0.023164,0.884573
0.023171,0.884573
0.023177,0.884573
0.023184,0.884573
0.023190,0.884573
0.023197,0.884573
0.023203,0.884573
0.023210,0.884573
0.023216,0.884573
0.023223,0.884573
0.023229,0.884573
0.023236,0.884573
0.023242,0.884573
0.023249,0.884573
0.023255,0.884573
0.023262,0.884573
0.023268,0.884573
0.023275,0.884573
0.023281,0.884573
0.023288,0.884573
0.023294,0.884573
0.023301,0.884573
0.023307,0.884573
0.023314,0.884573
0.023320,0.884573
0.023327,0.884573
0.023333,0.884573
0.023340,0.884573
0.023346,0.884573
0.023353,0.884573
0.023359,0.884573
0.023366,0.884573
0.023372,0.884573
0.023379,0.884573
0.023385,0.884573
0.023392,0.884573
0.023398,0.884573
0.023405,0.884573
0.023411,0.884573
0.023418,0.884573
0.023424,0.884573
0.023431,0.884573
0.023437,0.884573
0.023444,0.884573
0.023451,0.884573
0.023457,0.884573
0.023464,0.884573
0.023470,0.884573
0.023477,0.884573
0.023483,0.884573
0.023490,0.884573
0.023496,0.884573
0.023503,0.884573
0.023509,0.884573
0.023516,0.884573
0.023522,0.884573
0.023529,0.884573
0.023535,0.884573
0.023542,0.884573
0.023548,0.884573
0.023555,0.884573
0.023561,0.884573
0.023568,0.884573
0.023574,0.884573
0.023581,0.884573
0.023587,0.884573
0.023594,0.884573
0.023600,0.884573
0.023607,0.884573
0.023613,0.884573
0.023620,0.884573
0.023626,0.884573
0.023633,0.884573
0.023639,0.884573
0.023646,0.884573
0.023652,0.884573
0.023659,0.884573
0.023665,0.884573
0.023672,0.884573
0.023678,0.884573
0.023685,0.884573
0.023691,0.884573
0.023698,0.884573
0.023704,0.884573
0.023711,0.884573
0.023717,0.884573
0.023724,0.884573
0.023730,0.884573
0.023737,0.884573
0.023743,0.884573
0.023750,0.884573
0.023757,0.884573
0.023763,0.884573
0.023770,0.884573
0.023776,0.884573
0.023783,0.884573
0.023789,0.884573
0.023796,0.884573
0.023802,0.884573
0.023809,0.884573
0.023815,0.884573
0.023822,0.884573
0.023828,0.884573
0.023835,0.884573
0.023841,0.884573
0.023848,0.884573
0.023854,0.884573
0.023861,0.884573
0.023867,0.884573
0.023874,0.884573
0.023880,0.884573
0.023887,0.884573
0.023893,0.884573
0.023900,0.884573
0.023906,0.884573
0.023913,0.884573
0.023919,0.884573
0.023926,0.884573
0.023932,0.884573
0.023939,0.884573
0.023945,0.884573
0.023952,0.884573
0.023958,0.884573
0.023965,0.884573
0.023971,0.884573
0.023978,0.884573
0.023984,0.884573
0.023991,0.884573
0.023997,0.884573
0.024004,0.884573
0.024010,0.884573
0.024017,0.884573
0.024023,0.884573
0.024030,0.884573
0.024036,0.884573
0.024043,0.884573
0.024049,0.884573
0.024056,0.884573
0.024062,0.884573
0.024069,0.884573
0.024076,0.884573
0.024082,0.884573
0.024089,0.884573
0.024095,0.884573
0.024102,0.884573
0.024108,0.884573
0.024115,0.884573
0.024121,0.884573
0.024128,0.884573
0.024134,0.884573
0.024141,0.884573
0.024147,0.884573
0.024154,0.884573
0.024160,0.884573
0.024167,0.884573
0.024173,0.884573
0.024180,0.884573
0.024186,0.884573
0.024193,0.884573
0.024199,0.884573
0.024206,0.884573
0.024212,0.884573
0.024219,0.884573
0.024225,0.884573
0.024232,0.884573
0.024238,0.884573
0.024245,0.884573
0.024251,0.884573
0.024258,0.884573
0.024264,0.884573
0.024271,0.884573
0.024277,0.884573
0.024284,0.884573
0.024290,0.884573
0.024297,0.884573
0.024303,0.884573
0.024310,0.884573
0.024316,0.884573
0.024323,0.884573
0.024329,0.884573
0.024336,0.884573
0.024342,0.884573
0.024349,0.884573
0.024355,0.884573
0.024362,0.884573
0.024368,0.884573
0.024375,0.884573
0.024382,0.884573
0.024388,0.884573
0.024395,0.884573
0.024401,0.884573
0.024408,0.884573
0.024414,0.884573
0.024421,0.884573
0.024427,0.884573
0.024434,0.884573
0.024440,0.884573
0.024447,0.884573
0.024453,0.884573
0.024460,0.884573
0.024466,0.884573
0.024473,0.884573
0.024479,0.884573
0.024486,0.884573
0.024492,0.884573
0.024499,0.884573
0.024505,0.884573
0.024512,0.884573
0.024518,0.884573
0.024525,0.884573
0.024531,0.884573
0.024538,0.884573
0.024544,0.884573
0.024551,0.884573
0.024557,0.884573
0.024564,0.884573
0.024570,0.884573
0.024577,0.884573
0.024583,0.884573
0.024590,0.884573
0.024596,0.884573
0.024603,0.884573
0.024609,0.884573
0.024616,0.884573
0.024622,0.884573
0.024629,0.884573
0.024635,0.884573
0.024642,0.884573
0.024648,0.884573
0.024655,0.884573
0.024661,0.884573
0.024668,0.884573
0.024674,0.884573
0.024681,0.884573
0.024687,0.884573
0.024694,0.884573
0.024701,0.884573
0.024707,0.884573
0.024714,0.884573
0.024720,0.884573
0.024727,0.884573
0.024733,0.884573
0.024740,0.884573
0.024746,0.884573
0.024753,0.884573
0.024759,0.884573
0.024766,0.884573
0.024772,0.884573
0.024779,0.884573
0.024785,0.884573
0.024792,0.884573
0.024798,0.884573
0.024805,0.884573
0.024811,0.884573
0.024818,0.884573
0.024824,0.884573
0.024831,0.884573
0.024837,0.884573
0.024844,0.884573
0.024850,0.884573
0.024857,0.884573
0.024863,0.884573
0.024870,0.884573
0.024876,0.884573
0.024883,0.884573
0.024889,0.884573
0.024896,0.884573
0.024902,0.884573
0.024909,0.884573
0.024915,0.884573
0.024922,0.884573
0.024928,0.884573
0.024935,0.884573
0.024941,0.884573
0.024948,0.884573
0.024954,0.884573
0.024961,0.884573
0.024967,0.884573
0.024974,0.884573
0.024980,0.884573
0.024987,0.884573
0.024993,0.884573
0.025000,0.884573
0.025007,0.884573
0.025013,0.884573
0.025020,0.884573
0.025026,0.884573
0.025033,0.884573
0.025039,0.884573
0.025046,0.884573
0.025052,0.884573
0.025059,0.884573
0.025065,0.884573
0.025072,0.884573
0.025078,0.884573
0.025085,0.884573
0.025091,0.884573
0.025098,0.884573
0.025104,0.884573
0.025111,0.884573
0.025117,0.884573
0.025124,0.884573
0.025130,0.884573
0.025137,0.884573
0.025143,0.884573
0.025150,0.884573
0.025156,0.884573
0.025163,0.884573
0.025169,0.884573
0.025176,0.884573
0.025182,0.884573
0.025189,0.884573
0.025195,0.884573
0.025202,0.884573
0.025208,0.884573
0.025215,0.884573
0.025221,0.884573
0.025228,0.884573
0.025234,0.884573
0.025241,0.884573
0.025247,0.884573
0.025254,0.884573
0.025260,0.884573
0.025267,0.884573
0.025273,0.884573
0.025280,0.884573
0.025286,0.884573
0.025293,0.884573
0.025299,0.884573
0.025306,0.884573
0.025312,0.884573
0.025319,0.884573
0.025326,0.884573
0.025332,0.884573
0.025339,0.884573
0.025345,0.884573
0.025352,0.884573
0.025358,0.884573
0.025365,0.884573
0.025371,0.884573
0.025378,0.884573
0.025384,0.884573
0.025391,0.884573
0.025397,0.884573
0.025404,0.884573
0.025410,0.884573
0.025417,0.884573
0.025423,0.884573
0.025430,0.884573
0.025436,0.884573
0.025443,0.884573
0.025449,0.884573
0.025456,0.884573
0.025462,0.884573
0.025469,0.884573
0.025475,0.884573
0.025482,0.884573
0.025488,0.884573
0.025495,0.884573
0.025501,0.884573
0.025508,0.884573
0.025514,0.884573
0.025521,0.884573
0.025527,0.884573
0.025534,0.884573
0.025540,0.884573
0.025547,0.884573
0.025553,0.884573
0.025560,0.884573
0.025566,0.884573
0.025573,0.884573
0.025579,0.884573
0.025586,0.884573
0.025592,0.884573
0.025599,0.884573
0.025605,0.884573
0.025612,0.884573
0.025618,0.884573
0.025625,0.884573
0.025632,0.884573
0.025638,0.884573
0.025645,0.884573
0.025651,0.884573
0.025658,0.884573
0.025664,0.884573
0.025671,0.884573
0.025677,0.884573
0.025684,0.884573
0.025690,0.884573
0.025697,0.884573
0.025703,0.884573
0.025710,0.884573
0.025716,0.884573
0.025723,0.884573
0.025729,0.884573
0.025736,0.884573
0.025742,0.884573
0.025749,0.884573
0.025755,0.884573
0.025762,0.884573
0.025768,0.884573
0.025775,0.884573
0.025781,0.884573
0.025788,0.884573
0.025794,0.884573
0.025801,0.884573
0.025807,0.884573
0.025814,0.884573
0.025820,0.884573
0.025827,0.884573
0.025833,0.884573
0.025840,0.884573
0.025846,0.884573
0.025853,0.884573
0.025859,0.884573
0.025866,0.884573
0.025872,0.884573
0.025879,0.884573
0.025885,0.884573
0.025892,0.884573
0.025898,0.884573
0.025905,0.884573
0.025911,0.884573
0.025918,0.884573
0.025924,0.884573
0.025931,0.884573
0.025937,0.884573
0.025944,0.884573
0.025951,0.884573
0.025957,0.884573
0.025964,0.884573
0.025970,0.884573
0.025977,0.884573
0.025983,0.884573
0.025990,0.884573
0.025996,0.884573
0.026003,0.884573
0.026009,0.884573
0.026016,0.884573
0.026022,0.884573
0.026029,0.884573
0.026035,0.884573
0.026042,0.884573
0.026048,0.884573
0.026055,0.884573
0.026061,0.884573
0.026068,0.884573
0.026074,0.884573
0.026081,0.884573
0.026087,0.884573
0.026094,0.884573
0.026100,0.884573
0.026107,0.884573
0.026113,0.884573
0.026120,0.884573
0.026126,0.884573
0.026133,0.884573
0.026139,0.884573
0.026146,0.884573
0.026152,0.884573
0.026159,0.884573
0.026165,0.884573
0.026172,0.884573
0.026178,0.884573
0.026185,0.884573
0.026191,0.884573
0.026198,0.884573
0.026204,0.884573
0.026211,0.884573
0.026217,0.884573
0.026224,0.884573
0.026230,0.884573
0.026237,0.884573
0.026243,0.884573
0.026250,0.884573
0.026257,0.884573
0.026263,0.884573
0.026270,0.884573
0.026276,0.884573
0.026283,0.884573
0.026289,0.884573
0.026296,0.884573
0.026302,0.884573
0.026309,0.884573
0.026315,0.884573
0.026322,0.884573
0.026328,0.884573
0.026335,0.884573
0.026341,0.884573
0.026348,0.884573
0.026354,0.884573
0.026361,0.884573
0.026367,0.884573
0.026374,0.884573
0.026380,0.884573
0.026387,0.884573
0.026393,0.884573
0.026400,0.884573
0.026406,0.884573
0.026413,0.884573
0.026419,0.884573
0.026426,0.884573
0.026432,0.884573
0.026439,0.884573
0.026445,0.884573
0.026452,0.884573
0.026458,0.884573
0.026465,0.884573
0.026471,0.884573
0.026478,0.884573
0.026484,0.884573
0.026491,0.884573
0.026497,0.884573
0.026504,0.884573
0.026510,0.884573
0.026517,0.884573
0.026523,0.884573
0.026530,0.884573
0.026536,0.884573
0.026543,0.884573
0.026549,0.884573
0.026556,0.884573
0.026562,0.884573
0.026569,0.884573
0.026576,0.884573
0.026582,0.884573
0.026589,0.884573
0.026595,0.884573
0.026602,0.884573
0.026608,0.884573
0.026615,0.884573
0.026621,0.884573
0.026628,0.884573
0.026634,0.884573
0.026641,0.884573
0.026647,0.884573
0.026654,0.884573
0.026660,0.884573
0.026667,0.884573
0.026673,0.884573
0.026680,0.884573
0.026686,0.884573
0.026693,0.884573
0.026699,0.884573
0.026706,0.884573
0.026712,0.884573
0.026719,0.884573
0.026725,0.884573
0.026732,0.884573
0.026738,0.884573
0.026745,0.884573
0.026751,0.884573
0.026758,0.884573
0.026764,0.884573
0.026771,0.884573
0.026777,0.884573
0.026784,0.884573
0.026790,0.884573
0.026797,0.884573
0.026803,0.884573
0.026810,0.884573
0.026816,0.884573
0.026823,0.884573
0.026829,0.884573
0.026836,0.884573
0.026842,0.884573
0.026849,0.884573
0.026855,0.884573
0.026862,0.884573
0.026868,0.884573
0.026875,0.884573
0.026882,0.884573
0.026888,0.884573
0.026895,0.884573
0.026901,0.884573
0.026908,0.884573
0.026914,0.884573
0.026921,0.884573
0.026927,0.884573
0.026934,0.884573
0.026940,0.884573
0.026947,0.884573
0.026953,0.884573
0.026960,0.884573
0.026966,0.884573
0.026973,0.884573
0.026979,0.884573
0.026986,0.884573
0.026992,0.884573
0.026999,0.884573
0.027005,0.884573
0.027012,0.884573
0.027018,0.884573
0.027025,0.884573
0.027031,0.884573
0.027038,0.884573
0.027044,0.884573
0.027051,0.884573
0.027057,0.884573
0.027064,0.884573
0.027070,0.884573
0.027077,0.884573
0.027083,0.884573
0.027090,0.884573
0.027096,0.884573
0.027103,0.884573
0.027109,0.884573
0.027116,0.884573
0.027122,0.884573
0.027129,0.884573
0.027135,0.884573
0.027142,0.884573
0.027148,0.884573
0.027155,0.884573
0.027161,0.884573
0.027168,0.884573
0.027174,0.884573
0.027181,0.884573
0.027187,0.884573
0.027194,0.884573
0.027201,0.884573
0.027207,0.884573
0.027214,0.884573
0.027220,0.884573
0.027227,0.884573
0.027233,0.884573
0.027240,0.884573
0.027246,0.884573
0.027253,0.884573
0.027259,0.884573
0.027266,0.884573
0.027272,0.884573
0.027279,0.884573
0.027285,0.884573
0.027292,0.884573
0.027298,0.884573
0.027305,0.884573
0.027311,0.884573
0.027318,0.884573
0.027324,0.884573
0.027331,0.884573
0.027337,0.884573
0.027344,0.884573
0.027350,0.884573
0.027357,0.884573
0.027363,0.884573
0.027370,0.884573
0.027376,0.884573
0.027383,0.884573
0.027389,0.884573
0.027396,0.884573
0.027402,0.884573
0.027409,0.884573
0.027415,0.884573
0.027422,0.884573
0.027428,0.884573
0.027435,0.884573
0.027441,0.884573
0.027448,0.884573
0.027454,0.884573
0.027461,0.884573
0.027467,0.884573
0.027474,0.884573
0.027480,0.884573
0.027487,0.884573
0.027493,0.884573
0.027500,0.884573
0.027507,0.884573
0.027513,0.884573
0.027520,0.884573
0.027526,0.884573
0.027533,0.884573
0.027539,0.884573
0.027546,0.884573
0.027552,0.884573
0.027559,0.884573
0.027565,0.884573
0.027572,0.884573
0.027578,0.884573
0.027585,0.884573
0.027591,0.884573
0.027598,0.884573
0.027604,0.884573
0.027611,0.884573
0.027617,0.884573
0.027624,0.884573
0.027630,0.884573
0.027637,0.884573
0.027643,0.884573
0.027650,0.884573
0.027656,0.884573
0.027663,0.884573
0.027669,0.884573
0.027676,0.884573
0.027682,0.884573
0.027689,0.884573
0.027695,0.884573
0.027702,0.884573
0.027708,0.884573
0.027715,0.884573
0.027721,0.884573
0.027728,0.884573
0.027734,0.884573
0.027741,0.884573
0.027747,0.884573
0.027754,0.884573
0.027760,0.884573
0.027767,0.884573
0.027773,0.884573
0.027780,0.884573
0.027786,0.884573
0.027793,0.884573
0.027799,0.884573
0.027806,0.884573
0.027812,0.884573
0.027819,0.884573
0.027826,0.884573
0.027832,0.884573
0.027839,0.884573
0.027845,0.884573
0.027852,0.884573
0.027858,0.884573
0.027865,0.884573
0.027871,0.884573
0.027878,0.884573
0.027884,0.884573
0.027891,0.884573
0.027897,0.884573
0.027904,0.884573
0.027910,0.884573
0.027917,0.884573
0.027923,0.884573
0.027930,0.884573
0.027936,0.884573
0.027943,0.884573
0.027949,0.884573
0.027956,0.884573
0.027962,0.884573
0.027969,0.884573
0.027975,0.884573
0.027982,0.884573
0.027988,0.884573
0.027995,0.884573
0.028001,0.884573
0.028008,0.884573
0.028014,0.884573
0.028021,0.884573
0.028027,0.884573
0.028034,0.884573
0.028040,0.884573
0.028047,0.884573
0.028053,0.884573
0.028060,0.884573
0.028066,0.884573
0.028073,0.884573
0.028079,0.884573
0.028086,0.884573
0.028092,0.884573
0.028099,0.884573
0.028105,0.884573
0.028112,0.884573
0.028118,0.884573
0.028125,0.884573
0.028132,0.884573
0.028138,0.884573
0.028145,0.884573
0.028151,0.884573
0.028158,0.884573
0.028164,0.884573
0.028171,0.884573
0.028177,0.884573
0.028184,0.884573
0.028190,0.884573
0.028197,0.884573
0.028203,0.884573
0.028210,0.884573
0.028216,0.884573
0.028223,0.884573
0.028229,0.884573
0.028236,0.884573
0.028242,0.884573
0.028249,0.884573
0.028255,0.884573
0.028262,0.884573
0.028268,0.884573
0.028275,0.884573
0.028281,0.884573
0.028288,0.884573
0.028294,0.884573
0.028301,0.884573
0.028307,0.884573
0.028314,0.884573
0.028320,0.884573
0.028327,0.884573
0.028333,0.884573
0.028340,0.884573
0.028346,0.884573
0.028353,0.884573
0.028359,0.884573
0.028366,0.884573
0.028372,0.884573
0.028379,0.884573
0.028385,0.884573
0.028392,0.884573
0.028398,0.884573
0.028405,0.884573
0.028411,0.884573
0.028418,0.884573
0.028424,0.884573
0.028431,0.884573
0.028437,0.884573
0.028444,0.884573
0.028451,0.884573
0.028457,0.884573
0.028464,0.884573
0.028470,0.884573
0.028477,0.884573
0.028483,0.884573
0.028490,0.884573
0.028496,0.884573
0.028503,0.884573
0.028509,0.884573
0.028516,0.884573
0.028522,0.884573
0.028529,0.884573
0.028535,0.884573
0.028542,0.884573
0.028548,0.884573
0.028555,0.884573
0.028561,0.884573
0.028568,0.884573
0.028574,0.884573
0.028581,0.884573
0.028587,0.884573
0.028594,0.884573
0.028600,0.884573
0.028607,0.884573
0.028613,0.884573
0.028620,0.884573
0.028626,0.884573
0.028633,0.884573
0.028639,0.884573
0.028646,0.884573
0.028652,0.884573
0.028659,0.884573
0.028665,0.884573
0.028672,0.884573
0.028678,0.884573
0.028685,0.884573
0.028691,0.884573
0.028698,0.884573
0.028704,0.884573
0.028711,0.884573
0.028717,0.884573
0.028724,0.884573
0.028730,0.884573
0.028737,0.884573
0.028743,0.884573
0.028750,0.884573
0.028757,0.884573
0.028763,0.884573
0.028770,0.884573
0.028776,0.884573
0.028783,0.884573
0.028789,0.884573
0.028796,0.884573
0.028802,0.884573
0.028809,0.884573
0.028815,0.884573
0.028822,0.884573
0.028828,0.884573
0.028835,0.884573
0.028841,0.884573
0.028848,0.884573
0.028854,0.884573
0.028861,0.884573
0.028867,0.884573
0.028874,0.884573
0.028880,0.884573
0.028887,0.884573
0.028893,0.884573
0.028900,0.884573
0.028906,0.884573
0.028913,0.884573
0.028919,0.884573
0.028926,0.884573
0.028932,0.884573
0.028939,0.884573
0.028945,0.884573
0.028952,0.884573
0.028958,0.884573
0.028965,0.884573
0.028971,0.884573
0.028978,0.884573
0.028984,0.884573
0.028991,0.884573
0.028997,0.884573
0.029004,0.884573
0.029010,0.884573
0.029017,0.884573
0.029023,0.884573
0.029030,0.884573
0.029036,0.884573
0.029043,0.884573
0.029049,0.884573
0.029056,0.884573
0.029062,0.884573
0.029069,0.884573
0.029076,0.884573
0.029082,0.884573
0.029089,0.884573
0.029095,0.884573
0.029102,0.884573
0.029108,0.884573
0.029115,0.884573
0.029121,0.884573
0.029128,0.884573
0.029134,0.884573
0.029141,0.884573
0.029147,0.884573
0.029154,0.884573
0.029160,0.884573
0.029167,0.884573
0.029173,0.884573
0.029180,0.884573
0.029186,0.884573
0.029193,0.884573
0.029199,0.884573
0.029206,0.884573
0.029212,0.884573
0.029219,0.884573
0.029225,0.884573
0.029232,0.884573
0.029238,0.884573
0.029245,0.884573
0.029251,0.884573
0.029258,0.884573
0.029264,0.884573
0.029271,0.884573
0.029277,0.884573
0.029284,0.884573
0.029290,0.884573
0.029297,0.884573
0.029303,0.884573
0.029310,0.884573
0.029316,0.884573
0.029323,0.884573
0.029329,0.884573
0.029336,0.884573
0.029342,0.884573
0.029349,0.884573
0.029355,0.884573
0.029362,0.884573
0.029368,0.884573
0.029375,0.884573
0.029382,0.884573
0.029388,0.884573
0.029395,0.884573
0.029401,0.884573
0.029408,0.884573
0.029414,0.884573
0.029421,0.884573
0.029427,0.884573
0.029434,0.884573
0.029440,0.884573
0.029447,0.884573
0.029453,0.884573
0.029460,0.884573
0.029466,0.884573
0.029473,0.884573
0.029479,0.884573
0.029486,0.884573
0.029492,0.884573
0.029499,0.884573
0.029505,0.884573
0.029512,0.884573
0.029518,0.884573
0.029525,0.884573
0.029531,0.884573
0.029538,0.884573
0.029544,0.884573
0.029551,0.884573
0.029557,0.884573
0.029564,0.884573
0.029570,0.884573
0.029577,0.884573
0.029583,0.884573
0.029590,0.884573
0.029596,0.884573
0.029603,0.884573
0.029609,0.884573
0.029616,0.884573
0.029622,0.884573
0.029629,0.884573
0.029635,0.884573
0.029642,0.884573
0.029648,0.884573
0.029655,0.884573
0.029661,0.884573
0.029668,0.884573
0.029674,0.884573
0.029681,0.884573
0.029687,0.884573
0.029694,0.884573
0.029701,0.884573
0.029707,0.884573
0.029714,0.884573
0.029720,0.884573
0.029727,0.884573
0.029733,0.884573
0.029740,0.884573
0.029746,0.884573
0.029753,0.884573
0.029759,0.884573
0.029766,0.884573
0.029772,0.884573
0.029779,0.884573
0.029785,0.884573
0.029792,0.884573
0.029798,0.884573
0.029805,0.884573
0.029811,0.884573
0.029818,0.884573
0.029824,0.884573
0.029831,0.884573
0.029837,0.884573
0.029844,0.884573
0.029850,0.884573
0.029857,0.884573
0.029863,0.884573
0.029870,0.884573
0.029876,0.884573
0.029883,0.884573
0.029889,0.884573
0.029896,0.884573
0.029902,0.884573
0.029909,0.884573
0.029915,0.884573
0.029922,0.884573
0.029928,0.884573
0.029935,0.884573
0.029941,0.884573
0.029948,0.884573
0.029954,0.884573
0.029961,0.884573
0.029967,0.884573
0.029974,0.884573
0.029980,0.884573
0.029987,0.884573
0.029993,0.884573
0.030000,0.884573
0.030007,0.884573
0.030013,0.884573
0.030020,0.884573
0.030026,0.884573
0.030033,0.884573
0.030039,0.884573
0.030046,0.884573
0.030052,0.884573
0.030059,0.884573
0.030065,0.884573
0.030072,0.884573
0.030078,0.884573
0.030085,0.884573
0.030091,0.884573
0.030098,0.884573
0.030104,0.884573
0.030111,0.884573
0.030117,0.884573
0.030124,0.884573
0.030130,0.884573
0.030137,0.884573
0.030143,0.884573
0.030150,0.884573
0.030156,0.884573
0.030163,0.884573
0.030169,0.884573
0.030176,0.884573
0.030182,0.884573
0.030189,0.884573
0.030195,0.884573
0.030202,0.884573
0.030208,0.884573
0.030215,0.884573
0.030221,0.884573
0.030228,0.884573
0.030234,0.884573
0.030241,0.884573
0.030247,0.884573
0.030254,0.884573
0.030260,0.884573
0.030267,0.884573
0.030273,0.884573
0.030280,0.884573
0.030286,0.884573
0.030293,0.884573
0.030299,0.884573
0.030306,0.884573
0.030312,0.884573
0.030319,0.884573
0.030326,0.884573
0.030332,0.522764
0.030339,0.048392
0.030345,0.016231
0.030352,0.008191
0.030358,0.000151
0.030365,0.000151
0.030371,0.000151
0.030378,0.000151
0.030384,0.000151
0.030391,0.000151
0.030397,0.000151
0.030404,0.000151
0.030410,0.000151
0.030417,0.000151
0.030423,0.000151
0.030430,0.000151
0.030436,0.000151
0.030443,0.000151
0.030449,0.000151
0.030456,0.000151
0.030462,0.000151
0.030469,0.000151
0.030475,0.000151
0.030482,0.000151
0.030488,0.000151
0.030495,0.000151
0.030501,0.000151
0.030508,0.000151
0.030514,0.000151
0.030521,0.000151
0.030527,0.000151
0.030534,0.000151
0.030540,0.000151
0.030547,0.000151
0.030553,0.000151
0.030560,0.000151
0.030566,0.000151
0.030573,0.000151
0.030579,0.000151
0.030586,0.000151
0.030592,0.000151
0.030599,0.000151
0.030605,0.000151
0.030612,0.000151
0.030618,0.000151
0.030625,0.000151
0.030632,0.000151
0.030638,0.000151
0.030645,0.000151
0.030651,0.000151
0.030658,0.000151
0.030664,0.000151
0.030671,0.000151
0.030677,0.000151
0.030684,0.000151
0.030690,0.000151
0.030697,0.000151
0.030703,0.000151
0.030710,0.000151
0.030716,0.000151
0.030723,0.000151
0.030729,0.000151
0.030736,0.000151
0.030742,0.000151
0.030749,0.000151
0.030755,0.000151
0.030762,0.000151
0.030768,0.000151
0.030775,0.000151
0.030781,0.000151
0.030788,0.000151
0.030794,0.000151
0.030801,0.000151
0.030807,0.000151
0.030814,0.000151
0.030820,0.000151
0.030827,0.000151
0.030833,0.000151
0.030840,0.000151
0.030846,0.000151
0.030853,0.000151
0.030859,0.000151
0.030866,0.000151
0.030872,0.000151
0.030879,0.000151
0.030885,0.000151
0.030892,0.000151
0.030898,0.000151
0.030905,0.000151
0.030911,0.000151
0.030918,0.000151
0.030924,0.000151
0.030931,0.000151
0.030937,0.000151
0.030944,0.000151
0.030951,0.000151
0.030957,0.000151
0.030964,0.000151
0.030970,0.000151
0.030977,0.000151
0.030983,0.000151
0.030990,0.000151
0.030996,0.000151
0.031003,0.000151
0.031009,0.000151
0.031016,0.000151
0.031022,0.000151
0.031029,0.000151
0.031035,0.000151
0.031042,0.000151
0.031048,0.000151
0.031055,0.000151
0.031061,0.000151
0.031068,0.000151
0.031074,0.000151
0.031081,0.000151
0.031087,0.000151
0.031094,0.000151
0.031100,0.000151
0.031107,0.000151
0.031113,0.000151
0.031120,0.000151
0.031126,0.000151
0.031133,0.000151
0.031139,0.000151
0.031146,0.000151
0.031152,0.000151
0.031159,0.000151
0.031165,0.000151
0.031172,0.000151
0.031178,0.000151
0.031185,0.000151
0.031191,0.000151
0.031198,0.000151
0.031204,0.000151
0.031211,0.000151
0.031217,0.000151
0.031224,0.000151
0.031230,0.000151
0.031237,0.000151
0.031243,0.000151
0.031250,0.000151
0.031257,0.000151
0.031263,0.000151
0.031270,0.000151
0.031276,0.000151
0.031283,0.000151
0.031289,0.000151
0.031296,0.000151
0.031302,0.000151
0.031309,0.000151
0.031315,0.000151
0.031322,0.000151
0.031328,0.000151
0.031335,0.000151
0.031341,0.000151
0.031348,0.000151
0.031354,0.000151
0.031361,0.000151
0.031367,0.000151
0.031374,0.000151
0.031380,0.000151
0.031387,0.000151
0.031393,0.000151
0.031400,0.000151
0.031406,0.000151
0.031413,0.000151
0.031419,0.000151
0.031426,0.000151
0.031432,0.000151
0.031439,0.000151
0.031445,0.000151
0.031452,0.000151
0.031458,0.000151
0.031465,0.000151
0.031471,0.000151
0.031478,0.000151
0.031484,0.000151
0.031491,0.000151
0.031497,0.000151
0.031504,0.000151
0.031510,0.000151
0.031517,0.000151
0.031523,0.000151
0.031530,0.000151
0.031536,0.000151
0.031543,0.000151
0.031549,0.000151
0.031556,0.000151
0.031562,0.000151
0.031569,0.000151
0.031576,0.000151
0.031582,0.000151
0.031589,0.000151
0.031595,0.000151
0.031602,0.000151
0.031608,0.000151
0.031615,0.000151
0.031621,0.000151
0.031628,0.000151
0.031634,0.000151
0.031641,0.000151
0.031647,0.000151
0.031654,0.000151
0.031660,0.000151
0.031667,0.000151
0.031673,0.000151
0.031680,0.000151
0.031686,0.000151
0.031693,0.000151
0.031699,0.000151
0.031706,0.000151
0.031712,0.000151
0.031719,0.000151
0.031725,0.000151
0.031732,0.000151
0.031738,0.000151
0.031745,0.000151
0.031751,0.000151
0.031758,0.000151
0.031764,0.000151
0.031771,0.000151
0.031777,0.000151
0.031784,0.000151
0.031790,0.000151
0.031797,0.000151
0.031803,0.000151
0.031810,0.000151
0.031816,0.000151
0.031823,0.000151
0.031829,0.000151
0.031836,0.000151
0.031842,0.000151
0.031849,0.000151
0.031855,0.000151
0.031862,0.000151
0.031868,0.000151
0.031875,0.000151
0.031882,0.000151
0.031888,0.000151
0.031895,0.000151
0.031901,0.000151
0.031908,0.000151
0.031914,0.000151
0.031921,0.000151
0.031927,0.000151
0.031934,0.000151
0.031940,0.000151
0.031947,0.000151
0.031953,0.000151
0.031960,0.000151
0.031966,0.000151
0.031973,0.000151
0.031979,0.000151
0.031986,0.000151
0.031992,0.000151
0.031999,0.000151
0.032005,0.000151
0.032012,0.000151
0.032018,0.000151
0.032025,0.000151
0.032031,0.000151
0.032038,0.000151
0.032044,0.000151
0.032051,0.000151
0.032057,0.000151
0.032064,0.000151
0.032070,0.000151
0.032077,0.000151
0.032083,0.000151
0.032090,0.000151
0.032096,0.000151
0.032103,0.000151
0.032109,0.000151
0.032116,0.000151
0.032122,0.000151
0.032129,0.000151
0.032135,0.000151
0.032142,0.000151
0.032148,0.000151
0.032155,0.000151
0.032161,0.000151
0.032168,0.000151
0.032174,0.000151
0.032181,0.000151
0.032187,0.000151
0.032194,0.000151
0.032201,0.000151
0.032207,0.000151
0.032214,0.000151
0.032220,0.000151
0.032227,0.000151
0.032233,0.000151
0.032240,0.000151
0.032246,0.000151
0.032253,0.000151
0.032259,0.000151
0.032266,0.000151
0.032272,0.000151
0.032279,0.000151
0.032285,0.000151
0.032292,0.000151
0.032298,0.000151
0.032305,0.000151
0.032311,0.000151
0.032318,0.000151
0.032324,0.000151
0.032331,0.000151
0.032337,0.000151
0.032344,0.000151
0.032350,0.000151
0.032357,0.000151
0.032363,0.000151
0.032370,0.000151
0.032376,0.000151
0.032383,0.000151
0.032389,0.000151
0.032396,0.000151
0.032402,0.000151
0.032409,0.000151
0.032415,0.000151
0.032422,0.000151
0.032428,0.000151
0.032435,0.000151
0.032441,0.000151
0.032448,0.000151
0.032454,0.000151
0.032461,0.000151
0.032467,0.000151
0.032474,0.000151
0.032480,0.000151
0.032487,0.000151
0.032493,0.000151
0.032500,0.000151
0.032507,0.000151
0.032513,0.000151
0.032520,0.000151
0.032526,0.000151
0.032533,0.000151
0.032539,0.000151
0.032546,0.000151
0.032552,0.000151
0.032559,0.000151
0.032565,0.000151
0.032572,0.000151
0.032578,0.000151
0.032585,0.000151
0.032591,0.000151
0.032598,0.000151
0.032604,0.000151
0.032611,0.000151
0.032617,0.000151
0.032624,0.000151
0.032630,0.000151
0.032637,0.000151
0.032643,0.000151
0.032650,0.000151
0.032656,0.000151
0.032663,0.000151
0.032669,0.000151
0.032676,0.000151
0.032682,0.000151
0.032689,0.000151
0.032695,0.000151
0.032702,0.000151
0.032708,0.000151
0.032715,0.000151
0.032721,0.000151
0.032728,0.000151
0.032734,0.000151
0.032741,0.000151
0.032747,0.000151
0.032754,0.000151
0.032760,0.000151
0.032767,0.000151
0.032773,0.000151
0.032780,0.000151
0.032786,0.000151
0.032793,0.000151
0.032799,0.000151
0.032806,0.000151
0.032812,0.000151
0.032819,0.000151
0.032826,0.000151
0.032832,0.000151
0.032839,0.000151
0.032845,0.000151
0.032852,0.000151
0.032858,0.000151
0.032865,0.000151
0.032871,0.000151
0.032878,0.000151
0.032884,0.000151
0.032891,0.000151
0.032897,0.000151
0.032904,0.000151
0.032910,0.000151
0.032917,0.000151
0.032923,0.000151
0.032930,0.000151
0.032936,0.000151
0.032943,0.000151
0.032949,0.000151
0.032956,0.000151
0.032962,0.000151
0.032969,0.000151
0.032975,0.000151
0.032982,0.000151
0.032988,0.000151
0.032995,0.000151
0.033001,0.000151
0.033008,0.000151
0.033014,0.000151
0.033021,0.000151
0.033027,0.000151
0.033034,0.000151
0.033040,0.000151
0.033047,0.000151
0.033053,0.000151
0.033060,0.000151
0.033066,0.000151
0.033073,0.000151
0.033079,0.000151
0.033086,0.000151
0.033092,0.000151
0.033099,0.000151
0.033105,0.000151
0.033112,0.000151
0.033118,0.000151
0.033125,0.000151
0.033132,0.000151
0.033138,0.000151
0.033145,0.000151
0.033151,0.000151
0.033158,0.000151
0.033164,0.000151
0.033171,0.000151
0.033177,0.000151
0.033184,0.000151
0.033190,0.000151
0.033197,0.000151
0.033203,0.000151
0.033210,0.000151
0.033216,0.000151
0.033223,0.000151
0.033229,0.000151
0.033236,0.000151
0.033242,0.000151
0.033249,0.000151
0.033255,0.000151
0.033262,0.000151
0.033268,0.000151
0.033275,0.000151
0.033281,0.000151
0.033288,0.000151
0.033294,0.000151
0.033301,0.000151
0.033307,0.000151
0.033314,0.000151
0.033320,0.000151
0.033327,0.000151
0.033333,0.000151
0.033340,0.000151
0.033346,0.000151
0.033353,0.000151
0.033359,0.000151
0.033366,0.000151
0.033372,0.000151
0.033379,0.000151
0.033385,0.000151
0.033392,0.000151
0.033398,0.000151
0.033405,0.000151
0.033411,0.000151
0.033418,0.000151
0.033424,0.000151
0.033431,0.000151
0.033437,0.000151
0.033444,0.000151
0.033451,0.000151
0.033457,0.000151
0.033464,0.000151
0.033470,0.000151
0.033477,0.000151
0.033483,0.000151
0.033490,0.000151
0.033496,0.000151
0.033503,0.000151
0.033509,0.000151
0.033516,0.000151
0.033522,0.000151
0.033529,0.000151
0.033535,0.000151
0.033542,0.000151
0.033548,0.000151
0.033555,0.000151
0.033561,0.000151
0.033568,0.000151
0.033574,0.000151
0.033581,0.000151
0.033587,0.000151
0.033594,0.000151
0.033600,0.000151
0.033607,0.000151
0.033613,0.000151
0.033620,0.000151
0.033626,0.000151
0.033633,0.000151
0.033639,0.000151
0.033646,0.000151
0.033652,0.000151
0.033659,0.000151
0.033665,0.000151
0.033672,0.000151
0.033678,0.000151
0.033685,0.000151
0.033691,0.000151
0.033698,0.000151
0.033704,0.000151
0.033711,0.000151
0.033717,0.000151
0.033724,0.000151
0.033730,0.000151
0.033737,0.000151
0.033743,0.000151
0.033750,0.000151
0.033757,0.000151
0.033763,0.000151
0.033770,0.000151
0.033776,0.000151
0.033783,0.000151
0.033789,0.000151
0.033796,0.000151
0.033802,0.000151
0.033809,0.000151
0.033815,0.000151
0.033822,0.000151
0.033828,0.000151
0.033835,0.000151
0.033841,0.000151
0.033848,0.000151
0.033854,0.000151
0.033861,0.000151
0.033867,0.000151
0.033874,0.000151
0.033880,0.000151
0.033887,0.000151
0.033893,0.000151
0.033900,0.000151
0.033906,0.000151
0.033913,0.000151
0.033919,0.000151
0.033926,0.000151
0.033932,0.000151
0.033939,0.000151
0.033945,0.000151
0.033952,0.000151
0.033958,0.000151
0.033965,0.000151
0.033971,0.000151
0.033978,0.000151
0.033984,0.000151
0.033991,0.000151
0.033997,0.000151
0.034004,0.000151
0.034010,0.000151
0.034017,0.000151
0.034023,0.000151
0.034030,0.000151
0.034036,0.000151
0.034043,0.000151
0.034049,0.000151
0.034056,0.000151
0.034062,0.000151
0.034069,0.000151
0.034076,0.000151
0.034082,0.000151
0.034089,0.000151
0.034095,0.000151
0.034102,0.000151
0.034108,0.000151
0.034115,0.000151
0.034121,0.000151
0.034128,0.000151
0.034134,0.000151
0.034141,0.000151
0.034147,0.000151
0.034154,0.000151
0.034160,0.000151
0.034167,0.000151
0.034173,0.000151
0.034180,0.000151
0.034186,0.000151
0.034193,0.000151
0.034199,0.000151
0.034206,0.000151
0.034212,0.000151
0.034219,0.000151
0.034225,0.000151
0.034232,0.000151
0.034238,0.000151
0.034245,0.000151
0.034251,0.000151
0.034258,0.000151
0.034264,0.000151
0.034271,0.000151
0.034277,0.000151
0.034284,0.000151
0.034290,0.000151
0.034297,0.000151
0.034303,0.000151
0.034310,0.000151
0.034316,0.000151
0.034323,0.000151
0.034329,0.000151
0.034336,0.000151
0.034342,0.000151
0.034349,0.000151
0.034355,0.000151
0.034362,0.000151
0.034368,0.000151
0.034375,0.000151
0.034382,0.000151
0.034388,0.000151
0.034395,0.000151
0.034401,0.000151
0.034408,0.000151
0.034414,0.000151
0.034421,0.000151
0.034427,0.000151
0.034434,0.000151
0.034440,0.000151
0.034447,0.000151
0.034453,0.000151
0.034460,0.000151
0.034466,0.000151
0.034473,0.000151
0.034479,0.000151
0.034486,0.000151
0.034492,0.000151
0.034499,0.000151
0.034505,0.000151
0.034512,0.000151
0.034518,0.000151
0.034525,0.000151
0.034531,0.000151
0.034538,0.000151
0.034544,0.000151
0.034551,0.000151
0.034557,0.000151
0.034564,0.000151
0.034570,0.000151
0.034577,0.000151
0.034583,0.000151
0.034590,0.000151
0.034596,0.000151
0.034603,0.000151
0.034609,0.000151
0.034616,0.000151
0.034622,0.000151
0.034629,0.000151
0.034635,0.000151
0.034642,0.000151
0.034648,0.000151
0.034655,0.000151
0.034661,0.000151
0.034668,0.000151
0.034674,0.000151
0.034681,0.000151
0.034687,0.000151
0.034694,0.000151
0.034701,0.000151
0.034707,0.000151
0.034714,0.000151
0.034720,0.000151
0.034727,0.000151
0.034733,0.000151
0.034740,0.000151
0.034746,0.000151
0.034753,0.000151
0.034759,0.000151
0.034766,0.000151
0.034772,0.000151
0.034779,0.000151
0.034785,0.000151
0.034792,0.000151
0.034798,0.000151
0.034805,0.000151
0.034811,0.000151
0.034818,0.000151
0.034824,0.000151
0.034831,0.000151
0.034837,0.000151
0.034844,0.000151
0.034850,0.000151
0.034857,0.000151
0.034863,0.000151
0.034870,0.000151
0.034876,0.000151
0.034883,0.000151
0.034889,0.000151
0.034896,0.000151
0.034902,0.000151
0.034909,0.000151
0.034915,0.000151
0.034922,0.000151
0.034928,0.000151
0.034935,0.000151
0.034941,0.000151
0.034948,0.000151
0.034954,0.000151
0.034961,0.000151
0.034967,0.000151
0.034974,0.000151
0.034980,0.000151
0.034987,0.000151
0.034993,0.000151
0.035000,0.000151
0.035007,0.000151
0.035013,0.000151
0.035020,0.000151
0.035026,0.000151
0.035033,0.000151
0.035039,0.000151
0.035046,0.000151
0.035052,0.000151
0.035059,0.000151
0.035065,0.000151
0.035072,0.000151
0.035078,0.000151
0.035085,0.000151
0.035091,0.000151
0.035098,0.000151
0.035104,0.000151
0.035111,0.000151
0.035117,0.000151
0.035124,0.000151
0.035130,0.000151
0.035137,0.000151
0.035143,0.000151
0.035150,0.000151
0.035156,0.000151
0.035163,0.000151
0.035169,0.000151
0.035176,0.000151
0.035182,0.000151
0.035189,0.000151
0.035195,0.000151
0.035202,0.000151
0.035208,0.000151
0.035215,0.000151
0.035221,0.000151
0.035228,0.000151
0.035234,0.000151
0.035241,0.000151
0.035247,0.000151
0.035254,0.000151
0.035260,0.000151
0.035267,0.000151
0.035273,0.000151
0.035280,0.000151
0.035286,0.000151
0.035293,0.000151
0.035299,0.000151
0.035306,0.000151
0.035312,0.000151
0.035319,0.000151
0.035326,0.000151
0.035332,0.000151
0.035339,0.000151
0.035345,0.000151
0.035352,0.000151
0.035358,0.000151
0.035365,0.000151
0.035371,0.000151
0.035378,0.000151
0.035384,0.000151
0.035391,0.000151
0.035397,0.000151
0.035404,0.000151
0.035410,0.000151
0.035417,0.000151
0.035423,0.000151
0.035430,0.000151
0.035436,0.000151
0.035443,0.000151
0.035449,0.000151
0.035456,0.000151
0.035462,0.000151
0.035469,0.000151
0.035475,0.000151
0.035482,0.000151
0.035488,0.000151
0.035495,0.000151
0.035501,0.000151
0.035508,0.000151
0.035514,0.000151
0.035521,0.000151
0.035527,0.000151
0.035534,0.000151
0.035540,0.000151
0.035547,0.000151
0.035553,0.000151
0.035560,0.000151
0.035566,0.000151
0.035573,0.000151
0.035579,0.000151
0.035586,0.000151
0.035592,0.000151
0.035599,0.000151
0.035605,0.000151
0.035612,0.000151
0.035618,0.000151
0.035625,0.000151
0.035632,0.000151
0.035638,0.000151
0.035645,0.000151
0.035651,0.000151
0.035658,0.000151
0.035664,0.000151
0.035671,0.000151
0.035677,0.000151
0.035684,0.000151
0.035690,0.000151
0.035697,0.000151
0.035703,0.000151
0.035710,0.000151
0.035716,0.000151
0.035723,0.000151
0.035729,0.000151
0.035736,0.000151
0.035742,0.000151
0.035749,0.000151
0.035755,0.000151
0.035762,0.000151
0.035768,0.000151
0.035775,0.000151
0.035781,0.000151
0.035788,0.000151
0.035794,0.000151
0.035801,0.000151
0.035807,0.000151
0.035814,0.000151
0.035820,0.000151
0.035827,0.000151
0.035833,0.000151
0.035840,0.000151
0.035846,0.000151
0.035853,0.000151
0.035859,0.000151
0.035866,0.000151
0.035872,0.000151
0.035879,0.000151
0.035885,0.000151
0.035892,0.000151
0.035898,0.000151
0.035905,0.000151
0.035911,0.000151
0.035918,0.000151
0.035924,0.000151
0.035931,0.000151
0.035937,0.000151
0.035944,0.000151
0.035951,0.000151
0.035957,0.000151
0.035964,0.000151
0.035970,0.000151
0.035977,0.000151
0.035983,0.000151
0.035990,0.000151
0.035996,0.000151
0.036003,0.000151
0.036009,0.000151
0.036016,0.000151
0.036022,0.000151
0.036029,0.000151
0.036035,0.000151
0.036042,0.000151
0.036048,0.000151
0.036055,0.000151
0.036061,0.000151
0.036068,0.000151
0.036074,0.000151
0.036081,0.000151
0.036087,0.000151
0.036094,0.000151
0.036100,0.000151
0.036107,0.000151
0.036113,0.000151
0.036120,0.000151
0.036126,0.000151
0.036133,0.000151
0.036139,0.000151
0.036146,0.000151
0.036152,0.000151
0.036159,0.000151
0.036165,0.000151
0.036172,0.000151
0.036178,0.000151
0.036185,0.000151
0.036191,0.000151
0.036198,0.000151
0.036204,0.000151
0.036211,0.000151
0.036217,0.000151
0.036224,0.000151
0.036230,0.000151
0.036237,0.000151
0.036243,0.000151
0.036250,0.000151
0.036257,0.000151
0.036263,0.000151
0.036270,0.000151
0.036276,0.000151
0.036283,0.000151
0.036289,0.000151
0.036296,0.000151
0.036302,0.000151
0.036309,0.000151
0.036315,0.000151
0.036322,0.000151
0.036328,0.000151
0.036335,0.000151
0.036341,0.000151
0.036348,0.000151
0.036354,0.000151
0.036361,0.000151
0.036367,0.000151
0.036374,0.000151
0.036380,0.000151
0.036387,0.000151
0.036393,0.000151
0.036400,0.000151
0.036406,0.000151
0.036413,0.000151
0.036419,0.000151
0.036426,0.000151
0.036432,0.000151
0.036439,0.000151
0.036445,0.000151
0.036452,0.000151
0.036458,0.000151
0.036465,0.000151
0.036471,0.000151
0.036478,0.000151
0.036484,0.000151
0.036491,0.000151
0.036497,0.000151
0.036504,0.000151
0.036510,0.000151
0.036517,0.000151
0.036523,0.000151
0.036530,0.000151
0.036536,0.000151
0.036543,0.000151
0.036549,0.000151
0.036556,0.000151
0.036562,0.000151
0.036569,0.000151
0.036576,0.000151
0.036582,0.000151
0.036589,0.000151
0.036595,0.000151
0.036602,0.000151
0.036608,0.000151
0.036615,0.000151
0.036621,0.000151
0.036628,0.000151
0.036634,0.000151
0.036641,0.000151
0.036647,0.000151
0.036654,0.000151
0.036660,0.000151
0.036667,0.000151
0.036673,0.000151
0.036680,0.000151
0.036686,0.000151
0.036693,0.000151
0.036699,0.000151
0.036706,0.000151
0.036712,0.000151
0.036719,0.000151
0.036725,0.000151
0.036732,0.000151
0.036738,0.000151
0.036745,0.000151
0.036751,0.000151
0.036758,0.000151
0.036764,0.000151
0.036771,0.000151
0.036777,0.000151
0.036784,0.000151
0.036790,0.000151
0.036797,0.000151
0.036803,0.000151
0.036810,0.000151
0.036816,0.000151
0.036823,0.000151
0.036829,0.000151
0.036836,0.000151
0.036842,0.000151
0.036849,0.000151
0.036855,0.000151
0.036862,0.000151
0.036868,0.000151
0.036875,0.000151
0.036882,0.000151
0.036888,0.000151
0.036895,0.000151
0.036901,0.000151
0.036908,0.000151
0.036914,0.000151
0.036921,0.000151
0.036927,0.000151
0.036934,0.000151
0.036940,0.000151
0.036947,0.000151
0.036953,0.000151
0.036960,0.000151
0.036966,0.000151
0.036973,0.000151
0.036979,0.000151
0.036986,0.000151
0.036992,0.000151
0.036999,0.000151
0.037005,0.000151
0.037012,0.000151
0.037018,0.000151
0.037025,0.000151
0.037031,0.000151
0.037038,0.000151
0.037044,0.000151
0.037051,0.000151
0.037057,0.000151
0.037064,0.000151
0.037070,0.000151
0.037077,0.000151
0.037083,0.000151
0.037090,0.000151
0.037096,0.000151
0.037103,0.000151
0.037109,0.000151
0.037116,0.000151
0.037122,0.000151
0.037129,0.000151
0.037135,0.000151
0.037142,0.000151
0.037148,0.000151
0.037155,0.000151
0.037161,0.000151
0.037168,0.000151
0.037174,0.000151
0.037181,0.000151
0.037187,0.000151
0.037194,0.000151
0.037201,0.000151
0.037207,0.000151
0.037214,0.000151
0.037220,0.000151
0.037227,0.000151
0.037233,0.000151
0.037240,0.000151
0.037246,0.000151
0.037253,0.000151
0.037259,0.000151
0.037266,0.000151
0.037272,0.000151
0.037279,0.000151
0.037285,0.000151
0.037292,0.000151
0.037298,0.000151
0.037305,0.000151
0.037311,0.000151
0.037318,0.000151
0.037324,0.000151
0.037331,0.000151
0.037337,0.000151
0.037344,0.000151
0.037350,0.000151
0.037357,0.000151
0.037363,0.000151
0.037370,0.000151
0.037376,0.000151
0.037383,0.000151
0.037389,0.000151
0.037396,0.000151
0.037402,0.000151
0.037409,0.000151
0.037415,0.000151
0.037422,0.000151
0.037428,0.000151
0.037435,0.000151
0.037441,0.000151
0.037448,0.000151
0.037454,0.000151
0.037461,0.000151
0.037467,0.000151
0.037474,0.000151
0.037480,0.000151
0.037487,0.000151
0.037493,0.000151
0.037500,0.000151
0.037507,0.000151
0.037513,0.000151
0.037520,0.000151
0.037526,0.000151
0.037533,0.000151
0.037539,0.000151
0.037546,0.000151
0.037552,0.000151
0.037559,0.000151
0.037565,0.000151
0.037572,0.000151
0.037578,0.000151
0.037585,0.000151
0.037591,0.000151
0.037598,0.000151
0.037604,0.000151
0.037611,0.000151
0.037617,0.000151
0.037624,0.000151
0.037630,0.000151
0.037637,0.000151
0.037643,0.000151
0.037650,0.000151
0.037656,0.000151
0.037663,0.000151
0.037669,0.000151
0.037676,0.000151
0.037682,0.000151
0.037689,0.000151
0.037695,0.000151
0.037702,0.000151
0.037708,0.000151
0.037715,0.000151
0.037721,0.000151
0.037728,0.000151
0.037734,0.000151
0.037741,0.000151
0.037747,0.000151
0.037754,0.000151
0.037760,0.000151
0.037767,0.000151
0.037773,0.000151
0.037780,0.000151
0.037786,0.000151
0.037793,0.000151
0.037799,0.000151
0.037806,0.000151
0.037812,0.000151
0.037819,0.000151
0.037826,0.000151
0.037832,0.000151
0.037839,0.000151
0.037845,0.000151
0.037852,0.000151
0.037858,0.000151
0.037865,0.000151
0.037871,0.000151
0.037878,0.000151
0.037884,0.000151
0.037891,0.000151
0.037897,0.000151
0.037904,0.000151
0.037910,0.000151
0.037917,0.000151
0.037923,0.000151
0.037930,0.000151
0.037936,0.000151
0.037943,0.000151
0.037949,0.000151
0.037956,0.000151
0.037962,0.000151
0.037969,0.000151
0.037975,0.000151
0.037982,0.000151
0.037988,0.000151
0.037995,0.000151
0.038001,0.000151
0.038008,0.000151
0.038014,0.000151
0.038021,0.000151
0.038027,0.000151
0.038034,0.000151
0.038040,0.000151
0.038047,0.000151
0.038053,0.000151
0.038060,0.000151
0.038066,0.000151
0.038073,0.000151
0.038079,0.000151
0.038086,0.000151
0.038092,0.000151
0.038099,0.000151
0.038105,0.000151
0.038112,0.000151
0.038118,0.000151
0.038125,0.000151
0.038132,0.000151
0.038138,0.000151
0.038145,0.000151
0.038151,0.000151
0.038158,0.000151
0.038164,0.000151
0.038171,0.000151
0.038177,0.000151
0.038184,0.000151
0.038190,0.000151
0.038197,0.000151
0.038203,0.000151
0.038210,0.000151
0.038216,0.000151
0.038223,0.000151
0.038229,0.000151
0.038236,0.000151
0.038242,0.000151
0.038249,0.000151
0.038255,0.000151
0.038262,0.000151
0.038268,0.000151
0.038275,0.000151
0.038281,0.000151
0.038288,0.000151
0.038294,0.000151
0.038301,0.000151
0.038307,0.000151
0.038314,0.000151
0.038320,0.000151
0.038327,0.000151
0.038333,0.000151
0.038340,0.000151
0.038346,0.000151
0.038353,0.000151
0.038359,0.000151
0.038366,0.000151
0.038372,0.000151
0.038379,0.000151
0.038385,0.000151
0.038392,0.000151
0.038398,0.000151
0.038405,0.000151
0.038411,0.000151
0.038418,0.000151
0.038424,0.000151
0.038431,0.000151
0.038437,0.000151
0.038444,0.000151
0.038451,0.000151
0.038457,0.000151
0.038464,0.000151
0.038470,0.000151
0.038477,0.000151
0.038483,0.000151
0.038490,0.000151
0.038496,0.000151
0.038503,0.000151
0.038509,0.000151
0.038516,0.000151
0.038522,0.000151
0.038529,0.000151
0.038535,0.000151
0.038542,0.000151
0.038548,0.000151
0.038555,0.000151
0.038561,0.000151
0.038568,0.000151
0.038574,0.000151
0.038581,0.000151
0.038587,0.000151
0.038594,0.000151
0.038600,0.000151
0.038607,0.000151
0.038613,0.000151
0.038620,0.000151
0.038626,0.000151
0.038633,0.000151
0.038639,0.000151
0.038646,0.000151
0.038652,0.000151
0.038659,0.000151
0.038665,0.000151
